Customer_ID,Order_ID,Order_Date,Region,Customer_Segment,Quantity,Price_per_Unit,Revenue,COGS,Marketing_Cost,Profit
CUST-8270,ORD-0,2022-12-31,Europe,High Value,3,188.0,563.99,343.72,25.93,194.35
CUST-1860,ORD-1,2023-07-31,Asia,Low Value,1,321.25,321.25,198.6,71.74,50.9
CUST-6390,ORD-2,2022-11-22,North America,Low Value,5,265.61,1328.04,840.1,52.7,435.25
CUST-6191,ORD-3,2023-08-04,Asia,Mid Value,5,251.37,1256.84,570.74,19.58,666.52
CUST-6734,ORD-4,2023-09-25,Europe,Mid Value,3,323.54,970.62,675.25,63.99,231.37
CUST-7265,ORD-5,2023-09-13,North America,Mid Value,5,168.96,844.81,510.67,73.53,260.62
CUST-1466,ORD-6,2022-09-04,Asia,Low Value,3,327.5,982.5,534.86,47.78,399.86
CUST-5426,ORD-7,2023-03-10,Europe,Mid Value,4,342.97,1371.89,813.07,62.03,496.8
CUST-6578,ORD-8,2022-04-03,Europe,Mid Value,4,421.33,1685.34,833.58,64.61,787.15
CUST-9322,ORD-9,2022-09-25,Europe,Mid Value,1,370.63,370.63,189.7,64.06,116.88
CUST-2685,ORD-10,2023-09-07,Africa,Low Value,2,173.49,346.98,163.58,39.08,144.32
CUST-1769,ORD-11,2023-09-16,Africa,Low Value,2,236.38,472.77,316.66,60.5,95.61
CUST-7949,ORD-12,2022-11-17,North America,Mid Value,5,77.78,388.91,199.47,46.14,143.3
CUST-3433,ORD-13,2022-03-03,North America,Mid Value,2,143.5,287.0,182.23,36.1,68.68
CUST-6311,ORD-14,2022-10-27,North America,Low Value,4,270.05,1080.21,560.14,17.44,502.63
CUST-6051,ORD-15,2023-02-07,Africa,Low Value,1,68.37,68.37,33.26,73.18,-38.07
CUST-7420,ORD-16,2023-10-10,North America,Mid Value,4,293.89,1175.56,560.78,36.12,578.66
CUST-2184,ORD-17,2023-07-21,Europe,Mid Value,3,207.33,622.0,413.67,22.97,185.37
CUST-5555,ORD-18,2023-09-12,Europe,Mid Value,5,36.69,183.44,88.04,23.17,72.23
CUST-4385,ORD-19,2022-10-30,North America,Low Value,5,228.53,1142.67,539.1,23.16,580.42
CUST-7396,ORD-20,2022-09-10,North America,Mid Value,2,154.95,309.89,140.18,5.19,164.53
CUST-9666,ORD-21,2023-04-23,Africa,Low Value,3,52.15,156.45,84.73,37.87,33.85
CUST-3558,ORD-22,2023-01-04,Europe,High Value,2,160.82,321.64,220.54,71.8,29.3
CUST-8849,ORD-23,2023-11-10,Asia,Mid Value,2,161.17,322.33,218.27,6.89,97.17
CUST-3047,ORD-24,2022-06-09,Asia,High Value,2,190.44,380.87,182.35,76.74,121.78
CUST-3747,ORD-25,2022-06-15,Africa,Low Value,3,195.91,587.72,266.31,18.43,302.98
CUST-1189,ORD-26,2022-07-24,Africa,High Value,2,226.29,452.58,288.63,58.92,105.03
CUST-3734,ORD-27,2022-09-24,Africa,Mid Value,5,64.14,320.7,168.89,63.9,87.91
CUST-4005,ORD-28,2022-05-18,Europe,High Value,2,22.53,45.07,29.68,60.13,-44.75
CUST-5658,ORD-29,2023-01-03,North America,High Value,3,373.28,1119.85,564.24,30.44,525.17
CUST-2899,ORD-30,2023-03-19,North America,High Value,3,181.93,545.78,312.76,57.79,175.23
CUST-8734,ORD-31,2023-07-21,Africa,Low Value,4,314.53,1258.13,576.52,40.47,641.14
CUST-2267,ORD-32,2023-12-22,Europe,Mid Value,2,167.38,334.75,225.52,16.41,92.82
CUST-2528,ORD-33,2022-01-17,Asia,Low Value,3,492.41,1477.23,730.48,20.07,726.68
CUST-4556,ORD-34,2022-03-09,Africa,High Value,2,171.4,342.81,179.52,6.95,156.34
CUST-4890,ORD-35,2022-05-13,Europe,High Value,1,310.42,310.42,176.92,29.9,103.61
CUST-9838,ORD-36,2023-12-01,Africa,Low Value,5,125.59,627.93,325.15,59.6,243.18
CUST-6393,ORD-37,2023-03-06,Europe,Low Value,5,268.55,1342.73,617.71,77.68,647.34
CUST-9792,ORD-38,2022-11-04,Europe,High Value,2,298.08,596.16,272.61,15.02,308.53
CUST-9433,ORD-39,2023-10-12,Africa,Mid Value,5,107.76,538.78,371.11,31.5,136.17
CUST-8513,ORD-40,2022-06-23,North America,Low Value,5,79.35,396.77,210.83,18.61,167.33
CUST-3612,ORD-41,2023-02-16,Africa,High Value,1,487.33,487.33,260.04,62.07,165.22
CUST-8041,ORD-42,2022-04-07,North America,High Value,5,448.77,2243.84,1527.44,73.97,642.43
CUST-7235,ORD-43,2023-11-14,North America,Mid Value,5,336.83,1684.16,1109.93,13.55,560.68
CUST-6486,ORD-44,2022-06-03,Asia,High Value,3,433.31,1299.92,808.21,72.77,418.94
CUST-8099,ORD-45,2023-11-26,Europe,Low Value,5,65.87,329.34,202.42,25.36,101.56
CUST-1775,ORD-46,2022-08-30,Africa,High Value,2,370.1,740.2,481.33,21.73,237.14
CUST-9226,ORD-47,2022-10-31,Europe,High Value,5,157.09,785.45,386.61,9.25,389.59
CUST-4152,ORD-48,2022-10-12,Asia,High Value,2,278.96,557.91,343.71,11.04,203.17
CUST-2585,ORD-49,2022-01-27,North America,High Value,5,387.11,1935.55,918.61,10.19,1006.75
CUST-4943,ORD-50,2023-02-06,Africa,Mid Value,2,36.07,72.14,34.74,38.48,-1.09
CUST-8555,ORD-51,2022-12-26,Europe,Low Value,5,353.52,1767.61,902.7,54.4,810.51
CUST-4073,ORD-52,2022-03-01,Asia,High Value,2,228.74,457.47,287.04,18.83,151.6
CUST-2021,ORD-53,2022-07-21,North America,Low Value,5,231.04,1155.21,777.62,21.32,356.27
CUST-4843,ORD-54,2023-08-04,North America,Mid Value,1,455.49,455.49,283.63,17.97,153.89
CUST-8989,ORD-55,2023-01-05,Europe,Low Value,3,432.67,1298.02,719.31,65.49,513.22
CUST-7873,ORD-56,2023-06-17,North America,Mid Value,3,47.62,142.85,82.63,15.29,44.93
CUST-6675,ORD-57,2022-06-01,Asia,Low Value,3,316.79,950.37,596.91,10.51,342.96
CUST-1161,ORD-58,2022-04-12,North America,Low Value,3,229.21,687.62,414.85,7.75,265.01
CUST-5297,ORD-59,2023-08-30,Africa,High Value,1,76.55,76.55,44.58,8.01,23.96
CUST-1995,ORD-60,2023-03-22,Africa,Low Value,1,428.5,428.5,218.19,46.0,164.31
CUST-8629,ORD-61,2022-08-17,Europe,High Value,5,54.33,271.63,164.13,12.05,95.45
CUST-2016,ORD-62,2022-05-05,Asia,High Value,1,35.41,35.41,16.1,21.68,-2.37
CUST-8869,ORD-63,2022-08-24,North America,Low Value,3,114.81,344.42,203.21,67.45,73.76
CUST-7439,ORD-64,2022-06-11,North America,High Value,4,165.62,662.49,434.05,77.61,150.83
CUST-8892,ORD-65,2023-07-08,North America,Low Value,5,49.22,246.11,121.81,69.56,54.74
CUST-7863,ORD-66,2022-12-19,Africa,High Value,2,327.83,655.66,313.77,76.97,264.92
CUST-8916,ORD-67,2022-03-09,Asia,High Value,3,229.83,689.5,477.52,55.28,156.7
CUST-9529,ORD-68,2022-06-22,North America,Mid Value,3,217.85,653.55,431.91,79.04,142.6
CUST-1878,ORD-69,2023-09-29,Europe,Mid Value,3,89.76,269.29,141.51,42.23,85.55
CUST-5887,ORD-70,2023-11-13,Asia,Low Value,1,230.14,230.14,115.56,64.6,49.97
CUST-5859,ORD-71,2023-07-13,Asia,High Value,2,207.28,414.56,221.17,77.87,115.51
CUST-7331,ORD-72,2022-09-18,North America,Mid Value,5,204.15,1020.74,569.38,58.2,393.17
CUST-9571,ORD-73,2022-08-05,Africa,Mid Value,3,124.91,374.74,245.55,76.75,52.43
CUST-9684,ORD-74,2022-05-04,Asia,Mid Value,2,65.33,130.66,66.61,24.02,40.03
CUST-8208,ORD-75,2022-06-11,Europe,High Value,4,145.14,580.56,365.87,27.52,187.16
CUST-6276,ORD-76,2022-07-20,Asia,Low Value,1,340.29,340.29,232.19,34.79,73.31
CUST-3062,ORD-77,2023-03-30,Africa,High Value,3,55.0,165.01,89.91,39.84,35.26
CUST-1064,ORD-78,2023-02-06,Europe,High Value,2,203.52,407.03,185.81,72.31,148.91
CUST-9006,ORD-79,2023-04-07,Africa,Mid Value,2,266.9,533.8,350.66,71.59,111.56
CUST-3568,ORD-80,2022-10-02,North America,High Value,3,482.31,1446.94,907.38,54.35,485.21
CUST-6463,ORD-81,2022-07-25,Asia,High Value,2,425.04,850.07,414.21,22.42,413.44
CUST-3027,ORD-82,2022-02-09,Europe,Mid Value,2,459.97,919.95,551.26,23.03,345.66
CUST-3695,ORD-83,2022-09-30,Africa,Mid Value,5,413.6,2068.0,1357.03,52.38,658.59
CUST-6258,ORD-84,2023-12-01,North America,High Value,1,302.77,302.77,149.95,42.75,110.07
CUST-6618,ORD-85,2022-04-03,Europe,Mid Value,5,433.18,2165.89,1095.34,24.39,1046.15
CUST-7736,ORD-86,2022-02-11,Asia,Low Value,1,291.32,291.32,145.79,17.62,127.91
CUST-1391,ORD-87,2023-04-10,Asia,Low Value,1,191.72,191.72,134.08,59.2,-1.56
CUST-6892,ORD-88,2023-01-14,Africa,Low Value,5,198.72,993.62,504.14,65.99,423.48
CUST-4561,ORD-89,2022-04-17,Europe,Low Value,3,291.42,874.26,451.76,24.6,397.91
CUST-7184,ORD-90,2022-11-24,North America,Low Value,2,408.53,817.06,377.47,36.87,402.73
CUST-4099,ORD-91,2022-03-06,North America,Mid Value,4,84.15,336.61,234.22,58.51,43.88
CUST-7278,ORD-92,2022-12-31,North America,Mid Value,5,38.85,194.24,99.39,40.19,54.66
CUST-9392,ORD-93,2023-04-29,Africa,Low Value,5,398.99,1994.96,1259.44,77.09,658.43
CUST-4104,ORD-94,2023-10-09,North America,Low Value,3,330.84,992.53,453.18,14.72,524.63
CUST-8215,ORD-95,2022-01-24,Europe,Low Value,2,414.23,828.46,535.06,69.08,224.32
CUST-3454,ORD-96,2023-06-24,Africa,Mid Value,5,488.8,2444.02,1558.44,27.96,857.63
CUST-9996,ORD-97,2022-03-03,Asia,Mid Value,4,140.67,562.68,265.04,56.53,241.11
CUST-3731,ORD-98,2023-05-06,Africa,High Value,2,113.26,226.52,108.88,24.03,93.62
CUST-9154,ORD-99,2022-09-30,Africa,High Value,5,183.67,918.35,481.01,77.49,359.85
CUST-6056,ORD-100,2022-08-17,Africa,High Value,5,441.42,2207.11,1188.9,8.76,1009.45
CUST-9110,ORD-101,2022-01-20,Europe,High Value,1,26.7,26.7,17.25,43.52,-34.06
CUST-4840,ORD-102,2022-01-03,Asia,Mid Value,1,25.06,25.06,11.66,73.29,-59.89
CUST-2028,ORD-103,2023-02-25,Asia,Mid Value,5,124.06,620.29,379.96,40.24,200.09
CUST-8385,ORD-104,2023-12-31,Africa,Mid Value,3,200.44,601.32,304.95,68.03,228.34
CUST-1502,ORD-105,2022-11-03,Africa,Mid Value,1,165.13,165.13,90.1,76.24,-1.21
CUST-7910,ORD-106,2023-03-08,Africa,Low Value,5,415.96,2079.8,937.06,10.09,1132.66
CUST-7938,ORD-107,2022-05-16,Europe,High Value,2,351.07,702.13,367.06,41.66,293.41
CUST-5488,ORD-108,2023-05-30,Europe,Mid Value,4,422.16,1688.64,832.22,56.48,799.94
CUST-1206,ORD-109,2022-07-12,North America,Mid Value,1,204.2,204.2,117.62,67.41,19.17
CUST-6134,ORD-110,2023-08-08,Asia,High Value,5,305.99,1529.94,748.98,17.24,763.73
CUST-6977,ORD-111,2023-02-19,North America,Mid Value,1,267.42,267.42,176.22,47.51,43.69
CUST-8721,ORD-112,2022-04-28,North America,Low Value,2,247.87,495.74,332.5,17.22,146.01
CUST-8035,ORD-113,2023-10-28,Africa,Mid Value,3,158.29,474.87,314.04,61.65,99.17
CUST-2484,ORD-114,2022-07-28,Europe,High Value,5,360.43,1802.13,1253.29,26.35,522.49
CUST-8858,ORD-115,2022-02-03,North America,Low Value,2,271.53,543.07,368.56,25.16,149.35
CUST-1863,ORD-116,2023-10-11,North America,Low Value,4,57.73,230.92,120.06,62.74,48.12
CUST-3790,ORD-117,2022-11-14,North America,High Value,5,20.25,101.25,53.52,68.15,-20.42
CUST-8408,ORD-118,2022-04-30,Africa,High Value,4,29.75,119.01,69.4,30.75,18.86
CUST-9755,ORD-119,2023-09-19,Africa,Low Value,3,56.46,169.37,92.52,42.58,34.27
CUST-6116,ORD-120,2023-06-09,Europe,Mid Value,5,198.06,990.29,685.75,57.01,247.53
CUST-7019,ORD-121,2023-08-04,North America,High Value,5,166.72,833.6,445.88,60.89,326.83
CUST-2757,ORD-122,2022-03-30,North America,Low Value,2,95.19,190.38,120.89,62.76,6.72
CUST-8574,ORD-123,2023-05-27,Europe,High Value,1,267.42,267.42,158.8,34.28,74.33
CUST-7374,ORD-124,2022-02-16,Europe,Mid Value,5,485.69,2428.44,1673.48,45.23,709.73
CUST-7892,ORD-125,2023-11-23,Europe,Mid Value,3,97.13,291.4,185.37,13.22,92.82
CUST-2678,ORD-126,2023-06-06,Asia,Low Value,5,140.28,701.42,368.88,76.14,256.39
CUST-4242,ORD-127,2022-10-11,Europe,Mid Value,5,241.81,1209.05,603.64,57.61,547.8
CUST-5636,ORD-128,2023-01-12,Africa,Mid Value,5,327.6,1638.02,1087.08,33.17,517.77
CUST-2059,ORD-129,2023-09-30,Asia,Mid Value,5,308.12,1540.6,1044.15,34.22,462.23
CUST-7668,ORD-130,2022-05-14,Europe,High Value,3,270.18,810.53,533.14,11.79,265.6
CUST-4157,ORD-131,2023-10-29,Africa,Low Value,2,373.89,747.78,474.36,39.27,234.15
CUST-6915,ORD-132,2022-09-05,Europe,Low Value,1,426.05,426.05,225.99,55.48,144.58
CUST-3693,ORD-133,2023-10-14,Europe,Low Value,3,499.5,1498.51,863.66,76.44,558.41
CUST-4627,ORD-134,2022-11-14,Asia,Mid Value,3,243.45,730.34,495.84,53.57,180.92
CUST-6450,ORD-135,2023-03-12,Africa,High Value,4,497.58,1990.32,962.76,53.8,973.75
CUST-2663,ORD-136,2022-06-25,North America,Low Value,1,370.64,370.64,212.65,63.98,94.01
CUST-6592,ORD-137,2023-11-17,Europe,High Value,2,335.52,671.05,361.61,43.24,266.2
CUST-8392,ORD-138,2023-08-09,Asia,Low Value,2,327.05,654.1,405.13,7.41,241.56
CUST-2306,ORD-139,2022-12-17,Africa,Mid Value,4,457.16,1828.63,1112.75,71.74,644.14
CUST-7776,ORD-140,2022-05-23,Europe,Low Value,4,475.01,1900.03,1121.05,35.19,743.8
CUST-6864,ORD-141,2023-02-02,North America,Low Value,3,105.68,317.03,164.83,78.85,73.36
CUST-8526,ORD-142,2023-09-16,Africa,Mid Value,2,256.84,513.69,251.65,35.48,226.56
CUST-9901,ORD-143,2023-12-19,Africa,Mid Value,2,471.9,943.79,609.77,55.13,278.9
CUST-6575,ORD-144,2023-10-05,Asia,Low Value,2,203.41,406.83,283.94,39.49,83.4
CUST-6530,ORD-145,2023-01-04,Europe,High Value,3,131.68,395.05,194.47,22.43,178.15
CUST-5413,ORD-146,2023-05-16,Europe,Mid Value,2,69.27,138.55,64.97,74.81,-1.23
CUST-4748,ORD-147,2023-09-14,Africa,Low Value,5,306.66,1533.32,975.86,52.04,505.43
CUST-1663,ORD-148,2023-01-05,Europe,Mid Value,4,356.13,1424.52,763.49,38.79,622.24
CUST-2998,ORD-149,2023-08-02,Africa,High Value,4,113.86,455.45,229.21,15.81,210.43
CUST-8994,ORD-150,2023-01-17,North America,Low Value,4,343.35,1373.39,798.32,79.93,495.13
CUST-2495,ORD-151,2022-03-27,Asia,Low Value,4,451.82,1807.27,1118.34,72.14,616.79
CUST-4304,ORD-152,2023-04-05,Europe,High Value,5,136.92,684.59,344.84,36.71,303.05
CUST-4763,ORD-153,2022-11-21,Europe,High Value,1,78.56,78.56,54.88,17.86,5.82
CUST-6232,ORD-154,2023-06-06,Asia,Low Value,2,421.0,842.01,447.99,7.23,386.79
CUST-2853,ORD-155,2023-05-04,North America,High Value,4,459.89,1839.58,972.65,16.39,850.53
CUST-7585,ORD-156,2023-02-01,North America,High Value,2,123.13,246.27,136.86,45.08,64.32
CUST-2291,ORD-157,2022-12-21,North America,Low Value,2,366.26,732.53,466.07,66.18,200.27
CUST-4581,ORD-158,2022-10-15,North America,Mid Value,5,303.64,1518.21,1014.64,32.26,471.3
CUST-8554,ORD-159,2023-04-04,North America,High Value,2,134.81,269.63,143.17,37.55,88.91
CUST-8280,ORD-160,2023-09-16,Africa,Mid Value,4,415.36,1661.42,796.96,40.5,823.96
CUST-2636,ORD-161,2023-06-20,Europe,Mid Value,2,245.81,491.62,252.71,6.32,232.59
CUST-4696,ORD-162,2022-10-18,Europe,Mid Value,5,356.16,1780.8,838.88,18.28,923.64
CUST-1698,ORD-163,2022-06-17,Europe,High Value,4,164.68,658.73,400.24,42.57,215.93
CUST-5737,ORD-164,2023-09-13,Africa,Low Value,5,411.58,2057.88,1307.11,25.95,724.81
CUST-1854,ORD-165,2023-03-04,Asia,Low Value,3,146.86,440.57,245.54,44.25,150.78
CUST-9164,ORD-166,2023-12-03,North America,Low Value,1,195.1,195.1,134.27,13.11,47.72
CUST-6855,ORD-167,2023-05-05,Asia,Low Value,2,207.91,415.81,262.74,65.21,87.86
CUST-8392,ORD-168,2022-12-21,North America,Low Value,2,119.08,238.17,129.78,63.78,44.61
CUST-7528,ORD-169,2022-07-15,North America,Low Value,2,439.7,879.39,418.2,55.24,405.96
CUST-6249,ORD-170,2023-06-29,Asia,Mid Value,3,74.47,223.42,128.12,44.86,50.45
CUST-6172,ORD-171,2023-12-18,Europe,Mid Value,1,290.3,290.3,167.2,34.24,88.86
CUST-2707,ORD-172,2023-11-25,Africa,Mid Value,5,410.79,2053.96,1207.0,56.2,790.76
CUST-6791,ORD-173,2023-10-21,Asia,High Value,3,298.83,896.5,556.38,63.64,276.49
CUST-6535,ORD-174,2022-01-11,Europe,High Value,3,176.91,530.73,273.91,65.64,191.18
CUST-5931,ORD-175,2023-08-05,North America,High Value,4,395.05,1580.2,712.07,31.07,837.06
CUST-4510,ORD-176,2022-09-13,Europe,Low Value,3,259.61,778.82,508.73,19.55,250.54
CUST-1202,ORD-177,2023-01-31,North America,Mid Value,3,98.25,294.74,193.31,30.64,70.79
CUST-5218,ORD-178,2023-02-13,North America,High Value,2,172.09,344.19,233.33,5.58,105.28
CUST-9958,ORD-179,2022-12-28,Europe,Mid Value,4,304.13,1216.52,842.15,36.74,337.63
CUST-5389,ORD-180,2022-09-16,North America,Low Value,5,336.21,1681.06,823.37,25.51,832.18
CUST-3327,ORD-181,2022-01-03,Africa,Mid Value,1,283.1,283.1,152.44,64.25,66.41
CUST-9004,ORD-182,2022-03-25,Europe,Low Value,5,150.56,752.82,499.0,55.61,198.21
CUST-3931,ORD-183,2022-06-05,Asia,High Value,4,305.0,1220.01,833.87,6.95,379.18
CUST-8777,ORD-184,2023-10-25,North America,Low Value,2,179.58,359.15,162.92,15.82,180.41
CUST-1197,ORD-185,2022-06-25,North America,Low Value,1,127.96,127.96,69.98,45.66,12.32
CUST-8125,ORD-186,2023-12-08,Africa,Mid Value,5,473.85,2369.27,1133.33,51.36,1184.58
CUST-2930,ORD-187,2023-04-17,Africa,Low Value,1,171.14,171.14,110.75,62.67,-2.27
CUST-7287,ORD-188,2023-09-11,Asia,High Value,1,181.1,181.1,115.32,77.62,-11.84
CUST-9800,ORD-189,2023-02-28,North America,High Value,1,450.45,450.45,287.65,57.64,105.16
CUST-5282,ORD-190,2022-05-14,Asia,Low Value,3,88.49,265.48,145.36,45.87,74.25
CUST-3511,ORD-191,2023-01-15,Asia,Mid Value,4,300.61,1202.42,663.21,36.08,503.13
CUST-1659,ORD-192,2023-10-29,North America,High Value,4,396.18,1584.72,816.87,60.36,707.49
CUST-3811,ORD-193,2022-10-04,Asia,High Value,2,151.36,302.72,163.54,75.11,64.08
CUST-8098,ORD-194,2022-08-24,Asia,Low Value,5,425.16,2125.79,1479.06,36.72,610.01
CUST-7546,ORD-195,2022-01-13,Africa,Low Value,2,389.43,778.86,359.56,48.85,370.46
CUST-2986,ORD-196,2022-12-08,Africa,High Value,5,253.33,1266.63,672.58,20.53,573.52
CUST-9338,ORD-197,2022-02-04,Asia,Low Value,1,76.98,76.98,49.85,69.31,-42.17
CUST-3911,ORD-198,2023-07-13,North America,Low Value,5,485.65,2428.26,1324.82,58.51,1044.92
CUST-2734,ORD-199,2022-08-02,Africa,High Value,5,319.63,1598.15,1098.72,31.6,467.83
CUST-2843,ORD-200,2023-02-16,Asia,Mid Value,1,268.21,268.21,142.96,70.55,54.69
CUST-9680,ORD-201,2023-02-09,Europe,Mid Value,2,445.02,890.03,589.59,77.81,222.63
CUST-3976,ORD-202,2023-05-09,Europe,High Value,5,222.25,1111.25,726.51,26.64,358.11
CUST-2959,ORD-203,2023-10-20,Asia,Low Value,2,290.55,581.1,262.83,19.0,299.27
CUST-6759,ORD-204,2022-06-08,Europe,High Value,2,432.04,864.08,475.89,67.39,320.8
CUST-7694,ORD-205,2023-09-29,Africa,High Value,4,208.63,834.51,434.08,48.68,351.75
CUST-3385,ORD-206,2022-04-20,North America,Low Value,1,390.75,390.75,222.69,71.33,96.73
CUST-5736,ORD-207,2023-07-03,Asia,Mid Value,1,142.95,142.95,80.86,31.06,31.02
CUST-2802,ORD-208,2023-06-10,Africa,Mid Value,3,357.14,1071.41,724.68,48.59,298.13
CUST-9155,ORD-209,2022-12-13,North America,Low Value,2,265.01,530.02,262.83,48.29,218.89
CUST-9120,ORD-210,2023-09-28,Europe,High Value,3,99.16,297.47,147.41,19.12,130.94
CUST-7616,ORD-211,2022-10-06,Europe,Low Value,1,85.28,85.28,40.68,79.39,-34.79
CUST-6534,ORD-212,2023-04-24,Europe,High Value,1,239.69,239.69,152.12,54.8,32.76
CUST-5061,ORD-213,2022-04-21,Europe,Low Value,3,361.21,1083.62,736.28,54.81,292.53
CUST-1262,ORD-214,2023-09-28,Africa,Low Value,1,309.58,309.58,167.83,27.27,114.48
CUST-7287,ORD-215,2023-03-07,Africa,Mid Value,1,430.27,430.27,200.27,53.78,176.22
CUST-9815,ORD-216,2023-06-26,North America,Mid Value,4,207.04,828.15,404.97,67.47,355.71
CUST-3049,ORD-217,2022-04-25,Asia,Low Value,5,424.95,2124.74,1010.52,66.01,1048.21
CUST-6423,ORD-218,2022-03-31,North America,Low Value,4,37.77,151.09,90.37,73.98,-13.25
CUST-5548,ORD-219,2022-07-31,Asia,Mid Value,5,195.59,977.93,509.09,16.15,452.69
CUST-4108,ORD-220,2023-07-04,Europe,High Value,4,55.03,220.13,148.45,18.71,52.97
CUST-8158,ORD-221,2023-08-18,Europe,Mid Value,4,461.24,1844.95,905.08,58.26,881.61
CUST-8400,ORD-222,2023-06-23,Europe,High Value,2,248.15,496.3,338.74,65.58,91.98
CUST-4170,ORD-223,2023-12-30,Europe,Mid Value,3,171.76,515.27,274.73,55.57,184.96
CUST-3255,ORD-224,2022-12-26,Africa,Mid Value,4,256.39,1025.58,683.88,15.71,325.98
CUST-2154,ORD-225,2023-05-01,North America,High Value,2,275.77,551.53,379.04,49.62,122.87
CUST-5499,ORD-226,2023-01-07,Asia,Low Value,4,426.19,1704.77,1187.52,61.13,456.11
CUST-7295,ORD-227,2022-08-03,Asia,Mid Value,3,280.37,841.1,547.47,15.27,278.35
CUST-7197,ORD-228,2022-01-15,Africa,Mid Value,2,227.06,454.13,215.9,9.19,229.04
CUST-2648,ORD-229,2022-09-16,Europe,Mid Value,5,481.45,2407.25,1116.59,24.11,1266.55
CUST-6539,ORD-230,2023-04-08,North America,Low Value,3,484.91,1454.72,923.65,11.81,519.27
CUST-5199,ORD-231,2022-04-30,Europe,Mid Value,1,38.44,38.44,25.92,16.14,-3.62
CUST-9445,ORD-232,2022-05-08,Africa,Low Value,2,359.29,718.57,353.19,20.25,345.13
CUST-3557,ORD-233,2023-12-24,Asia,Mid Value,1,198.44,198.44,135.99,44.8,17.65
CUST-6592,ORD-234,2023-06-07,Africa,High Value,2,344.1,688.19,414.67,16.69,256.83
CUST-1098,ORD-235,2023-11-19,Asia,Mid Value,5,325.72,1628.61,783.37,50.35,794.9
CUST-3200,ORD-236,2023-10-07,North America,Mid Value,2,178.45,356.9,175.51,26.8,154.59
CUST-3961,ORD-237,2022-11-21,Asia,Low Value,4,493.6,1974.38,921.03,28.29,1025.06
CUST-5973,ORD-238,2022-11-16,North America,Low Value,1,191.41,191.41,92.99,77.55,20.87
CUST-5433,ORD-239,2023-05-21,Europe,Low Value,1,323.35,323.35,204.69,65.39,53.27
CUST-3869,ORD-240,2023-06-10,Europe,High Value,2,410.43,820.85,414.28,36.81,369.76
CUST-1956,ORD-241,2022-02-19,Africa,High Value,4,89.82,359.29,212.13,38.56,108.6
CUST-9352,ORD-242,2023-08-07,North America,Low Value,4,164.27,657.09,414.15,13.61,229.34
CUST-6699,ORD-243,2022-03-10,Europe,High Value,2,115.51,231.01,155.66,68.34,7.01
CUST-7944,ORD-244,2023-01-26,North America,Low Value,3,395.27,1185.82,708.51,5.3,472.02
CUST-5493,ORD-245,2023-01-18,Europe,High Value,5,404.58,2022.9,1198.43,15.84,808.64
CUST-5911,ORD-246,2022-01-16,Europe,Low Value,2,142.85,285.71,193.77,45.05,46.88
CUST-4987,ORD-247,2023-03-15,Asia,Low Value,4,21.98,87.93,46.05,19.13,22.75
CUST-7015,ORD-248,2023-07-22,Africa,High Value,5,223.21,1116.04,559.05,52.46,504.53
CUST-2218,ORD-249,2023-09-09,Asia,Mid Value,2,349.83,699.65,467.51,5.27,226.87
CUST-5496,ORD-250,2022-05-12,North America,Low Value,5,318.8,1594.01,747.0,12.38,834.62
CUST-5735,ORD-251,2023-07-14,Europe,Low Value,3,233.94,701.81,349.09,62.35,290.36
CUST-5555,ORD-252,2022-09-05,Africa,Mid Value,4,164.93,659.73,364.71,48.24,246.78
CUST-9050,ORD-253,2022-09-30,Europe,Low Value,3,247.71,743.12,401.52,6.46,335.14
CUST-4446,ORD-254,2023-09-15,Europe,Low Value,3,27.25,81.75,51.22,20.44,10.09
CUST-2045,ORD-255,2022-12-15,Asia,High Value,4,55.46,221.83,104.92,22.92,93.99
CUST-7893,ORD-256,2023-04-29,North America,Mid Value,3,98.08,294.25,167.52,68.68,58.06
CUST-2693,ORD-257,2023-07-04,Africa,Low Value,2,320.19,640.39,417.62,48.69,174.08
CUST-4436,ORD-258,2022-12-23,Africa,Low Value,2,125.02,250.05,155.24,45.61,49.2
CUST-9754,ORD-259,2022-11-14,Africa,Mid Value,5,223.22,1116.11,678.5,11.5,426.11
CUST-6895,ORD-260,2023-09-25,North America,Mid Value,2,318.28,636.55,324.54,54.27,257.74
CUST-4354,ORD-261,2022-02-17,Africa,High Value,2,418.68,837.35,459.21,16.69,361.45
CUST-1225,ORD-262,2022-01-10,North America,High Value,5,283.84,1419.18,702.75,44.13,672.3
CUST-5893,ORD-263,2022-08-21,Africa,High Value,1,105.02,105.02,60.62,49.45,-5.05
CUST-8022,ORD-264,2022-02-05,Europe,Low Value,4,476.83,1907.34,1136.85,68.14,702.34
CUST-6600,ORD-265,2023-02-17,North America,Mid Value,2,63.21,126.41,76.83,65.48,-15.9
CUST-8996,ORD-266,2023-04-07,Asia,High Value,5,196.22,981.09,656.34,19.26,305.49
CUST-8683,ORD-267,2022-01-04,Africa,Mid Value,3,462.24,1386.71,645.45,73.71,667.54
CUST-5642,ORD-268,2022-02-13,Asia,Low Value,3,309.12,927.36,507.34,5.21,414.82
CUST-8679,ORD-269,2023-07-22,North America,Low Value,2,338.07,676.15,404.16,29.76,242.23
CUST-9208,ORD-270,2023-07-08,Europe,Mid Value,4,164.81,659.25,390.63,9.98,258.65
CUST-8339,ORD-271,2022-09-12,Asia,Mid Value,5,57.7,288.49,131.39,59.07,98.03
CUST-3205,ORD-272,2022-04-24,Asia,High Value,5,195.57,977.83,486.3,42.52,449.01
CUST-2069,ORD-273,2023-02-01,Europe,Mid Value,5,213.04,1065.18,704.55,18.12,342.51
CUST-4444,ORD-274,2022-06-23,Europe,High Value,5,149.73,748.65,433.36,11.38,303.91
CUST-2060,ORD-275,2022-09-12,North America,Mid Value,5,123.43,617.16,341.53,21.96,253.68
CUST-3327,ORD-276,2023-04-11,Africa,Mid Value,4,190.64,762.58,514.77,74.06,173.75
CUST-4420,ORD-277,2022-10-04,Asia,Mid Value,5,326.92,1634.6,766.2,55.82,812.58
CUST-1301,ORD-278,2023-04-09,Asia,Low Value,4,475.54,1902.15,1294.56,23.17,584.42
CUST-1606,ORD-279,2023-05-17,North America,Low Value,4,357.81,1431.26,654.01,72.03,705.22
CUST-4170,ORD-280,2023-03-17,Africa,Low Value,4,394.21,1576.84,931.39,15.24,630.21
CUST-1699,ORD-281,2022-03-10,North America,High Value,3,166.91,500.74,294.82,56.63,149.28
CUST-6088,ORD-282,2023-05-24,Asia,High Value,1,70.25,70.25,42.84,36.86,-9.45
CUST-1190,ORD-283,2022-11-22,Asia,Low Value,2,159.93,319.85,146.3,25.12,148.43
CUST-1980,ORD-284,2022-03-08,Europe,Low Value,3,213.27,639.82,372.78,24.67,242.37
CUST-3975,ORD-285,2022-10-31,Europe,Mid Value,1,351.14,351.14,167.99,42.56,140.59
CUST-7102,ORD-286,2023-04-29,Africa,Mid Value,3,470.89,1412.68,690.79,74.86,647.02
CUST-2184,ORD-287,2023-07-02,Asia,High Value,4,408.46,1633.84,823.19,60.67,749.97
CUST-4327,ORD-288,2023-02-21,Asia,High Value,4,147.87,591.49,356.84,54.66,179.99
CUST-4394,ORD-289,2022-06-08,Europe,Mid Value,5,413.74,2068.72,1132.67,70.66,865.39
CUST-9319,ORD-290,2022-05-29,North America,High Value,4,217.64,870.55,410.32,47.78,412.46
CUST-2816,ORD-291,2022-01-27,North America,Low Value,3,104.21,312.63,163.27,19.4,129.96
CUST-6854,ORD-292,2023-08-07,Asia,Mid Value,2,241.4,482.8,226.51,78.29,178.01
CUST-7709,ORD-293,2022-09-05,Asia,Mid Value,4,290.35,1161.38,715.45,45.11,400.83
CUST-1569,ORD-294,2022-04-11,Africa,High Value,1,386.43,386.43,227.75,28.65,130.04
CUST-6442,ORD-295,2023-12-03,Africa,Mid Value,3,187.95,563.85,311.2,63.36,189.29
CUST-2895,ORD-296,2022-04-06,Europe,Mid Value,1,90.45,90.45,61.68,39.8,-11.03
CUST-3733,ORD-297,2023-01-19,Asia,Low Value,5,65.29,326.45,189.24,5.93,131.28
CUST-4863,ORD-298,2022-10-09,North America,Mid Value,5,73.97,369.87,248.51,29.0,92.36
CUST-8455,ORD-299,2022-11-18,Africa,Mid Value,2,476.01,952.02,566.24,39.29,346.5
CUST-5014,ORD-300,2023-01-31,Europe,Mid Value,3,476.84,1430.52,778.49,32.95,619.09
CUST-2686,ORD-301,2022-10-05,Europe,Mid Value,2,485.0,970.01,567.21,46.38,356.41
CUST-4009,ORD-302,2023-06-13,North America,Low Value,1,165.19,165.19,80.61,18.75,65.83
CUST-8806,ORD-303,2022-09-20,Africa,Mid Value,2,111.97,223.95,138.56,47.93,37.46
CUST-1154,ORD-304,2023-09-11,North America,Low Value,1,490.84,490.84,341.39,78.99,70.45
CUST-2409,ORD-305,2023-08-03,Europe,Low Value,2,494.37,988.73,506.09,61.54,421.1
CUST-1784,ORD-306,2023-10-02,Asia,Low Value,5,57.61,288.04,152.89,56.34,78.81
CUST-9096,ORD-307,2022-10-20,North America,High Value,3,381.21,1143.64,630.74,20.05,492.85
CUST-8560,ORD-308,2022-10-21,Europe,High Value,2,158.56,317.12,181.03,48.63,87.45
CUST-8343,ORD-309,2023-08-31,Asia,Mid Value,1,456.46,456.46,287.47,66.48,102.52
CUST-8206,ORD-310,2023-01-30,Asia,Low Value,3,62.83,188.48,91.26,23.05,74.18
CUST-6596,ORD-311,2023-05-28,Africa,High Value,5,446.52,2232.59,1173.48,11.51,1047.59
CUST-6801,ORD-312,2022-06-29,Africa,Mid Value,5,21.26,106.29,62.14,54.63,-10.49
CUST-3806,ORD-313,2023-11-24,Europe,High Value,4,270.55,1082.2,646.5,55.52,380.18
CUST-1537,ORD-314,2022-08-23,North America,Low Value,3,181.07,543.21,317.32,65.33,160.56
CUST-6986,ORD-315,2022-12-03,Asia,Mid Value,2,225.12,450.24,251.63,52.22,146.4
CUST-2841,ORD-316,2022-01-08,Africa,Low Value,5,228.22,1141.08,716.45,68.61,356.03
CUST-9716,ORD-317,2023-03-19,Africa,Low Value,2,333.73,667.46,334.48,24.96,308.03
CUST-7971,ORD-318,2023-06-23,North America,High Value,2,31.09,62.17,32.37,7.65,22.15
CUST-6625,ORD-319,2023-10-20,Africa,Mid Value,1,351.85,351.85,197.43,59.96,94.46
CUST-3950,ORD-320,2022-04-01,Europe,Mid Value,2,30.66,61.31,38.25,33.95,-10.89
CUST-8992,ORD-321,2022-09-29,North America,Mid Value,4,108.93,435.73,205.05,20.72,209.96
CUST-5780,ORD-322,2022-01-05,Asia,High Value,3,311.24,933.71,447.17,8.87,477.67
CUST-3368,ORD-323,2023-08-17,Europe,Mid Value,3,61.49,184.47,119.09,61.65,3.72
CUST-7655,ORD-324,2022-08-07,Asia,High Value,1,495.63,495.63,255.37,66.97,173.29
CUST-9173,ORD-325,2022-04-28,Asia,Mid Value,4,396.5,1586.02,1095.73,34.18,456.11
CUST-5495,ORD-326,2023-08-16,Africa,High Value,4,358.72,1434.88,990.57,71.38,372.93
CUST-7002,ORD-327,2023-08-05,Europe,Mid Value,3,148.49,445.46,276.85,36.17,132.45
CUST-7614,ORD-328,2022-04-25,Europe,High Value,4,43.31,173.24,109.01,76.37,-12.13
CUST-6919,ORD-329,2022-09-20,North America,Low Value,5,489.81,2449.07,1500.67,78.74,869.66
CUST-1853,ORD-330,2022-11-02,Europe,Low Value,2,90.97,181.93,89.94,66.32,25.68
CUST-5146,ORD-331,2023-10-16,North America,Low Value,2,418.67,837.34,481.57,24.22,331.56
CUST-4769,ORD-332,2023-02-26,Europe,Mid Value,3,114.81,344.43,223.27,32.47,88.68
CUST-1574,ORD-333,2022-07-26,Asia,High Value,3,199.57,598.7,385.36,44.95,168.38
CUST-2148,ORD-334,2023-09-15,North America,Low Value,4,352.92,1411.69,952.46,29.65,429.58
CUST-7293,ORD-335,2022-10-30,Europe,Mid Value,1,473.78,473.78,319.89,66.42,87.46
CUST-7457,ORD-336,2022-04-22,North America,High Value,3,29.5,88.49,45.6,74.57,-31.68
CUST-8509,ORD-337,2023-02-21,Africa,Low Value,3,145.17,435.51,274.56,78.93,82.02
CUST-5777,ORD-338,2023-07-09,Africa,Low Value,3,387.18,1161.55,711.84,30.22,419.49
CUST-4854,ORD-339,2022-10-12,North America,Mid Value,4,103.23,412.92,277.26,25.27,110.39
CUST-3491,ORD-340,2023-10-02,North America,High Value,5,73.5,367.49,182.23,17.08,168.18
CUST-4124,ORD-341,2022-07-04,Asia,Mid Value,3,42.17,126.51,80.32,8.56,37.62
CUST-6691,ORD-342,2022-08-09,Europe,Low Value,5,261.2,1305.98,725.9,18.28,561.8
CUST-4051,ORD-343,2023-03-20,Africa,Mid Value,4,388.51,1554.05,852.58,26.34,675.13
CUST-1004,ORD-344,2022-04-27,Africa,Mid Value,1,481.63,481.63,221.04,34.33,226.26
CUST-6222,ORD-345,2022-03-11,Europe,Low Value,2,148.39,296.79,204.89,13.23,78.67
CUST-6315,ORD-346,2022-03-11,Africa,Low Value,2,78.26,156.52,96.88,66.52,-6.88
CUST-5869,ORD-347,2023-09-14,Africa,High Value,2,213.23,426.45,254.88,51.43,120.14
CUST-1876,ORD-348,2023-03-03,North America,High Value,2,46.61,93.22,47.8,47.2,-1.78
CUST-8027,ORD-349,2023-10-06,Africa,Low Value,4,179.05,716.21,440.19,45.9,230.12
CUST-5142,ORD-350,2023-07-22,Africa,Low Value,2,328.68,657.36,451.21,26.75,179.4
CUST-7966,ORD-351,2023-03-19,Africa,High Value,4,100.72,402.88,197.74,75.32,129.82
CUST-8079,ORD-352,2023-08-24,Europe,Mid Value,1,323.3,323.3,225.0,22.38,75.92
CUST-8987,ORD-353,2022-05-17,Asia,Low Value,3,486.54,1459.61,812.79,55.15,591.66
CUST-7799,ORD-354,2023-05-19,North America,Low Value,3,434.82,1304.45,906.01,23.98,374.45
CUST-5465,ORD-355,2022-05-11,Asia,Mid Value,3,191.28,573.84,349.16,79.22,145.46
CUST-1635,ORD-356,2022-08-06,Africa,High Value,4,222.32,889.27,472.23,73.37,343.67
CUST-2693,ORD-357,2023-11-19,Africa,High Value,4,221.27,885.1,481.15,24.84,379.11
CUST-5752,ORD-358,2022-06-20,Africa,Mid Value,4,432.75,1731.01,904.69,79.06,747.26
CUST-9311,ORD-359,2023-04-20,Asia,Low Value,1,497.04,497.04,265.27,51.95,179.82
CUST-1830,ORD-360,2023-09-04,Europe,Mid Value,5,416.43,2082.15,1273.51,59.64,748.99
CUST-6177,ORD-361,2022-05-09,Europe,Low Value,4,287.9,1151.59,522.99,26.22,602.37
CUST-9932,ORD-362,2022-02-26,North America,High Value,4,66.74,266.94,184.7,21.2,61.05
CUST-9308,ORD-363,2022-06-30,Asia,Low Value,3,478.15,1434.46,921.11,69.36,443.99
CUST-6949,ORD-364,2022-09-03,Europe,Low Value,2,432.82,865.64,593.18,25.64,246.82
CUST-3838,ORD-365,2022-05-24,North America,Low Value,2,423.88,847.75,533.56,73.81,240.38
CUST-2150,ORD-366,2022-02-20,Africa,Low Value,1,208.07,208.07,118.66,32.5,56.92
CUST-8560,ORD-367,2023-01-03,Africa,Low Value,2,234.64,469.28,233.44,5.69,230.16
CUST-2931,ORD-368,2023-04-04,North America,High Value,5,77.44,387.19,224.21,49.41,113.56
CUST-2664,ORD-369,2022-08-06,Europe,Mid Value,3,470.18,1410.54,885.71,31.52,493.31
CUST-2081,ORD-370,2023-09-08,Asia,High Value,1,472.75,472.75,313.69,78.2,80.86
CUST-1512,ORD-371,2023-07-21,North America,Low Value,2,142.13,284.26,150.95,34.0,99.31
CUST-8805,ORD-372,2022-09-14,Europe,Mid Value,2,354.08,708.17,409.05,28.59,270.53
CUST-6237,ORD-373,2022-06-05,North America,Low Value,3,117.68,353.03,213.58,47.48,91.97
CUST-1559,ORD-374,2023-07-19,Europe,High Value,1,208.61,208.61,124.57,59.74,24.3
CUST-4672,ORD-375,2023-03-18,Africa,High Value,3,165.14,495.43,229.43,77.49,188.51
CUST-8404,ORD-376,2023-11-30,North America,Low Value,1,207.0,207.0,118.17,10.22,78.61
CUST-4343,ORD-377,2023-10-24,Asia,Low Value,2,168.31,336.61,219.56,36.46,80.59
CUST-5070,ORD-378,2023-12-24,North America,Mid Value,3,185.74,557.22,362.51,54.78,139.93
CUST-1580,ORD-379,2022-01-25,Africa,Mid Value,3,399.71,1199.13,691.64,5.37,502.12
CUST-8004,ORD-380,2023-10-26,Africa,Low Value,5,164.01,820.07,564.28,41.68,214.11
CUST-9130,ORD-381,2023-06-20,Europe,Mid Value,3,411.05,1233.16,809.64,65.49,358.03
CUST-4147,ORD-382,2022-03-01,Africa,Low Value,1,292.6,292.6,185.61,8.82,98.18
CUST-5249,ORD-383,2023-04-12,Europe,Low Value,5,394.61,1973.07,1142.21,30.54,800.32
CUST-2679,ORD-384,2023-03-10,Africa,Low Value,3,461.07,1383.2,826.7,35.07,521.44
CUST-4506,ORD-385,2022-03-07,Europe,High Value,3,86.44,259.33,131.17,58.72,69.44
CUST-8253,ORD-386,2023-07-19,Asia,Low Value,5,185.07,925.34,539.57,27.18,358.59
CUST-3744,ORD-387,2022-04-16,Europe,Low Value,2,46.67,93.34,54.27,23.47,15.59
CUST-6188,ORD-388,2022-04-06,Europe,Low Value,3,215.32,645.95,323.42,13.66,308.87
CUST-3141,ORD-389,2023-11-19,Asia,Mid Value,4,133.95,535.81,368.53,79.69,87.6
CUST-7617,ORD-390,2023-07-05,Europe,Low Value,2,294.41,588.81,300.99,40.37,247.44
CUST-3479,ORD-391,2022-06-17,Europe,High Value,3,396.03,1188.08,565.59,8.62,613.87
CUST-7484,ORD-392,2022-02-11,Asia,High Value,2,253.46,506.91,287.29,10.74,208.88
CUST-8421,ORD-393,2022-04-14,Africa,Low Value,1,180.14,180.14,111.96,14.6,53.58
CUST-5452,ORD-394,2022-07-23,North America,Low Value,2,93.23,186.45,93.0,20.88,72.57
CUST-6881,ORD-395,2023-06-04,Europe,Low Value,5,32.88,164.39,81.49,60.53,22.37
CUST-7665,ORD-396,2022-10-09,Africa,High Value,3,345.38,1036.15,534.0,46.9,455.25
CUST-3849,ORD-397,2022-02-12,North America,Mid Value,2,34.66,69.32,36.44,63.25,-30.37
CUST-8390,ORD-398,2022-04-20,Asia,Mid Value,4,462.0,1848.01,945.35,6.49,896.17
CUST-7905,ORD-399,2022-07-29,Europe,Low Value,1,305.23,305.23,173.27,24.88,107.08
CUST-3489,ORD-400,2022-02-18,Europe,Mid Value,1,189.58,189.58,86.18,35.41,67.99
CUST-5611,ORD-401,2022-04-25,Asia,High Value,2,40.12,80.24,37.86,37.18,5.2
CUST-3839,ORD-402,2022-06-04,Europe,Low Value,5,218.47,1092.37,690.75,9.02,392.6
CUST-9527,ORD-403,2023-10-11,North America,Mid Value,1,436.3,436.3,241.31,43.36,151.63
CUST-6878,ORD-404,2023-05-18,North America,Low Value,2,485.52,971.03,524.43,26.5,420.1
CUST-7303,ORD-405,2023-11-10,Asia,Low Value,2,60.77,121.53,55.01,19.36,47.16
CUST-1851,ORD-406,2023-12-12,Europe,High Value,1,393.03,393.03,206.16,55.34,131.53
CUST-2687,ORD-407,2022-03-12,Africa,High Value,2,144.01,288.02,188.74,11.29,87.99
CUST-7833,ORD-408,2023-06-03,Europe,Mid Value,2,202.13,404.26,216.32,70.03,117.92
CUST-3427,ORD-409,2023-12-13,Asia,High Value,4,282.88,1131.53,781.8,72.49,277.24
CUST-5000,ORD-410,2022-12-02,Africa,Low Value,2,497.47,994.94,544.72,29.42,420.81
CUST-6052,ORD-411,2022-03-08,North America,High Value,2,120.23,240.46,136.11,79.02,25.34
CUST-3738,ORD-412,2023-05-08,North America,Mid Value,5,82.64,413.2,268.77,35.09,109.33
CUST-6732,ORD-413,2023-10-12,Africa,Mid Value,1,305.59,305.59,212.62,77.17,15.8
CUST-6387,ORD-414,2022-08-01,Africa,Mid Value,5,429.46,2147.32,1165.78,79.02,902.52
CUST-9002,ORD-415,2022-06-30,Asia,High Value,3,331.14,993.43,476.83,67.02,449.58
CUST-6536,ORD-416,2023-09-05,Europe,High Value,5,186.84,934.18,542.54,14.36,377.28
CUST-4913,ORD-417,2023-08-22,North America,High Value,3,488.95,1466.85,877.09,48.83,540.93
CUST-2066,ORD-418,2023-11-28,Europe,High Value,3,497.62,1492.85,1029.86,59.89,403.09
CUST-8723,ORD-419,2023-08-26,North America,High Value,5,389.91,1949.56,1079.04,10.81,859.71
CUST-5380,ORD-420,2022-09-05,Europe,Mid Value,4,405.16,1620.64,766.08,72.02,782.54
CUST-5107,ORD-421,2022-08-02,North America,Mid Value,5,385.2,1926.02,1180.14,68.89,677.0
CUST-6726,ORD-422,2022-12-25,Europe,High Value,1,143.68,143.68,65.41,75.04,3.22
CUST-4373,ORD-423,2022-09-06,Asia,Low Value,5,92.13,460.63,256.28,43.57,160.79
CUST-9945,ORD-424,2023-09-30,North America,Mid Value,4,286.09,1144.36,632.16,29.32,482.88
CUST-3082,ORD-425,2023-05-31,Asia,Low Value,5,477.99,2389.95,1227.73,42.98,1119.25
CUST-9967,ORD-426,2022-03-29,North America,Low Value,4,441.58,1766.32,1220.66,59.7,485.96
CUST-7748,ORD-427,2023-10-25,North America,Mid Value,1,71.29,71.29,39.27,36.22,-4.19
CUST-1417,ORD-428,2022-06-25,North America,Low Value,2,47.36,94.71,63.8,31.38,-0.48
CUST-9306,ORD-429,2023-12-24,Europe,Low Value,4,439.41,1757.64,1017.28,10.78,729.58
CUST-9808,ORD-430,2023-03-02,North America,Mid Value,4,314.25,1256.99,823.5,38.54,394.95
CUST-4974,ORD-431,2023-08-26,Asia,Mid Value,4,166.07,664.3,373.9,34.47,255.93
CUST-4267,ORD-432,2023-12-04,Europe,High Value,1,289.65,289.65,202.14,54.75,32.76
CUST-1825,ORD-433,2022-03-22,Europe,Mid Value,3,126.4,379.2,231.32,37.91,109.98
CUST-8668,ORD-434,2022-05-18,North America,Low Value,4,474.54,1898.15,928.17,5.3,964.68
CUST-6745,ORD-435,2023-03-09,Africa,Mid Value,1,417.05,417.05,188.35,41.33,187.38
CUST-1412,ORD-436,2023-04-15,Europe,High Value,2,481.87,963.75,657.49,63.03,243.23
CUST-8543,ORD-437,2022-12-16,North America,Mid Value,4,109.79,439.15,273.02,75.9,90.23
CUST-8587,ORD-438,2022-05-06,Asia,Low Value,3,424.96,1274.89,607.58,19.47,647.84
CUST-1728,ORD-439,2022-11-05,Africa,Mid Value,1,288.94,288.94,183.73,36.69,68.52
CUST-8164,ORD-440,2022-08-18,Europe,Low Value,2,176.0,351.99,178.39,68.56,105.05
CUST-9867,ORD-441,2023-04-05,Africa,Mid Value,3,250.24,750.72,489.7,8.21,252.8
CUST-6988,ORD-442,2022-12-11,Europe,High Value,2,473.3,946.61,570.31,31.24,345.05
CUST-3504,ORD-443,2022-11-06,Africa,High Value,3,351.9,1055.69,507.7,49.33,498.66
CUST-3967,ORD-444,2022-01-20,Africa,Mid Value,5,192.76,963.8,450.8,30.69,482.3
CUST-3786,ORD-445,2023-07-15,Asia,Low Value,5,499.95,2499.76,1416.19,41.7,1041.87
CUST-2122,ORD-446,2023-10-09,Africa,High Value,5,185.96,929.78,636.18,75.43,218.17
CUST-5079,ORD-447,2023-06-25,Asia,Low Value,2,410.59,821.17,485.44,6.79,328.93
CUST-2571,ORD-448,2023-07-14,North America,Mid Value,5,396.5,1982.51,1268.36,10.84,703.3
CUST-6073,ORD-449,2023-04-22,Europe,High Value,1,367.0,367.0,208.23,19.77,139.01
CUST-6104,ORD-450,2022-09-26,Asia,High Value,1,341.33,341.33,186.37,33.87,121.09
CUST-3143,ORD-451,2022-01-03,Europe,Low Value,5,72.16,360.8,236.52,40.31,83.97
CUST-7806,ORD-452,2022-01-16,Asia,High Value,3,497.58,1492.74,844.66,7.75,640.33
CUST-8357,ORD-453,2023-08-29,Europe,Low Value,3,97.3,291.9,141.68,71.19,79.02
CUST-4440,ORD-454,2022-12-24,Asia,Low Value,2,306.14,612.29,317.55,61.89,232.84
CUST-4766,ORD-455,2023-10-08,Europe,Mid Value,3,139.59,418.77,247.22,25.1,146.45
CUST-6644,ORD-456,2022-05-13,North America,Low Value,4,101.01,404.05,222.49,24.26,157.31
CUST-3914,ORD-457,2022-11-08,Europe,High Value,3,288.54,865.63,468.82,6.92,389.89
CUST-5968,ORD-458,2023-04-27,North America,Low Value,1,421.45,421.45,260.11,34.93,126.4
CUST-6917,ORD-459,2023-06-28,North America,High Value,3,200.93,602.8,367.15,24.09,211.56
CUST-9787,ORD-460,2022-11-01,North America,Low Value,2,57.04,114.08,60.29,51.38,2.41
CUST-1728,ORD-461,2022-09-26,Africa,Mid Value,3,319.4,958.21,517.3,46.09,394.82
CUST-2365,ORD-462,2023-02-18,Europe,Mid Value,2,387.89,775.77,494.96,76.78,204.03
CUST-5492,ORD-463,2022-01-25,Africa,Low Value,4,162.12,648.48,441.18,64.64,142.66
CUST-1698,ORD-464,2022-11-12,Africa,Low Value,5,351.48,1757.42,933.28,11.06,813.07
CUST-8186,ORD-465,2023-07-25,Europe,Low Value,4,56.38,225.52,117.94,57.82,49.76
CUST-1395,ORD-466,2023-12-26,North America,Mid Value,1,193.49,193.49,99.9,13.03,80.55
CUST-8400,ORD-467,2023-10-30,Africa,Low Value,4,247.58,990.33,480.68,29.23,480.42
CUST-9082,ORD-468,2022-10-03,Africa,Low Value,4,395.34,1581.37,860.73,46.63,674.01
CUST-5171,ORD-469,2023-01-24,Asia,High Value,1,182.31,182.31,105.56,42.18,34.57
CUST-5360,ORD-470,2023-12-23,Europe,Mid Value,1,237.78,237.78,138.95,57.0,41.83
CUST-3502,ORD-471,2023-03-20,Africa,Mid Value,5,321.61,1608.05,1001.43,65.75,540.87
CUST-1717,ORD-472,2023-03-03,Europe,Low Value,5,319.56,1597.79,740.0,67.2,790.59
CUST-3782,ORD-473,2022-02-26,Europe,Low Value,3,268.52,805.57,475.57,9.38,320.63
CUST-5946,ORD-474,2023-11-28,Africa,High Value,2,177.67,355.34,182.55,53.12,119.66
CUST-6486,ORD-475,2023-07-20,Europe,Low Value,1,341.56,341.56,174.12,77.1,90.34
CUST-9335,ORD-476,2023-12-22,North America,Mid Value,4,421.83,1687.34,1092.43,61.63,533.28
CUST-5980,ORD-477,2023-01-03,Africa,High Value,4,93.83,375.32,183.3,43.99,148.03
CUST-8266,ORD-478,2022-12-08,Africa,Mid Value,5,183.42,917.11,488.15,79.89,349.06
CUST-5491,ORD-479,2022-10-31,Africa,Low Value,2,341.0,682.0,415.62,8.3,258.08
CUST-8192,ORD-480,2023-01-09,Asia,High Value,1,382.77,382.77,233.77,11.61,137.39
CUST-6588,ORD-481,2022-04-22,Asia,Mid Value,5,395.1,1975.5,912.73,62.61,1000.17
CUST-8651,ORD-482,2022-01-06,Asia,Mid Value,2,333.57,667.14,312.32,46.23,308.59
CUST-4636,ORD-483,2023-12-04,Asia,Mid Value,1,249.57,249.57,153.2,14.33,82.04
CUST-2167,ORD-484,2022-10-06,Africa,Low Value,4,329.98,1319.94,908.5,33.15,378.29
CUST-2062,ORD-485,2023-01-17,North America,Low Value,4,84.82,339.29,237.37,9.82,92.09
CUST-3156,ORD-486,2022-01-13,Europe,Low Value,5,119.73,598.63,417.11,44.48,137.04
CUST-8860,ORD-487,2022-10-30,Europe,Low Value,2,465.21,930.43,500.47,12.81,417.15
CUST-6161,ORD-488,2023-07-10,Africa,Mid Value,4,462.64,1850.57,944.63,5.52,900.42
CUST-6305,ORD-489,2023-09-09,North America,High Value,2,367.46,734.93,348.84,29.18,356.9
CUST-7541,ORD-490,2022-06-09,Europe,Low Value,5,176.98,884.91,470.29,22.54,392.08
CUST-5729,ORD-491,2022-06-03,North America,High Value,3,331.44,994.33,516.27,32.16,445.9
CUST-8330,ORD-492,2022-06-30,Africa,Mid Value,2,350.14,700.28,416.11,31.28,252.89
CUST-6334,ORD-493,2023-06-10,Asia,Low Value,2,267.26,534.51,289.81,52.25,192.45
CUST-9924,ORD-494,2022-06-29,North America,Mid Value,5,379.29,1896.46,963.18,56.0,877.28
CUST-5330,ORD-495,2023-01-12,Europe,Low Value,3,34.25,102.75,61.98,14.55,26.23
CUST-9010,ORD-496,2022-06-17,Europe,Low Value,4,142.99,571.94,303.57,41.65,226.73
CUST-7801,ORD-497,2022-08-02,Europe,High Value,1,401.34,401.34,216.08,71.69,113.57
CUST-5846,ORD-498,2022-05-30,Asia,Mid Value,5,470.58,2352.88,1410.81,16.13,925.94
CUST-7731,ORD-499,2022-01-16,North America,Mid Value,1,440.52,440.52,211.25,77.52,151.75
CUST-8241,ORD-500,2022-04-01,North America,Mid Value,3,363.92,1091.75,702.61,6.45,382.69
CUST-1953,ORD-501,2022-04-30,Europe,High Value,3,99.44,298.32,206.24,12.48,79.59
CUST-3539,ORD-502,2022-09-10,North America,High Value,2,196.99,393.97,225.63,18.32,150.02
CUST-8056,ORD-503,2022-03-01,Europe,Mid Value,1,44.1,44.1,26.02,40.23,-22.15
CUST-2542,ORD-504,2022-09-23,North America,Mid Value,1,327.13,327.13,178.67,27.44,121.03
CUST-6293,ORD-505,2023-02-13,Asia,Low Value,3,235.93,707.8,487.8,36.36,183.64
CUST-2191,ORD-506,2022-01-31,Asia,Low Value,1,295.05,295.05,142.58,75.56,76.91
CUST-7313,ORD-507,2022-01-21,Africa,High Value,4,490.09,1960.36,1280.86,30.6,648.89
CUST-7938,ORD-508,2023-08-16,Africa,Low Value,3,213.08,639.24,391.6,68.61,179.03
CUST-3681,ORD-509,2022-10-16,Africa,Mid Value,2,167.22,334.44,216.68,10.46,107.31
CUST-2540,ORD-510,2023-06-27,North America,Mid Value,2,92.29,184.58,126.92,65.9,-8.24
CUST-7172,ORD-511,2023-05-13,Asia,Low Value,2,88.93,177.87,102.1,72.62,3.15
CUST-6541,ORD-512,2023-04-19,Asia,Low Value,1,268.92,268.92,140.4,26.37,102.14
CUST-2365,ORD-513,2023-02-09,Asia,High Value,3,379.63,1138.89,734.44,46.03,358.41
CUST-9691,ORD-514,2023-07-02,Europe,Low Value,2,290.94,581.88,384.71,19.04,178.14
CUST-9702,ORD-515,2022-05-12,North America,High Value,3,439.18,1317.54,818.94,11.81,486.79
CUST-8494,ORD-516,2022-11-20,North America,Low Value,1,171.62,171.62,113.65,62.78,-4.82
CUST-5312,ORD-517,2022-05-12,Africa,Low Value,4,305.62,1222.49,773.32,52.24,396.93
CUST-2324,ORD-518,2023-06-05,Europe,Low Value,4,337.4,1349.58,930.36,61.42,357.81
CUST-4141,ORD-519,2022-01-30,Europe,Low Value,4,154.73,618.93,366.82,37.98,214.13
CUST-8419,ORD-520,2023-09-19,Asia,Mid Value,1,210.23,210.23,114.6,23.72,71.91
CUST-4486,ORD-521,2022-10-28,Africa,Mid Value,2,303.65,607.3,376.61,37.01,193.68
CUST-2810,ORD-522,2022-01-04,North America,Mid Value,1,30.05,30.05,14.04,9.86,6.15
CUST-7588,ORD-523,2022-11-21,Europe,Low Value,3,445.57,1336.72,768.08,26.26,542.38
CUST-3923,ORD-524,2023-05-24,Asia,High Value,4,73.31,293.24,188.66,27.31,77.27
CUST-6301,ORD-525,2022-08-25,North America,Low Value,3,42.83,128.48,63.24,58.59,6.65
CUST-5186,ORD-526,2023-06-19,Asia,Mid Value,1,123.22,123.22,67.78,8.99,46.45
CUST-9905,ORD-527,2022-01-16,North America,High Value,5,261.11,1305.56,701.83,23.4,580.33
CUST-6977,ORD-528,2023-06-18,Asia,High Value,5,177.77,888.87,474.43,25.75,388.7
CUST-5268,ORD-529,2023-08-07,North America,Mid Value,1,231.27,231.27,141.69,46.35,43.23
CUST-5748,ORD-530,2023-03-22,Africa,Low Value,2,60.45,120.9,69.44,23.35,28.11
CUST-5849,ORD-531,2023-05-18,North America,High Value,3,131.89,395.67,256.92,14.93,123.82
CUST-4709,ORD-532,2022-08-18,North America,High Value,1,66.88,66.88,31.06,24.35,11.47
CUST-7619,ORD-533,2022-04-17,North America,Mid Value,1,130.26,130.26,73.4,36.64,20.22
CUST-9647,ORD-534,2023-12-21,Asia,High Value,5,357.59,1787.94,810.83,44.41,932.7
CUST-4072,ORD-535,2023-01-24,Europe,High Value,4,296.14,1184.56,598.46,7.74,578.36
CUST-7530,ORD-536,2023-12-21,North America,High Value,4,180.31,721.22,464.36,28.24,228.63
CUST-1504,ORD-537,2022-09-20,North America,Low Value,2,145.39,290.78,138.56,62.31,89.91
CUST-2214,ORD-538,2023-07-17,Africa,Low Value,2,498.81,997.63,475.26,49.82,472.54
CUST-2531,ORD-539,2022-03-06,North America,Mid Value,2,388.58,777.15,427.71,39.2,310.24
CUST-8576,ORD-540,2022-09-22,Africa,Low Value,5,414.58,2072.91,1335.44,38.97,698.49
CUST-1823,ORD-541,2022-12-04,North America,High Value,1,32.66,32.66,19.9,32.67,-19.92
CUST-1928,ORD-542,2022-10-28,Asia,Low Value,2,48.6,97.2,62.74,30.65,3.81
CUST-6029,ORD-543,2023-01-13,Europe,High Value,5,362.05,1810.27,837.05,35.05,938.18
CUST-1133,ORD-544,2022-06-24,Europe,High Value,3,112.08,336.24,198.69,70.19,67.35
CUST-3105,ORD-545,2022-06-01,Europe,Low Value,1,224.31,224.31,126.36,40.16,57.79
CUST-4627,ORD-546,2023-04-21,Asia,Low Value,3,108.4,325.2,219.19,55.2,50.82
CUST-7316,ORD-547,2022-09-23,Africa,Low Value,4,104.99,419.98,266.41,65.59,87.98
CUST-2852,ORD-548,2022-11-25,Europe,Low Value,4,72.36,289.43,160.95,37.4,91.08
CUST-5910,ORD-549,2022-06-12,Asia,Mid Value,1,305.24,305.24,179.63,67.94,57.68
CUST-5175,ORD-550,2023-03-14,Asia,Low Value,2,374.86,749.73,417.01,79.45,253.27
CUST-6348,ORD-551,2022-12-09,North America,Mid Value,1,47.29,47.29,26.49,42.81,-22.02
CUST-7190,ORD-552,2023-01-02,Africa,High Value,2,152.26,304.53,185.31,35.21,84.01
CUST-2256,ORD-553,2023-04-10,Asia,Mid Value,4,336.02,1344.07,677.59,65.43,601.04
CUST-4376,ORD-554,2022-07-18,Africa,High Value,1,208.31,208.31,111.09,53.69,43.53
CUST-6645,ORD-555,2023-05-15,Europe,Mid Value,1,358.24,358.24,186.21,50.99,121.04
CUST-4486,ORD-556,2022-01-16,Europe,Mid Value,2,384.43,768.86,499.91,71.46,197.49
CUST-4584,ORD-557,2022-10-23,Europe,High Value,4,35.5,142.0,97.34,53.71,-9.05
CUST-9053,ORD-558,2023-05-26,North America,Mid Value,4,202.81,811.25,449.09,53.12,309.04
CUST-4330,ORD-559,2022-08-27,North America,High Value,2,369.99,739.97,347.25,20.52,372.2
CUST-3703,ORD-560,2023-08-04,Africa,Low Value,2,201.64,403.28,190.91,56.62,155.75
CUST-9662,ORD-561,2022-10-28,Africa,High Value,2,22.8,45.6,25.08,73.47,-52.95
CUST-9120,ORD-562,2022-01-06,North America,Mid Value,4,181.43,725.7,398.23,48.23,279.25
CUST-8114,ORD-563,2022-08-08,Asia,Low Value,4,438.87,1755.49,854.12,72.75,828.62
CUST-2353,ORD-564,2023-03-29,Africa,Mid Value,1,476.93,476.93,310.85,30.47,135.61
CUST-6063,ORD-565,2023-03-09,Africa,Low Value,4,289.05,1156.19,664.85,8.19,483.15
CUST-9549,ORD-566,2023-01-21,Europe,High Value,3,167.05,501.16,239.19,38.38,223.59
CUST-8575,ORD-567,2023-09-11,Africa,Low Value,3,243.71,731.13,347.05,5.3,378.78
CUST-1667,ORD-568,2022-10-22,Africa,Low Value,2,133.38,266.76,149.78,16.61,100.36
CUST-5468,ORD-569,2022-04-28,Asia,Low Value,2,100.7,201.4,96.51,19.29,85.59
CUST-7819,ORD-570,2023-02-09,Africa,Mid Value,2,256.9,513.79,303.29,45.04,165.46
CUST-4719,ORD-571,2023-11-11,Asia,Low Value,1,373.61,373.61,204.09,76.24,93.28
CUST-3745,ORD-572,2023-08-17,Europe,High Value,3,126.78,380.35,258.61,6.49,115.26
CUST-8483,ORD-573,2023-07-20,North America,High Value,3,456.58,1369.73,759.83,22.75,587.15
CUST-1539,ORD-574,2022-01-12,Europe,High Value,4,100.75,403.0,243.25,77.71,82.04
CUST-5964,ORD-575,2022-07-28,Asia,Low Value,3,288.04,864.11,564.13,71.12,228.86
CUST-5835,ORD-576,2022-06-14,Asia,High Value,4,392.66,1570.66,825.72,67.61,677.32
CUST-4775,ORD-577,2022-10-21,Africa,Mid Value,1,122.43,122.43,70.76,11.89,39.78
CUST-7042,ORD-578,2023-06-03,Africa,High Value,2,162.29,324.59,155.88,53.31,115.4
CUST-8102,ORD-579,2022-03-19,North America,Low Value,2,44.71,89.42,49.92,20.24,19.27
CUST-8312,ORD-580,2023-03-10,Asia,High Value,4,473.1,1892.38,1029.37,53.83,809.18
CUST-6320,ORD-581,2023-07-31,Asia,Low Value,5,253.75,1268.73,706.74,37.06,524.92
CUST-7132,ORD-582,2023-09-06,Europe,Low Value,4,50.87,203.47,97.02,52.68,53.77
CUST-8891,ORD-583,2023-11-14,North America,High Value,1,418.46,418.46,229.99,37.16,151.31
CUST-3779,ORD-584,2022-03-18,Europe,Mid Value,3,293.29,879.86,587.36,73.08,219.42
CUST-1924,ORD-585,2022-02-17,Africa,Mid Value,4,46.54,186.15,127.37,6.9,51.88
CUST-2581,ORD-586,2022-03-23,Africa,High Value,1,236.43,236.43,120.68,19.37,96.38
CUST-8714,ORD-587,2023-12-22,Europe,Low Value,2,228.51,457.03,240.0,67.47,149.56
CUST-4324,ORD-588,2022-07-28,Africa,High Value,5,90.12,450.6,203.84,60.26,186.5
CUST-6713,ORD-589,2023-03-21,Europe,Low Value,5,221.78,1108.89,531.04,18.97,558.88
CUST-8026,ORD-590,2023-08-19,Asia,Low Value,4,155.75,622.99,334.1,14.11,274.78
CUST-1255,ORD-591,2023-06-06,Asia,Low Value,3,355.97,1067.92,663.47,28.34,376.1
CUST-5804,ORD-592,2022-01-29,Africa,Mid Value,4,22.64,90.54,47.36,41.14,2.04
CUST-2838,ORD-593,2022-10-31,North America,Mid Value,5,71.06,355.3,166.58,8.52,180.2
CUST-1009,ORD-594,2023-04-10,Asia,High Value,5,460.95,2304.76,1458.26,68.42,778.08
CUST-3871,ORD-595,2023-05-17,Africa,Mid Value,2,228.0,456.0,258.41,44.07,153.52
CUST-9989,ORD-596,2023-03-22,North America,Low Value,3,104.57,313.7,181.88,73.96,57.86
CUST-8409,ORD-597,2023-09-20,Africa,Low Value,3,400.75,1202.25,639.0,29.43,533.82
CUST-8418,ORD-598,2023-05-05,Europe,High Value,5,428.76,2143.82,1293.28,8.66,841.88
CUST-6124,ORD-599,2023-03-04,Africa,Low Value,5,121.38,606.91,408.27,70.35,128.29
CUST-2015,ORD-600,2023-07-13,Europe,High Value,4,362.53,1450.11,853.3,16.22,580.59
CUST-3193,ORD-601,2022-12-25,Asia,High Value,4,315.27,1261.06,752.7,30.17,478.19
CUST-9415,ORD-602,2022-04-01,Asia,Low Value,2,377.63,755.25,410.4,39.83,305.03
CUST-8449,ORD-603,2022-02-22,Africa,Mid Value,5,398.19,1990.96,937.06,41.9,1012.0
CUST-5158,ORD-604,2023-12-31,North America,Low Value,4,337.25,1349.0,751.57,6.76,590.66
CUST-4925,ORD-605,2023-08-12,Africa,Low Value,2,478.98,957.97,652.53,44.51,260.93
CUST-7970,ORD-606,2022-07-23,Africa,High Value,3,434.83,1304.49,808.85,10.78,484.86
CUST-7938,ORD-607,2023-07-10,Asia,Mid Value,5,129.91,649.53,371.89,29.51,248.13
CUST-5784,ORD-608,2022-06-05,Asia,High Value,1,458.51,458.51,277.5,78.16,102.85
CUST-5000,ORD-609,2022-01-02,Africa,Low Value,5,192.61,963.03,567.84,26.03,369.17
CUST-2633,ORD-610,2022-12-23,Asia,High Value,4,368.74,1474.96,1000.17,65.97,408.82
CUST-8266,ORD-611,2023-07-23,Europe,High Value,5,427.04,2135.22,1080.34,43.27,1011.61
CUST-9702,ORD-612,2022-02-27,Africa,Low Value,1,229.46,229.46,154.24,20.18,55.04
CUST-1384,ORD-613,2022-09-11,Asia,High Value,5,44.72,223.62,139.12,59.15,25.36
CUST-1404,ORD-614,2022-06-29,Africa,Low Value,4,475.84,1903.35,917.29,46.64,939.42
CUST-9175,ORD-615,2023-05-08,Asia,High Value,3,54.79,164.37,89.25,44.98,30.14
CUST-3000,ORD-616,2023-10-31,Europe,Mid Value,4,187.09,748.37,418.39,7.24,322.73
CUST-6989,ORD-617,2022-02-04,Europe,Low Value,2,306.29,612.59,288.37,30.04,294.18
CUST-2460,ORD-618,2022-03-16,Africa,Mid Value,4,76.42,305.67,179.9,60.1,65.67
CUST-8190,ORD-619,2022-10-16,Europe,High Value,2,422.34,844.68,434.87,64.71,345.1
CUST-8140,ORD-620,2023-01-06,Europe,Mid Value,5,117.64,588.21,332.07,66.11,190.04
CUST-4636,ORD-621,2023-08-10,Asia,Mid Value,2,493.28,986.56,552.17,7.8,426.59
CUST-5809,ORD-622,2022-11-25,Africa,Mid Value,5,459.89,2299.44,1334.64,17.2,947.6
CUST-5178,ORD-623,2023-08-13,Asia,High Value,2,310.19,620.37,410.41,78.92,131.05
CUST-8245,ORD-624,2022-10-31,Asia,Low Value,4,336.8,1347.22,869.21,16.66,461.35
CUST-7600,ORD-625,2023-08-02,North America,High Value,1,276.13,276.13,184.52,20.98,70.63
CUST-6997,ORD-626,2022-08-09,Europe,High Value,5,207.73,1038.65,616.01,65.2,357.44
CUST-3048,ORD-627,2022-06-13,Asia,High Value,2,188.82,377.64,228.08,34.51,115.06
CUST-5780,ORD-628,2023-04-25,Asia,Low Value,1,447.99,447.99,249.81,13.72,184.46
CUST-1716,ORD-629,2023-03-31,Asia,High Value,2,296.78,593.55,373.53,14.38,205.65
CUST-8939,ORD-630,2023-01-10,Europe,High Value,2,415.18,830.36,416.2,11.28,402.88
CUST-6565,ORD-631,2022-08-08,Europe,Low Value,2,266.75,533.51,303.46,18.55,211.5
CUST-5544,ORD-632,2023-11-15,Europe,Low Value,4,167.37,669.49,420.8,42.27,206.41
CUST-5976,ORD-633,2022-09-11,Africa,Low Value,2,64.04,128.09,82.55,6.13,39.41
CUST-4419,ORD-634,2023-12-23,Asia,Mid Value,1,175.37,175.37,89.79,13.78,71.8
CUST-8239,ORD-635,2022-07-07,Europe,Low Value,2,442.46,884.91,438.37,73.03,373.5
CUST-1249,ORD-636,2022-07-10,Asia,Mid Value,3,361.74,1085.22,566.63,70.74,447.85
CUST-9865,ORD-637,2023-01-24,Africa,Mid Value,5,397.2,1985.99,1350.55,67.48,567.96
CUST-1770,ORD-638,2022-08-03,North America,High Value,4,391.25,1564.99,754.77,57.97,752.26
CUST-5363,ORD-639,2023-01-10,Africa,Mid Value,3,77.59,232.76,160.2,54.61,17.94
CUST-2077,ORD-640,2022-03-27,Europe,High Value,3,96.25,288.76,201.76,25.66,61.34
CUST-9427,ORD-641,2023-04-19,Europe,Mid Value,1,172.27,172.27,111.27,30.12,30.88
CUST-9580,ORD-642,2023-09-10,Africa,Low Value,1,164.49,164.49,105.29,22.69,36.52
CUST-8901,ORD-643,2023-06-15,Asia,High Value,4,51.72,206.88,142.4,78.52,-14.04
CUST-5858,ORD-644,2022-02-16,Europe,Mid Value,4,93.67,374.67,195.81,52.57,126.28
CUST-7544,ORD-645,2022-03-06,Europe,High Value,5,430.99,2154.95,1039.22,77.43,1038.3
CUST-5719,ORD-646,2023-04-20,Africa,Low Value,2,302.74,605.48,397.06,25.38,183.04
CUST-3814,ORD-647,2022-05-26,Asia,Mid Value,4,184.3,737.18,363.23,51.59,322.36
CUST-4374,ORD-648,2023-01-17,Africa,Mid Value,4,272.71,1090.84,503.26,61.92,525.66
CUST-2252,ORD-649,2022-03-07,Africa,Low Value,2,145.43,290.86,145.17,12.11,133.58
CUST-7996,ORD-650,2023-06-01,Asia,Mid Value,5,300.24,1501.22,839.9,55.02,606.3
CUST-5673,ORD-651,2022-04-03,Asia,Mid Value,1,55.82,55.82,32.03,17.68,6.11
CUST-5530,ORD-652,2023-03-02,North America,High Value,5,453.27,2266.36,1055.28,29.61,1181.48
CUST-7881,ORD-653,2023-04-13,Africa,Mid Value,2,135.41,270.83,151.89,58.71,60.22
CUST-7949,ORD-654,2022-04-04,Asia,Low Value,1,413.16,413.16,248.34,38.0,126.81
CUST-7241,ORD-655,2023-09-10,Europe,Mid Value,1,336.8,336.8,230.02,74.09,32.69
CUST-9017,ORD-656,2022-05-13,North America,High Value,1,271.04,271.04,137.37,23.09,110.58
CUST-7941,ORD-657,2023-03-10,Africa,Mid Value,5,466.3,2331.51,1172.15,16.53,1142.83
CUST-8002,ORD-658,2022-12-07,Asia,High Value,2,95.27,190.54,104.29,30.29,55.96
CUST-2331,ORD-659,2022-11-10,North America,Mid Value,5,77.25,386.27,268.81,68.89,48.56
CUST-5261,ORD-660,2023-08-14,North America,High Value,5,174.49,872.46,465.94,68.56,337.96
CUST-8648,ORD-661,2022-07-31,Europe,High Value,3,418.51,1255.52,578.75,32.7,644.07
CUST-6115,ORD-662,2023-06-04,North America,Mid Value,4,36.9,147.59,76.21,65.74,5.63
CUST-5637,ORD-663,2022-06-08,Africa,Low Value,5,134.91,674.57,397.71,10.83,266.03
CUST-5854,ORD-664,2022-09-25,Asia,Low Value,3,223.86,671.57,371.47,5.57,294.53
CUST-4177,ORD-665,2023-10-23,North America,Mid Value,2,362.21,724.42,466.21,69.86,188.36
CUST-8730,ORD-666,2023-08-26,North America,Mid Value,3,163.67,491.01,295.5,70.56,124.96
CUST-3180,ORD-667,2023-04-19,Africa,Mid Value,5,235.09,1175.47,693.37,15.75,466.35
CUST-5892,ORD-668,2023-02-14,Europe,Mid Value,2,181.69,363.38,192.86,27.33,143.19
CUST-8043,ORD-669,2023-04-19,Europe,Mid Value,3,64.19,192.57,113.22,68.79,10.55
CUST-1137,ORD-670,2022-12-22,Asia,Low Value,5,374.56,1872.82,1130.99,11.28,730.55
CUST-7327,ORD-671,2023-11-11,Africa,High Value,2,241.46,482.92,238.95,69.73,174.24
CUST-4472,ORD-672,2022-07-12,Europe,High Value,2,410.01,820.01,519.86,48.1,252.05
CUST-6449,ORD-673,2023-11-30,Asia,Low Value,4,353.45,1413.81,775.1,54.3,584.42
CUST-3832,ORD-674,2022-09-28,Asia,Low Value,5,47.75,238.76,151.75,49.61,37.4
CUST-4579,ORD-675,2022-04-24,Europe,High Value,4,260.04,1040.15,514.28,48.69,477.18
CUST-6971,ORD-676,2023-06-07,Africa,Low Value,2,495.61,991.22,608.74,18.88,363.6
CUST-5164,ORD-677,2022-02-24,North America,Mid Value,2,167.78,335.56,153.26,22.7,159.6
CUST-8941,ORD-678,2022-03-06,Europe,Low Value,3,256.62,769.86,377.03,48.5,344.32
CUST-6569,ORD-679,2023-11-15,North America,Low Value,4,332.98,1331.9,896.08,35.11,400.72
CUST-5300,ORD-680,2022-09-29,North America,Low Value,1,117.09,117.09,66.2,45.6,5.29
CUST-7269,ORD-681,2023-05-17,Africa,Low Value,5,357.2,1786.02,1030.47,24.0,731.54
CUST-4818,ORD-682,2023-10-24,Africa,High Value,4,336.69,1346.77,911.62,39.79,395.36
CUST-2906,ORD-683,2022-12-28,Asia,High Value,2,199.98,399.96,228.47,15.76,155.74
CUST-7254,ORD-684,2022-05-26,Africa,High Value,3,156.53,469.59,288.16,7.88,173.55
CUST-1760,ORD-685,2022-07-28,Asia,High Value,5,461.17,2305.85,1165.58,76.33,1063.93
CUST-8830,ORD-686,2022-10-13,Europe,Mid Value,5,80.97,404.86,190.44,59.23,155.19
CUST-8350,ORD-687,2022-01-10,North America,Mid Value,3,227.37,682.12,367.21,42.35,272.56
CUST-7238,ORD-688,2022-07-05,Africa,High Value,2,388.15,776.3,504.34,46.33,225.64
CUST-7090,ORD-689,2023-07-28,Europe,High Value,1,91.11,91.11,51.17,43.34,-3.41
CUST-7031,ORD-690,2023-08-20,Asia,High Value,3,467.81,1403.42,690.53,72.41,640.47
CUST-8687,ORD-691,2023-04-09,Africa,Low Value,1,272.6,272.6,159.82,63.02,49.76
CUST-9472,ORD-692,2022-05-14,North America,Mid Value,4,262.31,1049.25,541.37,29.39,478.49
CUST-2887,ORD-693,2022-06-20,Europe,Mid Value,5,223.65,1118.27,767.88,21.36,329.03
CUST-4266,ORD-694,2022-08-01,Africa,Low Value,2,436.38,872.75,518.72,9.99,344.04
CUST-1666,ORD-695,2023-06-14,Africa,Low Value,1,475.25,475.25,330.65,16.08,128.52
CUST-5188,ORD-696,2023-05-17,Europe,Low Value,2,202.43,404.87,186.55,41.75,176.56
CUST-1671,ORD-697,2023-07-26,Asia,Mid Value,4,280.35,1121.4,507.87,20.19,593.33
CUST-7777,ORD-698,2023-08-23,Asia,Low Value,1,171.4,171.4,97.58,28.43,45.4
CUST-8570,ORD-699,2022-01-27,Africa,Low Value,2,196.65,393.3,261.74,15.0,116.56
CUST-8956,ORD-700,2022-03-09,Asia,Low Value,2,33.6,67.2,39.05,74.21,-46.06
CUST-6124,ORD-701,2023-02-12,Asia,High Value,4,397.25,1589.0,1063.11,7.53,518.35
CUST-6585,ORD-702,2023-07-06,Europe,Low Value,3,485.28,1455.84,702.65,31.39,721.81
CUST-5777,ORD-703,2022-04-19,Asia,High Value,4,389.37,1557.49,973.17,24.36,559.96
CUST-4900,ORD-704,2022-03-15,Asia,Mid Value,1,268.74,268.74,165.27,5.62,97.85
CUST-7677,ORD-705,2023-08-01,Europe,Mid Value,1,417.2,417.2,244.58,74.64,97.98
CUST-7981,ORD-706,2023-11-11,Africa,Mid Value,5,431.78,2158.91,1190.16,28.52,940.23
CUST-7376,ORD-707,2022-09-19,Africa,High Value,2,281.37,562.74,344.27,42.67,175.8
CUST-1523,ORD-708,2023-01-03,Europe,Low Value,1,469.84,469.84,276.04,48.7,145.1
CUST-3393,ORD-709,2022-08-25,North America,Mid Value,3,34.48,103.45,53.6,50.79,-0.94
CUST-3593,ORD-710,2023-12-28,Europe,Low Value,3,24.85,74.54,35.49,39.52,-0.47
CUST-8240,ORD-711,2023-01-01,North America,High Value,4,59.1,236.4,129.23,49.54,57.63
CUST-7937,ORD-712,2022-10-13,Asia,Mid Value,1,47.77,47.77,27.62,61.38,-41.23
CUST-7190,ORD-713,2023-01-13,Africa,Low Value,1,223.81,223.81,129.17,76.41,18.24
CUST-6240,ORD-714,2023-10-23,North America,Low Value,5,471.35,2356.77,1311.3,54.28,991.2
CUST-7493,ORD-715,2023-01-11,North America,Mid Value,5,344.11,1720.54,915.05,39.67,765.82
CUST-3878,ORD-716,2023-09-11,Asia,Low Value,5,336.54,1682.69,904.65,38.35,739.69
CUST-5143,ORD-717,2023-10-15,Africa,High Value,1,204.75,204.75,105.74,58.24,40.76
CUST-4644,ORD-718,2022-03-17,Asia,Mid Value,4,276.21,1104.83,657.35,52.03,395.45
CUST-5432,ORD-719,2022-01-09,Africa,Mid Value,4,166.0,664.02,439.89,36.53,187.59
CUST-2276,ORD-720,2022-07-15,Africa,Mid Value,4,268.56,1074.25,719.66,30.19,324.39
CUST-6811,ORD-721,2023-09-22,Asia,Mid Value,4,378.4,1513.59,1057.14,79.49,376.96
CUST-1302,ORD-722,2022-10-17,North America,High Value,3,288.17,864.52,408.23,62.51,393.78
CUST-1638,ORD-723,2022-03-02,Europe,High Value,1,221.06,221.06,111.32,20.51,89.23
CUST-1055,ORD-724,2023-01-24,Africa,Low Value,2,425.56,851.13,538.38,26.91,285.83
CUST-9717,ORD-725,2023-07-17,Africa,High Value,1,157.97,157.97,96.57,72.03,-10.62
CUST-9150,ORD-726,2023-07-18,Europe,Low Value,4,251.11,1004.45,485.62,54.56,464.27
CUST-3125,ORD-727,2023-09-26,Europe,Low Value,3,489.51,1468.53,892.51,28.31,547.72
CUST-1364,ORD-728,2023-11-10,Asia,Mid Value,3,484.31,1452.94,801.47,32.32,619.16
CUST-7809,ORD-729,2022-01-08,Africa,Low Value,1,23.02,23.02,15.86,33.42,-26.26
CUST-5621,ORD-730,2023-01-04,Asia,Mid Value,2,275.47,550.94,365.72,18.97,166.25
CUST-6126,ORD-731,2022-02-14,Europe,Low Value,4,181.72,726.88,340.41,43.34,343.14
CUST-6122,ORD-732,2022-12-10,Asia,High Value,3,159.79,479.36,226.5,62.42,190.45
CUST-2646,ORD-733,2023-01-10,Africa,Mid Value,4,306.2,1224.8,678.87,47.3,498.63
CUST-1918,ORD-734,2023-09-11,North America,Low Value,4,234.23,936.9,423.57,54.2,459.14
CUST-3797,ORD-735,2022-01-27,North America,High Value,4,371.76,1487.06,704.27,49.65,733.14
CUST-7506,ORD-736,2022-07-12,Africa,High Value,5,33.02,165.12,112.8,9.42,42.9
CUST-6870,ORD-737,2022-12-23,Asia,Mid Value,4,464.91,1859.63,1205.24,19.1,635.28
CUST-2531,ORD-738,2022-03-03,Europe,Mid Value,4,292.44,1169.78,723.13,31.28,415.37
CUST-9172,ORD-739,2022-03-03,Europe,Mid Value,2,348.35,696.7,458.12,71.69,166.89
CUST-4345,ORD-740,2023-02-26,North America,Low Value,2,310.2,620.4,317.97,31.15,271.29
CUST-8673,ORD-741,2023-09-25,Asia,Mid Value,5,494.78,2473.92,1562.01,29.53,882.37
CUST-7949,ORD-742,2023-07-05,Europe,High Value,5,493.42,2467.12,1489.87,11.04,966.2
CUST-7882,ORD-743,2023-01-15,Europe,High Value,4,312.75,1250.99,828.36,77.91,344.73
CUST-2906,ORD-744,2022-10-04,Africa,Mid Value,3,348.3,1044.91,544.05,63.39,437.46
CUST-4086,ORD-745,2023-08-29,Asia,Mid Value,3,316.91,950.74,609.36,62.44,278.94
CUST-9152,ORD-746,2023-03-07,Asia,High Value,1,169.13,169.13,112.16,33.78,23.19
CUST-6750,ORD-747,2022-04-25,Europe,Low Value,3,112.45,337.36,198.12,10.88,128.37
CUST-9905,ORD-748,2023-11-19,Asia,High Value,3,213.33,639.98,354.19,24.76,261.02
CUST-2062,ORD-749,2022-05-01,Asia,High Value,2,347.72,695.45,477.89,68.97,148.59
CUST-2976,ORD-750,2023-06-09,Asia,High Value,1,46.87,46.87,23.07,18.52,5.28
CUST-2296,ORD-751,2023-02-20,Africa,Mid Value,1,266.87,266.87,122.51,72.07,72.29
CUST-7229,ORD-752,2022-06-12,Europe,Low Value,2,216.03,432.06,213.78,45.18,173.1
CUST-8641,ORD-753,2023-11-19,North America,Low Value,3,273.19,819.58,508.85,58.59,252.14
CUST-1125,ORD-754,2022-12-03,Asia,Mid Value,3,432.91,1298.73,840.58,39.02,419.12
CUST-5632,ORD-755,2023-01-14,Europe,High Value,1,42.85,42.85,26.96,74.92,-59.03
CUST-7288,ORD-756,2022-11-20,North America,Mid Value,3,386.54,1159.62,643.55,22.97,493.09
CUST-4596,ORD-757,2022-06-22,Africa,Mid Value,1,340.12,340.12,235.32,47.93,56.86
CUST-7168,ORD-758,2022-03-05,Europe,Low Value,3,117.85,353.54,198.36,10.18,144.99
CUST-8561,ORD-759,2022-04-11,Africa,Low Value,4,372.41,1489.63,1035.78,41.03,412.82
CUST-9258,ORD-760,2022-11-18,Europe,Mid Value,2,258.26,516.52,350.99,77.95,87.58
CUST-1232,ORD-761,2022-03-07,Africa,Mid Value,5,250.89,1254.46,692.19,11.61,550.66
CUST-7371,ORD-762,2023-07-11,Europe,Low Value,4,251.87,1007.5,493.93,43.0,470.56
CUST-5206,ORD-763,2023-08-22,Africa,Low Value,3,475.63,1426.9,674.15,50.17,702.57
CUST-8943,ORD-764,2023-04-03,North America,High Value,5,473.29,2366.47,1379.34,74.88,912.25
CUST-7891,ORD-765,2023-08-02,Europe,Mid Value,4,458.53,1834.13,1175.31,27.31,631.51
CUST-7738,ORD-766,2023-03-29,North America,High Value,2,445.64,891.27,440.3,42.72,408.25
CUST-3472,ORD-767,2022-09-16,Asia,High Value,5,38.04,190.21,100.73,79.04,10.44
CUST-3739,ORD-768,2023-12-18,North America,High Value,5,212.29,1061.43,644.96,62.68,353.79
CUST-6401,ORD-769,2023-03-02,Europe,Low Value,2,449.54,899.08,508.18,65.78,325.12
CUST-2761,ORD-770,2022-06-27,North America,High Value,4,382.46,1529.84,919.39,63.54,546.92
CUST-1876,ORD-771,2022-10-07,Europe,Low Value,5,239.2,1195.98,740.42,43.64,411.92
CUST-4812,ORD-772,2022-12-10,Africa,Low Value,2,391.16,782.32,426.5,37.58,318.24
CUST-2460,ORD-773,2022-01-17,Asia,Low Value,4,119.93,479.72,310.13,24.11,145.47
CUST-2733,ORD-774,2022-10-23,North America,Mid Value,3,307.9,923.71,577.98,39.95,305.78
CUST-2605,ORD-775,2022-07-21,Asia,High Value,1,275.84,275.84,171.54,6.54,97.76
CUST-6622,ORD-776,2023-11-15,North America,Low Value,3,295.3,885.91,431.77,12.28,441.86
CUST-7767,ORD-777,2022-07-13,Europe,Mid Value,3,366.46,1099.39,625.07,26.54,447.78
CUST-7986,ORD-778,2022-05-29,North America,Mid Value,1,475.91,475.91,282.83,30.02,163.06
CUST-4517,ORD-779,2023-01-10,Asia,Mid Value,3,146.73,440.18,222.99,58.06,159.12
CUST-4735,ORD-780,2022-02-04,North America,Low Value,3,383.86,1151.59,736.61,17.87,397.12
CUST-9434,ORD-781,2023-01-04,Asia,Low Value,2,329.67,659.34,316.66,64.68,277.99
CUST-3590,ORD-782,2022-01-29,Asia,Low Value,2,353.67,707.34,344.8,65.06,297.48
CUST-2063,ORD-783,2022-08-09,Europe,Mid Value,4,225.88,903.53,499.95,49.03,354.55
CUST-5324,ORD-784,2022-02-22,Africa,Low Value,5,473.4,2366.99,1145.23,41.86,1179.89
CUST-6342,ORD-785,2022-12-19,Africa,High Value,4,250.23,1000.94,453.34,40.05,507.55
CUST-1005,ORD-786,2023-01-27,North America,Low Value,2,78.36,156.73,86.65,36.54,33.54
CUST-8489,ORD-787,2022-03-17,Asia,Low Value,2,346.73,693.47,424.5,11.64,257.33
CUST-9659,ORD-788,2023-05-09,Europe,High Value,1,81.86,81.86,46.97,54.16,-19.27
CUST-9195,ORD-789,2023-11-19,Africa,Low Value,1,174.88,174.88,80.98,48.3,45.61
CUST-6966,ORD-790,2023-06-06,Europe,Low Value,2,129.44,258.89,131.54,6.18,121.16
CUST-9837,ORD-791,2022-04-27,Europe,Low Value,3,278.69,836.07,485.83,20.2,330.04
CUST-1117,ORD-792,2022-10-07,Asia,Low Value,4,186.8,747.21,474.12,37.72,235.36
CUST-3551,ORD-793,2023-12-31,North America,Mid Value,2,96.73,193.46,125.45,72.6,-4.59
CUST-6560,ORD-794,2022-06-24,Asia,Low Value,2,399.59,799.18,463.4,79.27,256.51
CUST-5289,ORD-795,2022-10-22,Africa,High Value,1,244.88,244.88,149.75,61.35,33.78
CUST-1846,ORD-796,2023-03-27,Africa,High Value,4,238.14,952.54,643.78,61.2,247.56
CUST-7316,ORD-797,2023-06-02,Europe,Mid Value,4,445.45,1781.82,830.86,36.15,914.81
CUST-7469,ORD-798,2022-01-21,Asia,Low Value,5,278.64,1393.18,661.47,47.82,683.89
CUST-9915,ORD-799,2022-03-14,Asia,High Value,2,360.75,721.5,407.26,22.46,291.78
CUST-1224,ORD-800,2022-02-05,Europe,Mid Value,5,177.47,887.36,534.57,60.36,292.42
CUST-5208,ORD-801,2023-05-22,North America,Low Value,1,289.42,289.42,130.57,9.48,149.36
CUST-7283,ORD-802,2022-08-21,Europe,Mid Value,5,368.68,1843.4,1038.08,36.29,769.02
CUST-3048,ORD-803,2023-12-29,Europe,Low Value,3,162.31,486.92,240.14,67.35,179.42
CUST-7233,ORD-804,2023-05-12,Africa,Mid Value,2,350.5,700.99,428.5,78.49,194.0
CUST-2828,ORD-805,2022-07-25,Asia,Mid Value,2,293.01,586.01,302.93,57.24,225.84
CUST-2917,ORD-806,2023-03-02,Africa,High Value,4,228.41,913.65,617.16,19.79,276.7
CUST-5234,ORD-807,2022-02-13,Europe,High Value,5,362.23,1811.13,843.92,47.83,919.38
CUST-7988,ORD-808,2022-04-01,Asia,Mid Value,4,172.11,688.46,449.08,47.04,192.34
CUST-3026,ORD-809,2023-04-15,Europe,Low Value,5,362.96,1814.81,994.66,77.43,742.71
CUST-4744,ORD-810,2023-08-28,Europe,Low Value,5,284.53,1422.67,945.07,68.01,409.59
CUST-1009,ORD-811,2023-04-12,North America,Low Value,1,137.89,137.89,90.15,8.68,39.06
CUST-1260,ORD-812,2023-03-30,Africa,Low Value,5,340.77,1703.86,868.67,21.51,813.69
CUST-7038,ORD-813,2023-08-18,Africa,Low Value,4,444.69,1778.75,822.92,68.14,887.68
CUST-3219,ORD-814,2022-11-29,Europe,High Value,5,168.81,844.03,526.58,77.94,239.52
CUST-8041,ORD-815,2023-05-22,North America,Mid Value,5,409.92,2049.6,1027.05,27.1,995.45
CUST-3060,ORD-816,2023-04-15,Europe,High Value,2,181.34,362.69,247.58,56.8,58.3
CUST-6287,ORD-817,2022-01-21,Europe,Low Value,2,414.14,828.28,386.65,28.09,413.55
CUST-2619,ORD-818,2022-08-16,Europe,Mid Value,2,44.55,89.1,47.31,8.08,33.71
CUST-9512,ORD-819,2023-01-11,North America,Low Value,3,23.46,70.39,31.9,67.21,-28.72
CUST-2342,ORD-820,2022-05-10,Asia,Low Value,2,74.37,148.73,78.72,60.41,9.6
CUST-3832,ORD-821,2023-11-18,North America,Mid Value,3,439.49,1318.48,771.72,9.0,537.76
CUST-3824,ORD-822,2023-09-12,Europe,Low Value,3,276.19,828.56,508.5,15.91,304.15
CUST-2994,ORD-823,2023-02-18,Asia,High Value,4,305.17,1220.67,770.99,79.96,369.72
CUST-4490,ORD-824,2022-03-12,Europe,High Value,2,424.26,848.52,558.63,53.81,236.08
CUST-8984,ORD-825,2023-02-08,North America,High Value,5,44.31,221.55,105.83,65.03,50.68
CUST-2604,ORD-826,2023-07-16,North America,Low Value,1,205.81,205.81,131.82,34.15,39.85
CUST-1235,ORD-827,2023-08-30,Asia,High Value,5,328.68,1643.42,853.91,43.87,745.64
CUST-2908,ORD-828,2023-02-01,North America,Low Value,2,214.25,428.49,207.63,51.49,169.37
CUST-9567,ORD-829,2022-12-03,Europe,Low Value,5,35.42,177.11,91.46,65.45,20.2
CUST-4530,ORD-830,2023-10-06,Asia,High Value,2,332.45,664.91,441.83,30.42,192.66
CUST-6256,ORD-831,2023-05-20,Africa,High Value,2,207.87,415.75,252.29,55.42,108.03
CUST-3635,ORD-832,2022-10-03,Europe,Low Value,5,29.22,146.1,87.57,63.17,-4.64
CUST-9162,ORD-833,2022-01-13,Africa,Low Value,3,101.85,305.55,182.15,65.38,58.01
CUST-3560,ORD-834,2022-01-03,Asia,Low Value,4,124.44,497.76,274.84,42.44,180.47
CUST-6415,ORD-835,2022-08-12,Asia,Low Value,4,265.1,1060.38,587.72,40.5,432.16
CUST-4391,ORD-836,2022-06-24,Europe,High Value,4,109.46,437.84,213.26,12.84,211.74
CUST-6951,ORD-837,2023-01-20,North America,Low Value,4,193.44,773.75,412.53,42.33,318.89
CUST-6468,ORD-838,2023-08-25,Europe,Low Value,1,380.32,380.32,219.83,57.65,102.85
CUST-9007,ORD-839,2022-08-29,North America,Low Value,2,407.71,815.41,490.47,74.04,250.89
CUST-7413,ORD-840,2023-07-01,North America,Low Value,1,401.8,401.8,188.01,14.39,199.4
CUST-7941,ORD-841,2022-01-14,Europe,Low Value,4,353.64,1414.56,754.6,77.67,582.29
CUST-5820,ORD-842,2022-07-14,Asia,Mid Value,4,280.07,1120.28,599.19,22.56,498.54
CUST-3898,ORD-843,2023-02-01,Europe,Mid Value,5,284.3,1421.51,822.73,18.19,580.6
CUST-8546,ORD-844,2023-03-07,Africa,Mid Value,4,477.63,1910.5,1198.86,13.59,698.06
CUST-1077,ORD-845,2022-11-02,Asia,High Value,2,441.38,882.75,537.43,79.26,266.07
CUST-8577,ORD-846,2022-11-30,North America,Low Value,4,331.9,1327.59,786.89,47.08,493.62
CUST-5227,ORD-847,2023-12-26,Asia,High Value,4,244.88,979.51,512.14,25.29,442.07
CUST-1600,ORD-848,2023-02-14,Europe,Low Value,1,369.95,369.95,244.08,28.82,97.06
CUST-2065,ORD-849,2022-01-03,Asia,Mid Value,2,50.1,100.21,64.77,76.27,-40.83
CUST-3136,ORD-850,2023-11-22,North America,Low Value,3,473.41,1420.24,704.3,72.5,643.44
CUST-7943,ORD-851,2023-07-06,North America,High Value,5,282.84,1414.19,868.01,31.25,514.94
CUST-8804,ORD-852,2023-03-28,Asia,High Value,3,261.34,784.02,530.52,9.77,243.73
CUST-7565,ORD-853,2023-11-07,Africa,Low Value,1,159.6,159.6,89.2,67.51,2.89
CUST-6984,ORD-854,2023-05-10,North America,High Value,4,21.63,86.51,58.93,73.58,-46.0
CUST-6142,ORD-855,2023-02-21,Africa,Mid Value,5,49.4,246.98,112.5,67.81,66.67
CUST-5670,ORD-856,2023-01-26,North America,Low Value,2,146.24,292.49,169.37,73.47,49.65
CUST-3190,ORD-857,2023-01-08,Asia,Mid Value,5,279.94,1399.71,719.55,48.19,631.97
CUST-3712,ORD-858,2023-09-20,North America,Mid Value,1,60.12,60.12,30.99,67.97,-38.85
CUST-3192,ORD-859,2022-02-21,Africa,High Value,4,486.58,1946.34,1302.85,75.79,567.69
CUST-2248,ORD-860,2023-01-11,Africa,Low Value,1,217.26,217.26,114.69,71.74,30.83
CUST-5033,ORD-861,2023-01-30,Asia,Mid Value,2,171.83,343.66,156.65,49.04,137.97
CUST-2997,ORD-862,2022-05-22,Africa,Mid Value,3,272.09,816.28,477.46,60.99,277.83
CUST-4687,ORD-863,2022-03-27,Africa,Low Value,4,51.19,204.77,141.85,59.1,3.83
CUST-5018,ORD-864,2023-04-09,Asia,High Value,4,428.22,1712.87,804.66,65.22,842.98
CUST-2970,ORD-865,2022-02-15,North America,Mid Value,1,240.93,240.93,125.66,22.16,93.1
CUST-9389,ORD-866,2022-08-26,Asia,Low Value,1,105.6,105.6,59.92,5.16,40.52
CUST-6765,ORD-867,2022-01-10,North America,Low Value,1,97.63,97.63,64.21,43.24,-9.82
CUST-2202,ORD-868,2023-10-26,North America,Mid Value,4,193.26,773.03,399.83,62.42,310.79
CUST-9135,ORD-869,2023-07-27,North America,Mid Value,1,295.21,295.21,158.21,14.38,122.62
CUST-6567,ORD-870,2023-06-14,Europe,Mid Value,5,220.11,1100.57,601.05,44.96,454.57
CUST-8667,ORD-871,2023-08-21,North America,High Value,5,306.46,1532.31,834.97,28.58,668.76
CUST-6742,ORD-872,2023-10-11,Asia,High Value,5,358.63,1793.15,896.73,67.87,828.55
CUST-6788,ORD-873,2023-10-02,Asia,Low Value,4,379.27,1517.1,1029.98,12.52,474.6
CUST-6408,ORD-874,2023-09-08,Asia,Low Value,1,212.46,212.46,137.72,68.59,6.15
CUST-9669,ORD-875,2023-11-29,Europe,Mid Value,2,364.16,728.32,505.39,50.81,172.12
CUST-1922,ORD-876,2022-06-27,Africa,Low Value,1,87.92,87.92,47.72,73.96,-33.76
CUST-1419,ORD-877,2022-01-06,Europe,High Value,4,266.29,1065.14,491.38,75.17,498.6
CUST-3204,ORD-878,2022-11-03,Asia,Low Value,5,54.81,274.04,131.23,65.67,77.14
CUST-2120,ORD-879,2023-07-02,Asia,Low Value,4,137.17,548.68,295.94,44.76,207.98
CUST-1950,ORD-880,2022-11-23,Africa,Mid Value,1,299.93,299.93,203.28,15.69,80.96
CUST-3336,ORD-881,2022-12-22,Europe,Mid Value,4,375.4,1501.61,1044.02,21.91,435.68
CUST-6373,ORD-882,2023-01-30,Asia,High Value,2,65.75,131.5,86.2,36.33,8.97
CUST-3243,ORD-883,2022-10-27,North America,Low Value,4,119.39,477.57,243.37,59.68,174.52
CUST-3645,ORD-884,2023-06-10,North America,Low Value,3,496.11,1488.33,915.21,45.86,527.26
CUST-5612,ORD-885,2022-10-12,Asia,Low Value,4,182.08,728.3,436.36,37.87,254.07
CUST-2865,ORD-886,2022-11-26,North America,Mid Value,1,156.34,156.34,102.53,40.82,12.99
CUST-7028,ORD-887,2022-02-19,Africa,High Value,3,60.92,182.77,105.54,60.61,16.62
CUST-8326,ORD-888,2023-09-14,Asia,Low Value,5,353.52,1767.62,936.01,7.58,824.03
CUST-7371,ORD-889,2023-12-10,Europe,Low Value,1,263.96,263.96,120.05,38.2,105.71
CUST-7359,ORD-890,2023-01-13,Asia,Low Value,2,95.62,191.25,124.07,47.95,19.22
CUST-8863,ORD-891,2023-08-23,Africa,Low Value,4,323.79,1295.16,754.51,49.15,491.5
CUST-4228,ORD-892,2023-06-22,Europe,High Value,4,272.36,1089.46,635.75,51.4,402.31
CUST-4719,ORD-893,2022-05-24,Africa,High Value,1,291.17,291.17,200.7,9.01,81.47
CUST-3371,ORD-894,2022-03-01,North America,High Value,4,497.53,1990.12,1137.47,46.85,805.81
CUST-3891,ORD-895,2022-03-16,North America,Mid Value,4,33.73,134.94,71.37,46.29,17.27
CUST-4756,ORD-896,2022-01-03,North America,Low Value,5,459.19,2295.93,1228.23,69.11,998.59
CUST-5225,ORD-897,2023-07-29,Africa,Low Value,4,424.11,1696.43,768.38,62.01,866.05
CUST-1094,ORD-898,2023-03-24,Africa,Low Value,4,219.36,877.46,421.7,7.34,448.42
CUST-3674,ORD-899,2022-10-02,Asia,Low Value,5,442.85,2214.27,1020.67,46.69,1146.9
CUST-7898,ORD-900,2023-06-14,Europe,High Value,4,331.31,1325.24,676.95,56.82,591.47
CUST-1793,ORD-901,2023-08-15,Europe,Mid Value,5,446.89,2234.45,1041.62,48.51,1144.32
CUST-3116,ORD-902,2022-08-03,Africa,Mid Value,2,305.47,610.94,325.5,55.73,229.72
CUST-6779,ORD-903,2023-11-14,Africa,Low Value,4,123.75,495.01,238.36,13.75,242.9
CUST-7166,ORD-904,2023-04-30,North America,High Value,1,296.59,296.59,201.52,17.69,77.37
CUST-1814,ORD-905,2022-11-25,Africa,Mid Value,3,105.95,317.85,217.6,48.71,51.55
CUST-1345,ORD-906,2022-09-12,North America,Mid Value,2,87.6,175.19,105.27,65.05,4.88
CUST-9554,ORD-907,2023-01-22,Africa,Low Value,4,333.95,1335.8,870.1,6.95,458.75
CUST-3443,ORD-908,2022-05-06,Europe,Mid Value,1,474.79,474.79,294.04,37.72,143.03
CUST-8783,ORD-909,2023-08-07,Asia,Low Value,3,302.48,907.43,592.35,79.4,235.68
CUST-1984,ORD-910,2023-07-04,Africa,High Value,5,401.98,2009.89,1225.94,62.43,721.52
CUST-8790,ORD-911,2022-11-20,North America,Low Value,4,100.81,403.26,224.84,38.76,139.66
CUST-1827,ORD-912,2022-07-23,Asia,Mid Value,5,334.02,1670.1,1116.36,12.35,541.39
CUST-4531,ORD-913,2022-06-21,North America,Low Value,2,371.83,743.66,416.09,31.94,295.63
CUST-8147,ORD-914,2022-08-05,North America,Low Value,3,39.97,119.92,65.85,16.58,37.5
CUST-5451,ORD-915,2022-09-02,Asia,Low Value,3,66.64,199.92,121.17,74.06,4.69
CUST-4876,ORD-916,2022-12-02,Asia,Low Value,5,395.16,1975.79,1352.4,56.42,566.97
CUST-6959,ORD-917,2023-12-04,Asia,Low Value,5,231.18,1155.88,647.93,69.18,438.77
CUST-1126,ORD-918,2022-10-25,Africa,Low Value,2,214.68,429.36,254.93,72.31,102.12
CUST-4177,ORD-919,2022-07-01,Asia,Mid Value,1,461.78,461.78,264.64,50.52,146.62
CUST-9795,ORD-920,2022-11-30,Africa,Low Value,4,496.14,1984.57,1344.42,5.49,634.66
CUST-7024,ORD-921,2023-05-26,Europe,Mid Value,1,386.9,386.9,239.57,46.71,100.63
CUST-6109,ORD-922,2023-01-18,Europe,Low Value,3,400.45,1201.34,666.62,65.19,469.53
CUST-5146,ORD-923,2023-12-18,North America,High Value,4,119.99,479.98,288.81,28.59,162.58
CUST-8196,ORD-924,2022-07-18,North America,Low Value,2,112.27,224.54,109.8,74.58,40.15
CUST-4368,ORD-925,2022-11-28,Africa,Mid Value,1,490.73,490.73,262.78,79.76,148.19
CUST-4797,ORD-926,2022-06-14,North America,Mid Value,1,353.64,353.64,224.23,46.19,83.22
CUST-2792,ORD-927,2022-08-30,Europe,High Value,4,349.62,1398.48,825.94,44.84,527.7
CUST-6732,ORD-928,2023-10-04,Africa,Low Value,2,157.37,314.74,166.36,54.14,94.24
CUST-4476,ORD-929,2022-08-15,Africa,High Value,2,445.51,891.02,481.66,47.48,361.88
CUST-4417,ORD-930,2023-09-26,Asia,Low Value,1,41.33,41.33,26.97,17.03,-2.67
CUST-2645,ORD-931,2023-07-10,Africa,Low Value,1,151.8,151.8,88.84,25.33,37.63
CUST-4030,ORD-932,2023-03-27,North America,Mid Value,5,106.47,532.34,271.33,20.13,240.88
CUST-3872,ORD-933,2022-07-15,Europe,High Value,4,361.33,1445.3,757.63,10.41,677.26
CUST-4072,ORD-934,2022-07-23,North America,High Value,2,363.37,726.74,412.04,15.53,299.17
CUST-2854,ORD-935,2023-04-03,Europe,Mid Value,3,276.67,830.01,531.8,77.92,220.29
CUST-5021,ORD-936,2022-09-14,Asia,Mid Value,4,22.52,90.1,63.01,46.62,-19.54
CUST-5662,ORD-937,2023-06-13,Europe,High Value,5,439.4,2197.01,1090.69,14.44,1091.88
CUST-7514,ORD-938,2022-09-29,Asia,Mid Value,4,478.68,1914.73,1223.0,58.48,633.25
CUST-6031,ORD-939,2022-01-09,North America,Low Value,1,117.11,117.11,70.77,40.76,5.58
CUST-3708,ORD-940,2022-07-20,Asia,High Value,4,424.27,1697.09,989.06,21.85,686.18
CUST-8112,ORD-941,2022-02-28,Africa,High Value,4,487.18,1948.71,1347.76,75.77,525.19
CUST-9393,ORD-942,2023-01-28,Africa,Mid Value,4,176.95,707.79,375.62,21.84,310.33
CUST-4507,ORD-943,2023-10-14,Europe,Low Value,3,108.83,326.48,161.36,12.32,152.8
CUST-7456,ORD-944,2022-04-29,North America,High Value,5,489.22,2446.1,1637.42,20.43,788.25
CUST-5212,ORD-945,2023-07-07,North America,High Value,4,48.68,194.71,90.96,73.39,30.35
CUST-8970,ORD-946,2023-02-03,Europe,Low Value,4,152.46,609.84,399.01,69.33,141.5
CUST-9766,ORD-947,2022-11-27,Africa,Mid Value,3,376.17,1128.52,674.08,72.07,382.37
CUST-1536,ORD-948,2022-09-24,Asia,Mid Value,2,316.33,632.66,310.64,73.71,248.31
CUST-2625,ORD-949,2023-06-04,Europe,Mid Value,4,348.57,1394.26,706.67,10.81,676.78
CUST-8973,ORD-950,2023-11-26,Asia,Mid Value,4,359.88,1439.54,703.88,58.35,677.31
CUST-9577,ORD-951,2023-04-25,Asia,Low Value,2,349.35,698.7,439.89,54.84,203.97
CUST-9070,ORD-952,2022-05-14,North America,Low Value,4,184.28,737.1,358.84,79.47,298.79
CUST-9666,ORD-953,2023-11-24,Africa,High Value,4,169.52,678.08,420.64,58.6,198.84
CUST-9609,ORD-954,2022-12-21,Asia,High Value,4,225.66,902.66,435.11,64.4,403.14
CUST-7490,ORD-955,2023-08-07,Africa,Low Value,5,407.69,2038.44,1326.14,58.62,653.68
CUST-4600,ORD-956,2023-05-13,North America,High Value,1,470.37,470.37,319.79,51.54,99.03
CUST-7783,ORD-957,2023-09-17,Europe,Low Value,5,238.52,1192.59,703.42,46.48,442.69
CUST-5971,ORD-958,2022-04-17,Europe,Mid Value,2,61.17,122.34,84.6,77.69,-39.96
CUST-2205,ORD-959,2022-10-17,North America,Low Value,5,470.38,2351.92,1287.9,75.23,988.79
CUST-2990,ORD-960,2023-09-21,North America,Low Value,5,58.61,293.03,149.78,37.84,105.41
CUST-6299,ORD-961,2023-09-24,Asia,High Value,3,96.37,289.12,142.92,26.31,119.89
CUST-4572,ORD-962,2022-05-27,North America,Low Value,2,436.49,872.97,497.37,43.18,332.42
CUST-6975,ORD-963,2022-11-23,Europe,Mid Value,2,284.71,569.42,274.85,60.96,233.61
CUST-7320,ORD-964,2023-02-19,Africa,Mid Value,2,189.29,378.58,253.25,35.07,90.26
CUST-5380,ORD-965,2022-07-29,Africa,High Value,5,466.84,2334.18,1508.33,45.29,780.56
CUST-5757,ORD-966,2022-10-23,Africa,High Value,2,481.04,962.09,568.14,27.4,366.54
CUST-3713,ORD-967,2023-02-02,Africa,Low Value,3,178.77,536.3,338.06,37.08,161.16
CUST-6588,ORD-968,2022-04-13,North America,High Value,4,436.84,1747.37,808.16,76.8,862.42
CUST-1966,ORD-969,2023-09-28,North America,Mid Value,5,345.69,1728.47,865.75,21.11,841.6
CUST-5944,ORD-970,2023-05-23,Africa,High Value,4,151.76,607.02,367.43,79.16,160.44
CUST-4432,ORD-971,2022-07-28,North America,High Value,4,471.89,1887.55,1074.71,21.17,791.68
CUST-1688,ORD-972,2023-03-04,Asia,Mid Value,5,50.27,251.37,151.11,28.94,71.31
CUST-5243,ORD-973,2023-01-28,North America,Low Value,5,172.61,863.06,407.57,11.54,443.95
CUST-4701,ORD-974,2022-04-19,Asia,Low Value,2,210.21,420.41,257.76,61.41,101.25
CUST-9533,ORD-975,2022-12-14,Asia,High Value,3,351.51,1054.54,686.4,6.32,361.81
CUST-6182,ORD-976,2022-02-19,North America,Mid Value,5,38.45,192.24,112.76,64.09,15.39
CUST-7704,ORD-977,2022-04-15,Africa,Mid Value,4,447.09,1788.37,964.56,48.28,775.53
CUST-5422,ORD-978,2023-02-24,Asia,Mid Value,5,336.37,1681.85,830.26,61.16,790.43
CUST-2759,ORD-979,2023-01-08,North America,Low Value,3,152.01,456.03,235.47,63.73,156.83
CUST-3482,ORD-980,2022-01-27,Europe,Mid Value,1,336.0,336.0,195.1,14.33,126.58
CUST-9058,ORD-981,2022-09-30,Africa,Mid Value,4,277.72,1110.89,570.87,6.6,533.42
CUST-1951,ORD-982,2023-10-11,Europe,Low Value,1,181.41,181.41,116.92,17.66,46.84
CUST-9914,ORD-983,2022-12-06,Asia,Mid Value,1,33.73,33.73,16.29,33.81,-16.37
CUST-3079,ORD-984,2022-10-28,Europe,Low Value,3,284.53,853.58,494.32,10.5,348.77
CUST-3717,ORD-985,2023-04-25,North America,High Value,5,59.45,297.24,170.61,39.26,87.37
CUST-5524,ORD-986,2023-06-28,Africa,High Value,1,408.88,408.88,198.2,26.38,184.31
CUST-9477,ORD-987,2023-07-11,Asia,High Value,2,62.49,124.98,87.33,32.29,5.36
CUST-8311,ORD-988,2022-09-22,North America,High Value,5,225.79,1128.97,740.36,75.53,313.08
CUST-8186,ORD-989,2023-06-26,Africa,High Value,4,228.58,914.34,499.81,59.32,355.21
CUST-3065,ORD-990,2023-08-19,Asia,Low Value,5,286.98,1434.88,891.39,54.36,489.13
CUST-1768,ORD-991,2022-06-15,Asia,Low Value,3,38.96,116.89,73.54,54.02,-10.67
CUST-6490,ORD-992,2022-11-12,Asia,Low Value,3,117.84,353.52,216.63,46.65,90.23
CUST-7645,ORD-993,2022-01-01,Asia,Mid Value,4,115.76,463.04,258.43,43.47,161.14
CUST-6083,ORD-994,2022-09-18,Europe,High Value,4,307.51,1230.02,825.69,71.16,333.17
CUST-6232,ORD-995,2022-03-04,Europe,Mid Value,4,146.55,586.18,376.85,10.63,198.71
CUST-6797,ORD-996,2023-04-28,Europe,Mid Value,3,89.21,267.64,156.71,26.64,84.3
CUST-5926,ORD-997,2023-11-07,Asia,Mid Value,5,28.81,144.05,64.91,12.81,66.32
CUST-7016,ORD-998,2022-11-17,Europe,High Value,1,423.46,423.46,214.21,5.83,203.43
CUST-4335,ORD-999,2022-07-20,Africa,Mid Value,1,486.34,486.34,280.72,6.04,199.58
CUST-9038,ORD-1000,2022-08-10,Asia,High Value,2,357.57,715.13,482.52,6.8,225.81
CUST-5873,ORD-1001,2022-06-01,Africa,High Value,3,218.1,654.31,397.27,56.13,200.91
CUST-2481,ORD-1002,2023-10-06,Africa,High Value,4,78.57,314.26,174.25,13.36,126.66
CUST-7305,ORD-1003,2023-09-18,Europe,Mid Value,5,248.05,1240.25,572.97,20.18,647.1
CUST-4451,ORD-1004,2023-04-07,Asia,High Value,3,239.51,718.54,430.64,36.42,251.48
CUST-1054,ORD-1005,2022-08-05,Europe,High Value,2,221.54,443.08,238.24,25.19,179.65
CUST-8643,ORD-1006,2022-07-15,Europe,Low Value,1,201.59,201.59,117.8,66.25,17.54
CUST-4462,ORD-1007,2022-07-21,Europe,Mid Value,5,258.44,1292.21,829.09,51.76,411.35
CUST-1832,ORD-1008,2023-10-09,Asia,Low Value,1,55.13,55.13,35.88,30.0,-10.76
CUST-6954,ORD-1009,2022-08-22,Asia,Low Value,5,38.38,191.91,127.82,28.83,35.25
CUST-9519,ORD-1010,2022-05-21,Europe,Mid Value,4,50.7,202.8,123.51,56.28,23.02
CUST-8221,ORD-1011,2023-12-09,Africa,Low Value,5,116.0,580.0,392.31,17.8,169.88
CUST-4310,ORD-1012,2023-05-13,Africa,High Value,4,153.47,613.89,382.25,26.04,205.61
CUST-4300,ORD-1013,2023-07-09,Asia,Low Value,3,101.34,304.02,196.39,31.51,76.12
CUST-7722,ORD-1014,2022-02-26,North America,Low Value,1,140.92,140.92,87.56,39.1,14.26
CUST-8218,ORD-1015,2023-05-19,Europe,High Value,5,109.2,546.01,364.72,19.29,162.0
CUST-8776,ORD-1016,2022-05-22,Europe,Low Value,5,92.36,461.78,233.53,16.79,211.46
CUST-4675,ORD-1017,2023-12-23,North America,High Value,2,160.63,321.26,205.6,79.25,36.42
CUST-4054,ORD-1018,2023-08-07,Asia,Mid Value,1,210.81,210.81,101.04,73.49,36.28
CUST-8970,ORD-1019,2023-06-23,Africa,Low Value,3,377.25,1131.74,535.31,44.27,552.16
CUST-3143,ORD-1020,2023-10-02,Asia,Mid Value,4,478.66,1914.66,1096.92,62.42,755.32
CUST-6207,ORD-1021,2022-04-16,Africa,Low Value,3,461.1,1383.31,726.32,55.55,601.44
CUST-3538,ORD-1022,2022-06-14,Africa,High Value,2,248.45,496.9,293.59,10.63,192.68
CUST-5547,ORD-1023,2022-08-03,Asia,Low Value,3,241.45,724.34,448.68,43.84,231.82
CUST-6619,ORD-1024,2022-03-12,Europe,Mid Value,4,80.33,321.34,162.8,18.79,139.74
CUST-9356,ORD-1025,2023-12-17,Europe,High Value,1,486.44,486.44,304.01,48.8,133.62
CUST-7612,ORD-1026,2023-10-27,Europe,High Value,2,384.85,769.69,537.91,9.63,222.15
CUST-6005,ORD-1027,2023-08-02,Africa,Mid Value,5,426.83,2134.16,1365.84,17.22,751.11
CUST-1822,ORD-1028,2022-03-31,Europe,Mid Value,5,132.4,661.99,326.66,63.63,271.71
CUST-1943,ORD-1029,2022-08-16,Africa,Low Value,1,212.52,212.52,129.3,68.24,14.97
CUST-7150,ORD-1030,2022-03-20,Europe,Low Value,3,69.27,207.81,94.01,73.06,40.74
CUST-5425,ORD-1031,2023-08-31,Asia,High Value,5,471.59,2357.95,1337.97,72.25,947.73
CUST-9966,ORD-1032,2022-12-15,North America,Mid Value,2,157.2,314.4,183.4,73.03,57.97
CUST-3198,ORD-1033,2022-09-03,Africa,Mid Value,4,306.08,1224.34,848.58,12.1,363.65
CUST-5242,ORD-1034,2022-09-29,Asia,Low Value,3,93.07,279.2,177.09,54.46,47.64
CUST-4695,ORD-1035,2023-02-07,Africa,Low Value,4,405.34,1621.37,1015.77,57.58,548.02
CUST-4452,ORD-1036,2023-10-31,Africa,High Value,3,109.45,328.34,191.45,25.11,111.77
CUST-2308,ORD-1037,2022-04-26,Asia,Mid Value,2,408.5,817.01,472.47,79.47,265.07
CUST-5177,ORD-1038,2023-03-11,Europe,Mid Value,4,212.85,851.38,594.28,26.44,230.66
CUST-9705,ORD-1039,2023-06-14,Africa,Mid Value,2,297.32,594.65,270.75,48.12,275.78
CUST-7852,ORD-1040,2023-03-18,North America,Mid Value,4,149.46,597.84,314.35,70.43,213.07
CUST-7035,ORD-1041,2022-06-21,North America,Low Value,3,443.73,1331.2,643.56,26.69,660.95
CUST-4594,ORD-1042,2022-01-16,Asia,Low Value,2,384.74,769.47,406.85,50.49,312.13
CUST-5841,ORD-1043,2022-02-25,North America,Low Value,3,190.05,570.15,322.65,59.0,188.5
CUST-2409,ORD-1044,2023-08-14,Asia,High Value,3,300.97,902.92,483.5,52.0,367.42
CUST-5566,ORD-1045,2022-04-13,Asia,Mid Value,4,81.91,327.66,226.31,35.45,65.9
CUST-5491,ORD-1046,2022-10-11,Africa,Low Value,4,97.03,388.11,240.68,75.86,71.57
CUST-2555,ORD-1047,2023-12-06,Asia,Mid Value,2,276.17,552.33,349.08,50.92,152.33
CUST-1804,ORD-1048,2023-06-01,Asia,Low Value,5,327.49,1637.44,1040.71,21.83,574.9
CUST-2279,ORD-1049,2023-09-10,Europe,High Value,1,287.57,287.57,194.05,65.46,28.06
CUST-8083,ORD-1050,2022-10-05,Africa,Low Value,4,288.52,1154.06,740.91,54.19,358.96
CUST-6986,ORD-1051,2023-09-04,North America,High Value,3,376.3,1128.9,512.58,13.21,603.11
CUST-6619,ORD-1052,2022-09-26,Europe,Mid Value,1,453.16,453.16,233.53,25.86,193.76
CUST-2387,ORD-1053,2023-02-04,Europe,Low Value,2,206.05,412.09,287.34,16.86,107.89
CUST-3679,ORD-1054,2023-05-18,Africa,Low Value,1,277.73,277.73,170.26,10.45,97.02
CUST-3106,ORD-1055,2022-03-27,Africa,Low Value,1,448.65,448.65,209.53,22.26,216.85
CUST-9173,ORD-1056,2022-11-16,Europe,Mid Value,5,242.85,1214.27,688.08,25.86,500.33
CUST-5223,ORD-1057,2022-02-01,Africa,High Value,5,233.67,1168.36,812.25,39.99,316.12
CUST-5831,ORD-1058,2022-12-02,Africa,High Value,1,387.93,387.93,270.85,77.69,39.38
CUST-3768,ORD-1059,2022-02-20,Asia,Low Value,5,441.1,2205.52,1230.93,75.75,898.85
CUST-4186,ORD-1060,2022-03-20,Africa,Mid Value,5,374.08,1870.41,1259.28,61.53,549.61
CUST-3573,ORD-1061,2023-11-29,Asia,High Value,1,68.06,68.06,40.7,53.49,-26.13
CUST-3599,ORD-1062,2022-06-23,Europe,High Value,4,243.09,972.36,561.4,76.05,334.92
CUST-5033,ORD-1063,2023-09-10,Europe,High Value,5,121.75,608.73,336.62,15.68,256.43
CUST-9428,ORD-1064,2023-05-16,North America,High Value,1,172.33,172.33,115.98,29.77,26.57
CUST-2304,ORD-1065,2023-07-29,Africa,High Value,4,245.0,980.01,593.18,46.5,340.33
CUST-8368,ORD-1066,2022-03-17,Europe,Low Value,5,126.33,631.67,336.96,66.05,228.66
CUST-6877,ORD-1067,2022-11-12,Asia,Low Value,1,267.65,267.65,153.36,51.78,62.51
CUST-2301,ORD-1068,2023-01-08,Europe,Low Value,5,328.77,1643.86,922.24,65.67,655.96
CUST-3541,ORD-1069,2022-03-22,Africa,High Value,4,439.95,1759.8,990.4,16.48,752.93
CUST-3051,ORD-1070,2023-10-02,North America,High Value,1,121.5,121.5,64.14,19.46,37.91
CUST-7809,ORD-1071,2023-11-26,North America,High Value,4,169.07,676.28,411.34,60.54,204.4
CUST-9633,ORD-1072,2023-11-28,Europe,Low Value,3,214.78,644.35,298.37,31.12,314.86
CUST-9996,ORD-1073,2022-03-12,North America,High Value,2,127.78,255.56,171.62,37.71,46.24
CUST-1074,ORD-1074,2023-10-28,Africa,Low Value,3,179.38,538.14,298.05,64.37,175.72
CUST-7981,ORD-1075,2023-10-14,Africa,High Value,5,444.01,2220.04,1443.51,10.25,766.28
CUST-6475,ORD-1076,2022-03-12,North America,Low Value,4,86.55,346.22,218.94,17.6,109.68
CUST-9232,ORD-1077,2022-02-15,Asia,Mid Value,1,233.0,233.0,132.33,27.19,73.48
CUST-8184,ORD-1078,2022-02-16,North America,High Value,4,169.26,677.06,338.31,71.26,267.48
CUST-6796,ORD-1079,2023-08-14,North America,High Value,5,57.04,285.2,168.42,35.37,81.41
CUST-8141,ORD-1080,2023-02-26,Europe,Low Value,1,66.14,66.14,45.44,23.91,-3.21
CUST-2622,ORD-1081,2022-05-29,Asia,High Value,3,396.74,1190.23,590.88,55.88,543.46
CUST-9041,ORD-1082,2022-05-10,North America,Low Value,4,429.12,1716.48,882.28,7.27,826.93
CUST-1341,ORD-1083,2023-04-01,Europe,Low Value,2,375.88,751.75,524.91,63.13,163.71
CUST-3074,ORD-1084,2023-10-01,Europe,Mid Value,5,278.83,1394.15,938.46,57.34,398.35
CUST-8992,ORD-1085,2023-09-23,Europe,Mid Value,5,390.88,1954.38,1147.98,9.13,797.27
CUST-1645,ORD-1086,2023-05-20,Africa,High Value,4,92.97,371.87,231.93,42.35,97.59
CUST-5263,ORD-1087,2022-09-01,Europe,High Value,3,394.5,1183.49,663.66,35.31,484.52
CUST-9801,ORD-1088,2023-04-19,Europe,Low Value,3,223.27,669.8,369.08,16.86,283.87
CUST-7136,ORD-1089,2023-01-17,Africa,Low Value,2,380.15,760.3,426.38,16.55,317.37
CUST-9646,ORD-1090,2022-04-13,Africa,Low Value,2,129.32,258.64,143.18,17.01,98.44
CUST-3969,ORD-1091,2023-05-04,Europe,Low Value,4,419.62,1678.48,1038.79,49.97,589.71
CUST-4028,ORD-1092,2022-02-06,North America,High Value,1,292.7,292.7,155.89,17.83,118.97
CUST-8643,ORD-1093,2023-10-16,Asia,Mid Value,3,23.52,70.57,34.77,9.47,26.33
CUST-3681,ORD-1094,2023-07-03,Africa,High Value,1,269.25,269.25,168.72,76.82,23.71
CUST-4629,ORD-1095,2023-06-04,Asia,High Value,1,168.93,168.93,77.34,7.94,83.65
CUST-5225,ORD-1096,2022-11-29,Africa,High Value,4,47.6,190.4,119.89,54.79,15.72
CUST-4067,ORD-1097,2023-02-01,Europe,Mid Value,2,234.71,469.42,242.13,75.2,152.08
CUST-6941,ORD-1098,2022-10-23,Africa,High Value,1,169.51,169.51,84.34,7.85,77.32
CUST-2386,ORD-1099,2022-04-17,Europe,Mid Value,4,118.11,472.43,257.35,77.43,137.65
CUST-3866,ORD-1100,2023-06-14,Asia,Low Value,2,187.58,375.16,179.84,42.68,152.64
CUST-5788,ORD-1101,2022-03-24,North America,High Value,1,106.21,106.21,58.0,63.88,-15.67
CUST-6490,ORD-1102,2022-10-15,Europe,Low Value,1,163.91,163.91,77.95,51.88,34.07
CUST-5124,ORD-1103,2023-12-07,Asia,Low Value,2,75.36,150.72,86.04,51.26,13.42
CUST-9340,ORD-1104,2023-04-06,Asia,Low Value,2,60.47,120.94,59.75,64.16,-2.97
CUST-4850,ORD-1105,2022-08-03,Africa,High Value,5,456.81,2284.05,1102.05,9.91,1172.09
CUST-6415,ORD-1106,2022-10-08,Europe,Low Value,5,453.33,2266.64,1348.15,34.43,884.06
CUST-8679,ORD-1107,2023-04-04,Asia,High Value,4,417.44,1669.77,1012.4,77.72,579.65
CUST-7819,ORD-1108,2022-12-10,North America,Low Value,4,130.56,522.23,235.72,9.09,277.41
CUST-9378,ORD-1109,2022-07-13,Africa,High Value,3,368.43,1105.28,604.5,24.71,476.07
CUST-2333,ORD-1110,2022-06-07,Africa,High Value,5,303.06,1515.31,711.42,55.41,748.48
CUST-5150,ORD-1111,2023-04-10,Asia,High Value,2,44.59,89.18,56.6,12.53,20.05
CUST-7766,ORD-1112,2022-04-14,Europe,Low Value,5,451.8,2259.01,1401.44,45.25,812.31
CUST-3711,ORD-1113,2022-02-03,Africa,High Value,4,499.03,1996.13,923.07,58.5,1014.55
CUST-5853,ORD-1114,2022-04-12,Europe,Low Value,4,360.19,1440.75,987.36,61.81,391.58
CUST-7212,ORD-1115,2023-10-01,Asia,Mid Value,4,131.12,524.5,361.9,47.09,115.51
CUST-8479,ORD-1116,2023-12-27,Asia,Low Value,2,286.12,572.23,305.38,42.55,224.3
CUST-6408,ORD-1117,2022-11-21,Europe,Low Value,1,72.5,72.5,34.99,58.54,-21.03
CUST-8715,ORD-1118,2023-11-22,North America,High Value,4,163.41,653.66,312.83,15.88,324.95
CUST-9942,ORD-1119,2023-08-15,Africa,Low Value,5,364.28,1821.41,1202.46,56.04,562.91
CUST-2762,ORD-1120,2022-05-21,Asia,Mid Value,1,164.52,164.52,92.92,73.94,-2.34
CUST-8101,ORD-1121,2023-04-19,North America,High Value,5,90.66,453.29,205.06,56.21,192.03
CUST-8674,ORD-1122,2022-01-31,North America,Low Value,4,23.59,94.34,64.28,8.49,21.58
CUST-7122,ORD-1123,2022-03-04,Europe,Low Value,2,294.81,589.61,352.7,42.95,193.97
CUST-1481,ORD-1124,2023-07-14,Europe,High Value,1,484.96,484.96,301.94,59.47,123.55
CUST-1153,ORD-1125,2022-03-28,Europe,High Value,1,252.38,252.38,165.54,8.24,78.6
CUST-8617,ORD-1126,2022-10-31,North America,Low Value,4,122.05,488.21,319.61,62.16,106.44
CUST-2524,ORD-1127,2022-03-02,Africa,Low Value,4,242.37,969.5,454.65,26.12,488.73
CUST-3120,ORD-1128,2023-01-31,Europe,High Value,4,309.0,1236.0,733.56,49.16,453.28
CUST-3343,ORD-1129,2022-11-30,Africa,High Value,3,404.66,1213.97,757.59,77.48,378.9
CUST-6136,ORD-1130,2023-02-15,Europe,Mid Value,2,237.29,474.57,223.72,79.62,171.24
CUST-6760,ORD-1131,2022-10-11,North America,Mid Value,2,103.02,206.03,104.17,52.58,49.28
CUST-2240,ORD-1132,2023-04-11,Africa,Mid Value,4,110.24,440.98,242.08,41.86,157.04
CUST-1060,ORD-1133,2022-03-21,Africa,High Value,3,451.87,1355.61,910.47,18.33,426.81
CUST-2639,ORD-1134,2023-11-23,North America,High Value,4,133.4,533.58,353.58,20.63,159.38
CUST-7185,ORD-1135,2022-03-18,Africa,High Value,4,369.45,1477.79,953.95,37.19,486.65
CUST-8970,ORD-1136,2023-06-24,North America,Low Value,2,149.1,298.19,208.01,57.67,32.51
CUST-2252,ORD-1137,2022-12-27,North America,High Value,3,365.87,1097.61,560.51,62.7,474.4
CUST-5203,ORD-1138,2022-03-18,Asia,Low Value,2,57.61,115.23,65.33,21.64,28.26
CUST-9363,ORD-1139,2023-05-24,Europe,High Value,4,119.55,478.19,268.59,45.16,164.45
CUST-4549,ORD-1140,2022-06-13,Asia,High Value,5,216.18,1080.88,669.86,49.37,361.65
CUST-5197,ORD-1141,2022-01-09,North America,Low Value,1,267.35,267.35,177.13,71.98,18.24
CUST-8009,ORD-1142,2022-06-24,North America,High Value,4,189.42,757.67,434.08,70.73,252.85
CUST-7667,ORD-1143,2023-04-07,Africa,High Value,3,295.29,885.86,507.5,66.3,312.06
CUST-3322,ORD-1144,2022-11-03,North America,High Value,5,176.18,880.89,530.36,43.75,306.77
CUST-5090,ORD-1145,2023-08-11,North America,Mid Value,3,345.65,1036.95,659.11,9.88,367.96
CUST-7960,ORD-1146,2022-09-02,North America,High Value,4,265.38,1061.52,531.1,30.09,500.33
CUST-4004,ORD-1147,2022-05-02,Europe,Low Value,4,358.45,1433.81,990.0,51.63,392.19
CUST-6136,ORD-1148,2022-07-04,Asia,Low Value,1,226.87,226.87,107.31,52.82,66.74
CUST-1329,ORD-1149,2022-02-01,Asia,Low Value,3,440.72,1322.16,602.61,68.68,650.87
CUST-4640,ORD-1150,2023-07-23,Europe,High Value,5,203.42,1017.12,548.94,33.45,434.73
CUST-8982,ORD-1151,2022-11-06,Europe,Low Value,1,167.9,167.9,105.0,75.25,-12.34
CUST-5107,ORD-1152,2023-01-07,Europe,Mid Value,3,287.4,862.2,598.82,17.24,246.14
CUST-2341,ORD-1153,2023-10-18,Asia,Low Value,4,264.4,1057.61,722.55,8.74,326.32
CUST-9407,ORD-1154,2023-08-19,Asia,High Value,1,268.69,268.69,167.16,18.25,83.28
CUST-1338,ORD-1155,2022-02-25,North America,Mid Value,4,402.14,1608.57,899.41,39.67,669.49
CUST-6895,ORD-1156,2022-09-30,Asia,Low Value,2,302.53,605.05,362.4,66.72,175.94
CUST-3708,ORD-1157,2023-04-09,Africa,Mid Value,2,444.93,889.85,615.93,16.54,257.39
CUST-2750,ORD-1158,2023-11-09,Asia,Low Value,1,317.17,317.17,163.78,46.11,107.28
CUST-6604,ORD-1159,2023-04-01,Europe,High Value,1,30.42,30.42,17.32,63.24,-50.15
CUST-3421,ORD-1160,2023-11-01,Asia,Mid Value,3,437.79,1313.37,818.52,7.61,487.23
CUST-8119,ORD-1161,2022-09-06,North America,Low Value,5,423.1,2115.48,957.41,8.11,1149.95
CUST-9901,ORD-1162,2023-11-29,Asia,Low Value,5,43.45,217.24,118.46,41.79,56.98
CUST-6319,ORD-1163,2022-03-19,Europe,Mid Value,2,80.14,160.27,94.88,18.7,46.7
CUST-7609,ORD-1164,2023-06-18,Africa,Mid Value,2,287.05,574.1,387.65,38.79,147.66
CUST-6387,ORD-1165,2022-04-18,Europe,Mid Value,2,40.57,81.14,56.63,8.3,16.21
CUST-4993,ORD-1166,2022-09-30,Africa,Mid Value,4,217.36,869.44,512.17,78.27,279.01
CUST-9680,ORD-1167,2022-01-15,North America,Low Value,5,488.17,2440.87,1674.79,54.06,712.01
CUST-9044,ORD-1168,2023-01-05,North America,Low Value,1,102.93,102.93,48.87,56.5,-2.44
CUST-9238,ORD-1169,2022-10-31,Asia,Low Value,2,118.93,237.85,148.73,43.23,45.89
CUST-5873,ORD-1170,2023-11-03,North America,High Value,3,344.65,1033.94,568.81,66.87,398.26
CUST-5806,ORD-1171,2022-07-24,North America,Mid Value,1,41.11,41.11,26.22,67.51,-52.61
CUST-9592,ORD-1172,2022-04-23,Europe,Low Value,1,413.93,413.93,276.06,16.93,120.94
CUST-6913,ORD-1173,2023-11-11,Europe,Mid Value,1,115.53,115.53,53.54,62.63,-0.64
CUST-8124,ORD-1174,2022-09-10,Asia,Mid Value,5,275.15,1375.73,940.82,47.5,387.41
CUST-4157,ORD-1175,2023-03-17,Asia,Low Value,2,139.41,278.81,130.22,62.18,86.42
CUST-1390,ORD-1176,2022-07-05,Asia,Mid Value,3,336.26,1008.79,643.96,73.9,290.93
CUST-5430,ORD-1177,2022-08-15,Asia,Mid Value,4,301.86,1207.45,564.2,30.13,613.12
CUST-9820,ORD-1178,2023-06-12,Europe,Mid Value,3,474.29,1422.87,946.81,47.82,428.25
CUST-8686,ORD-1179,2023-10-30,Asia,Mid Value,3,233.89,701.67,351.71,64.06,285.9
CUST-5232,ORD-1180,2022-12-20,Asia,Mid Value,3,439.94,1319.83,737.15,79.01,503.67
CUST-9007,ORD-1181,2023-09-15,North America,Low Value,4,296.39,1185.58,809.93,50.94,324.7
CUST-2521,ORD-1182,2022-01-01,Asia,Low Value,3,458.94,1376.83,892.21,59.09,425.53
CUST-2500,ORD-1183,2023-07-07,Africa,Mid Value,3,160.07,480.22,310.44,68.48,101.31
CUST-7737,ORD-1184,2023-07-14,North America,Mid Value,2,283.89,567.77,363.85,61.35,142.58
CUST-4294,ORD-1185,2023-02-24,Europe,Mid Value,2,207.21,414.43,245.49,75.67,93.26
CUST-6085,ORD-1186,2023-09-12,Africa,High Value,2,51.63,103.26,71.03,22.23,10.0
CUST-3419,ORD-1187,2022-06-10,Asia,Mid Value,1,295.65,295.65,194.51,73.08,28.05
CUST-4042,ORD-1188,2022-06-10,North America,High Value,3,401.23,1203.69,674.15,20.53,509.0
CUST-5497,ORD-1189,2022-05-08,Asia,High Value,5,286.98,1434.89,912.07,47.38,475.43
CUST-2466,ORD-1190,2023-12-23,North America,High Value,5,154.08,770.42,538.93,44.22,187.27
CUST-4561,ORD-1191,2022-05-31,Asia,Low Value,5,146.64,733.19,489.59,67.35,176.25
CUST-1614,ORD-1192,2023-03-20,Africa,High Value,4,134.16,536.65,241.66,34.89,260.1
CUST-6392,ORD-1193,2023-04-16,Europe,Mid Value,2,490.22,980.45,622.07,15.74,342.64
CUST-8693,ORD-1194,2023-04-08,Africa,Mid Value,2,211.63,423.25,285.47,58.01,79.77
CUST-4223,ORD-1195,2023-12-31,Africa,Low Value,2,172.1,344.19,183.09,50.5,110.61
CUST-8138,ORD-1196,2022-01-30,Europe,Low Value,4,220.86,883.46,613.45,67.03,202.98
CUST-3667,ORD-1197,2023-04-18,North America,Mid Value,3,75.58,226.75,124.79,61.9,40.07
CUST-8980,ORD-1198,2023-07-11,North America,Low Value,1,114.09,114.09,63.35,72.11,-21.38
CUST-1130,ORD-1199,2022-03-21,Europe,Low Value,2,264.27,528.55,259.1,67.93,201.51
CUST-3983,ORD-1200,2022-02-08,Asia,High Value,3,403.45,1210.34,573.88,56.45,580.01
CUST-5278,ORD-1201,2022-08-28,North America,High Value,5,440.68,2203.42,1287.13,39.93,876.37
CUST-8126,ORD-1202,2023-07-11,Africa,Low Value,1,435.67,435.67,261.71,6.53,167.44
CUST-9230,ORD-1203,2023-08-13,Europe,Mid Value,5,473.48,2367.4,1282.48,28.07,1056.85
CUST-8694,ORD-1204,2022-12-03,Africa,High Value,3,80.37,241.11,145.06,59.56,36.48
CUST-7640,ORD-1205,2022-10-07,North America,Mid Value,3,39.67,119.0,65.29,9.46,44.24
CUST-6468,ORD-1206,2022-04-26,Europe,Low Value,5,70.75,353.75,235.97,61.74,56.04
CUST-1920,ORD-1207,2022-09-26,Europe,Mid Value,1,308.36,308.36,212.29,43.73,52.34
CUST-8564,ORD-1208,2022-12-01,North America,Mid Value,5,286.94,1434.69,858.49,70.08,506.11
CUST-9684,ORD-1209,2022-11-08,North America,Mid Value,5,342.18,1710.9,1130.17,54.49,526.25
CUST-9502,ORD-1210,2022-02-22,Europe,Mid Value,5,198.12,990.62,657.21,64.88,268.52
CUST-9930,ORD-1211,2022-03-09,Asia,Low Value,1,207.96,207.96,130.69,17.86,59.41
CUST-4241,ORD-1212,2023-11-25,Europe,Low Value,4,281.88,1127.5,561.5,17.97,548.04
CUST-1545,ORD-1213,2022-02-03,Asia,High Value,1,57.95,57.95,28.32,20.83,8.79
CUST-5346,ORD-1214,2023-01-21,Africa,High Value,5,403.94,2019.69,1373.13,30.0,616.56
CUST-4810,ORD-1215,2022-09-06,Asia,High Value,2,462.97,925.94,478.03,72.83,375.08
CUST-8206,ORD-1216,2022-04-21,Asia,High Value,2,205.93,411.85,210.7,63.07,138.08
CUST-3032,ORD-1217,2022-04-04,North America,Mid Value,3,374.99,1124.98,552.97,32.35,539.67
CUST-9436,ORD-1218,2023-02-14,Europe,High Value,4,283.44,1133.76,659.7,73.89,400.18
CUST-1271,ORD-1219,2022-06-28,Africa,High Value,3,133.28,399.85,247.61,63.42,88.82
CUST-4511,ORD-1220,2022-02-16,Europe,Mid Value,3,52.54,157.63,97.58,54.2,5.85
CUST-2771,ORD-1221,2023-08-27,Asia,Low Value,2,138.03,276.06,142.25,37.74,96.08
CUST-5361,ORD-1222,2023-01-11,Asia,High Value,1,310.35,310.35,147.01,53.87,109.47
CUST-8069,ORD-1223,2023-12-25,Asia,Low Value,3,39.31,117.93,62.21,49.49,6.22
CUST-1920,ORD-1224,2023-08-10,Europe,High Value,3,421.37,1264.11,727.95,63.64,472.52
CUST-9190,ORD-1225,2022-07-21,Asia,Low Value,4,485.75,1942.99,1171.84,21.92,749.23
CUST-4430,ORD-1226,2023-03-21,Europe,High Value,2,60.08,120.16,62.2,71.42,-13.46
CUST-5435,ORD-1227,2022-10-24,Africa,Low Value,1,138.42,138.42,68.62,49.39,20.4
CUST-4760,ORD-1228,2022-11-04,Africa,Low Value,4,344.3,1377.22,909.51,65.51,402.2
CUST-3050,ORD-1229,2023-12-24,Europe,High Value,1,406.92,406.92,270.39,31.05,105.48
CUST-2165,ORD-1230,2023-05-08,Africa,Low Value,1,186.08,186.08,96.76,34.39,54.93
CUST-9567,ORD-1231,2022-12-04,North America,High Value,3,267.31,801.94,473.17,75.3,253.48
CUST-3033,ORD-1232,2023-10-08,Asia,High Value,4,448.04,1792.18,1003.54,51.65,736.99
CUST-7467,ORD-1233,2022-03-07,Asia,Mid Value,3,204.51,613.53,297.87,28.83,286.84
CUST-1145,ORD-1234,2023-02-26,Asia,High Value,5,59.14,295.69,202.59,11.16,81.94
CUST-5388,ORD-1235,2023-06-24,North America,High Value,1,497.55,497.55,225.11,37.58,234.86
CUST-8832,ORD-1236,2023-09-21,Asia,High Value,4,106.53,426.14,211.75,68.68,145.71
CUST-9623,ORD-1237,2023-05-08,Europe,High Value,2,43.42,86.83,46.58,23.86,16.4
CUST-9896,ORD-1238,2022-11-13,Asia,Mid Value,3,217.11,651.34,432.57,69.52,149.25
CUST-9173,ORD-1239,2023-09-18,Europe,Mid Value,5,78.3,391.51,253.37,17.12,121.02
CUST-3632,ORD-1240,2022-03-16,Africa,Mid Value,5,489.79,2448.96,1457.06,14.74,977.15
CUST-5494,ORD-1241,2023-12-15,Europe,Mid Value,5,202.78,1013.91,632.43,50.43,331.05
CUST-9056,ORD-1242,2022-02-28,Europe,Low Value,3,416.39,1249.17,668.59,65.35,515.23
CUST-8511,ORD-1243,2023-01-21,Europe,High Value,2,104.77,209.54,143.56,63.5,2.47
CUST-2828,ORD-1244,2022-01-15,Asia,Mid Value,4,86.63,346.52,158.26,45.77,142.5
CUST-5805,ORD-1245,2022-08-19,North America,High Value,1,331.66,331.66,157.62,52.9,121.14
CUST-1806,ORD-1246,2023-09-09,North America,Mid Value,2,456.47,912.94,622.07,24.36,266.51
CUST-8486,ORD-1247,2023-11-08,Europe,High Value,3,74.98,224.93,154.36,46.34,24.23
CUST-9202,ORD-1248,2022-07-18,Asia,Low Value,4,302.84,1211.37,693.68,20.58,497.11
CUST-2868,ORD-1249,2022-12-20,North America,Mid Value,1,60.77,60.77,36.1,74.63,-49.96
CUST-8878,ORD-1250,2022-02-04,Africa,Low Value,4,409.84,1639.35,1107.6,55.85,475.9
CUST-6690,ORD-1251,2022-06-11,Africa,Low Value,1,456.47,456.47,302.8,47.35,106.32
CUST-8827,ORD-1252,2023-04-16,Asia,High Value,1,321.82,321.82,214.17,23.54,84.12
CUST-6429,ORD-1253,2023-06-15,Africa,Mid Value,5,350.4,1752.02,951.25,35.67,765.1
CUST-4564,ORD-1254,2023-02-27,Africa,Low Value,3,46.61,139.83,91.96,63.52,-15.64
CUST-2389,ORD-1255,2022-12-14,Africa,High Value,2,55.03,110.06,51.43,22.96,35.67
CUST-8274,ORD-1256,2023-11-25,North America,High Value,5,106.24,531.21,303.71,14.66,212.83
CUST-1824,ORD-1257,2022-05-27,Africa,High Value,5,151.44,757.19,385.68,28.05,343.46
CUST-3265,ORD-1258,2023-01-09,Europe,Low Value,4,384.73,1538.92,706.29,64.59,768.05
CUST-1936,ORD-1259,2023-11-19,Europe,High Value,1,229.01,229.01,138.39,71.23,19.38
CUST-7402,ORD-1260,2023-11-06,Africa,High Value,1,57.56,57.56,27.0,36.08,-5.52
CUST-4845,ORD-1261,2023-02-20,Europe,High Value,4,429.27,1717.08,824.27,63.59,829.22
CUST-2796,ORD-1262,2023-11-18,North America,Low Value,3,497.04,1491.11,701.47,29.92,759.72
CUST-9245,ORD-1263,2023-05-09,Asia,High Value,1,238.41,238.41,165.4,43.16,29.85
CUST-8214,ORD-1264,2023-07-13,Europe,Low Value,5,265.65,1328.23,610.73,6.51,710.99
CUST-1726,ORD-1265,2022-09-13,Africa,High Value,5,57.68,288.42,149.24,58.4,80.78
CUST-3736,ORD-1266,2023-11-17,Asia,Low Value,1,203.85,203.85,124.96,58.9,19.99
CUST-2913,ORD-1267,2022-04-13,Asia,Low Value,1,198.47,198.47,130.16,12.52,55.79
CUST-8657,ORD-1268,2022-05-01,Africa,Mid Value,3,483.58,1450.74,873.42,31.91,545.41
CUST-3466,ORD-1269,2023-02-23,Europe,Mid Value,1,337.01,337.01,233.93,41.27,61.82
CUST-8312,ORD-1270,2022-12-16,North America,Mid Value,3,395.45,1186.34,634.01,63.06,489.27
CUST-9194,ORD-1271,2023-10-19,Europe,Low Value,5,81.6,408.0,231.74,66.77,109.48
CUST-8906,ORD-1272,2022-02-11,Europe,High Value,3,220.12,660.37,432.76,58.94,168.68
CUST-5876,ORD-1273,2023-01-02,North America,High Value,1,111.95,111.95,69.45,21.19,21.3
CUST-8287,ORD-1274,2022-01-29,Asia,Low Value,2,432.89,865.78,435.94,31.73,398.12
CUST-1892,ORD-1275,2022-01-14,North America,High Value,1,93.14,93.14,53.52,23.55,16.07
CUST-5675,ORD-1276,2023-04-30,North America,Low Value,2,230.66,461.32,320.15,52.79,88.38
CUST-2933,ORD-1277,2022-07-08,Africa,High Value,5,45.75,228.76,152.3,53.55,22.91
CUST-2380,ORD-1278,2022-10-22,Africa,Low Value,4,324.46,1297.85,646.26,6.21,645.37
CUST-2290,ORD-1279,2022-07-02,Europe,Mid Value,5,251.32,1256.62,621.96,59.88,574.78
CUST-2640,ORD-1280,2023-07-02,Africa,Mid Value,5,259.02,1295.12,851.02,22.21,421.89
CUST-8490,ORD-1281,2022-02-06,North America,High Value,5,68.78,343.89,171.85,65.1,106.93
CUST-2218,ORD-1282,2022-01-14,North America,High Value,3,266.71,800.13,450.63,67.46,282.04
CUST-6016,ORD-1283,2023-09-27,Africa,High Value,5,290.62,1453.08,719.55,64.77,668.76
CUST-7881,ORD-1284,2023-08-18,Africa,High Value,4,482.16,1928.65,874.96,35.61,1018.08
CUST-1954,ORD-1285,2022-06-08,Africa,Mid Value,1,35.95,35.95,24.04,31.12,-19.22
CUST-8291,ORD-1286,2023-05-09,North America,Mid Value,2,462.9,925.81,596.91,37.63,291.26
CUST-1974,ORD-1287,2022-11-25,Asia,Low Value,5,250.19,1250.95,710.1,44.54,496.31
CUST-5133,ORD-1288,2023-09-06,Asia,High Value,2,120.85,241.71,118.41,23.74,99.55
CUST-6370,ORD-1289,2022-03-24,Africa,Mid Value,5,339.46,1697.31,1105.98,74.87,516.46
CUST-4972,ORD-1290,2023-07-10,Europe,Low Value,3,268.19,804.56,434.33,42.8,327.42
CUST-6295,ORD-1291,2023-08-03,Europe,Low Value,2,128.84,257.68,158.6,10.49,88.59
CUST-9228,ORD-1292,2023-07-14,Asia,Low Value,5,320.88,1604.38,849.0,79.79,675.6
CUST-4020,ORD-1293,2023-07-23,Africa,Mid Value,5,247.17,1235.83,689.68,41.31,504.84
CUST-9987,ORD-1294,2023-08-10,North America,Low Value,4,350.73,1402.91,819.11,76.02,507.77
CUST-5036,ORD-1295,2022-01-22,Europe,High Value,4,350.76,1403.03,898.64,34.27,470.11
CUST-6068,ORD-1296,2022-05-12,Europe,Low Value,4,246.95,987.81,649.99,21.86,315.96
CUST-6233,ORD-1297,2023-04-10,North America,Low Value,3,207.58,622.75,349.29,60.27,213.19
CUST-1317,ORD-1298,2023-04-01,North America,Mid Value,2,50.36,100.71,51.19,37.44,12.09
CUST-3396,ORD-1299,2022-10-29,Africa,Low Value,3,257.05,771.14,376.63,71.11,323.4
CUST-3162,ORD-1300,2022-09-24,North America,Mid Value,1,136.7,136.7,73.16,39.84,23.7
CUST-3745,ORD-1301,2023-01-30,North America,Mid Value,5,45.56,227.79,148.17,30.38,49.25
CUST-2591,ORD-1302,2022-04-30,North America,High Value,5,178.58,892.91,462.97,77.5,352.44
CUST-7183,ORD-1303,2022-09-03,Asia,Low Value,5,61.99,309.93,143.15,67.28,99.5
CUST-4930,ORD-1304,2023-07-22,North America,High Value,4,298.28,1193.1,705.21,20.42,467.48
CUST-2312,ORD-1305,2022-02-07,Europe,High Value,5,261.76,1308.81,599.96,41.66,667.18
CUST-5311,ORD-1306,2022-09-02,Africa,Low Value,4,400.37,1601.46,1074.95,13.5,513.01
CUST-8314,ORD-1307,2022-01-21,Africa,Low Value,1,148.46,148.46,91.98,13.08,43.41
CUST-3383,ORD-1308,2022-04-20,Africa,Mid Value,3,198.33,595.0,305.96,69.01,220.04
CUST-4239,ORD-1309,2023-08-29,Asia,Low Value,3,350.7,1052.09,596.82,74.89,380.38
CUST-3139,ORD-1310,2023-01-29,Europe,Mid Value,3,496.61,1489.84,945.76,60.41,483.67
CUST-2704,ORD-1311,2023-02-14,North America,High Value,4,454.0,1816.01,1232.92,79.19,503.89
CUST-7924,ORD-1312,2023-10-10,Europe,High Value,2,270.0,539.99,361.05,8.4,170.55
CUST-1362,ORD-1313,2022-01-08,Africa,Mid Value,2,345.41,690.83,322.88,29.86,338.08
CUST-3604,ORD-1314,2023-03-20,North America,Low Value,1,275.32,275.32,129.48,14.91,130.93
CUST-5286,ORD-1315,2022-11-24,Africa,Low Value,2,228.71,457.41,274.19,63.65,119.57
CUST-4738,ORD-1316,2022-10-17,Africa,Mid Value,1,309.1,309.1,177.46,71.78,59.86
CUST-3469,ORD-1317,2023-05-26,Africa,High Value,5,205.52,1027.6,537.67,38.53,451.39
CUST-5795,ORD-1318,2022-12-27,Europe,Mid Value,3,154.49,463.47,321.67,67.19,74.61
CUST-7150,ORD-1319,2023-08-22,Europe,Low Value,4,358.72,1434.89,913.41,68.57,452.92
CUST-1556,ORD-1320,2023-12-17,Africa,Low Value,1,438.55,438.55,272.7,15.48,150.37
CUST-3808,ORD-1321,2022-08-07,Africa,Mid Value,4,158.25,633.01,313.55,33.27,286.18
CUST-6150,ORD-1322,2023-02-10,North America,Low Value,4,359.31,1437.23,748.77,19.1,669.36
CUST-8561,ORD-1323,2023-09-13,Africa,High Value,3,228.33,684.99,411.85,55.25,217.88
CUST-3719,ORD-1324,2022-08-08,Africa,Mid Value,5,165.0,825.0,535.34,34.05,255.61
CUST-7506,ORD-1325,2023-08-18,Africa,High Value,5,318.13,1590.67,1086.05,55.08,449.53
CUST-4741,ORD-1326,2022-04-17,Africa,High Value,2,470.92,941.84,588.11,70.69,283.03
CUST-4998,ORD-1327,2023-08-04,Europe,Mid Value,5,188.81,944.06,523.63,35.96,384.47
CUST-3403,ORD-1328,2023-09-01,Africa,Mid Value,3,384.55,1153.65,718.46,77.89,357.3
CUST-9780,ORD-1329,2023-12-25,Asia,Low Value,4,171.06,684.22,319.73,35.65,328.84
CUST-1294,ORD-1330,2022-10-13,Africa,Low Value,1,405.86,405.86,243.52,21.03,141.3
CUST-6343,ORD-1331,2022-01-08,Europe,Mid Value,1,384.79,384.79,259.22,44.7,80.88
CUST-2136,ORD-1332,2022-07-08,Asia,Mid Value,5,387.5,1937.52,1180.41,34.93,722.18
CUST-3064,ORD-1333,2022-03-22,Asia,Low Value,2,498.9,997.8,450.89,14.38,532.53
CUST-8009,ORD-1334,2022-04-18,Africa,Low Value,1,87.45,87.45,54.54,6.74,26.17
CUST-5543,ORD-1335,2022-11-17,Africa,Low Value,2,206.64,413.29,261.04,60.8,91.45
CUST-2007,ORD-1336,2023-08-02,Europe,Mid Value,1,322.79,322.79,188.93,74.96,58.89
CUST-6445,ORD-1337,2023-11-17,Asia,Mid Value,2,303.43,606.86,396.9,38.04,171.92
CUST-6352,ORD-1338,2022-12-12,Asia,Low Value,2,394.7,789.41,395.16,9.91,384.35
CUST-2435,ORD-1339,2022-11-24,Europe,High Value,4,42.52,170.07,93.92,60.55,15.6
CUST-1571,ORD-1340,2023-07-09,Africa,High Value,3,358.42,1075.27,700.97,70.03,304.28
CUST-3382,ORD-1341,2023-11-30,North America,Low Value,1,374.11,374.11,224.81,29.27,120.02
CUST-6084,ORD-1342,2022-10-29,North America,Mid Value,5,49.33,246.64,172.3,21.65,52.69
CUST-1277,ORD-1343,2022-07-19,Asia,Mid Value,3,278.57,835.7,390.54,30.28,414.89
CUST-8059,ORD-1344,2023-02-23,Asia,High Value,4,137.6,550.39,281.29,73.12,195.97
CUST-2887,ORD-1345,2022-02-08,Africa,Low Value,4,404.78,1619.12,809.21,36.35,773.57
CUST-2265,ORD-1346,2022-11-03,North America,High Value,4,43.81,175.26,121.65,54.06,-0.45
CUST-8491,ORD-1347,2022-01-04,Asia,High Value,5,90.16,450.79,300.82,10.58,139.4
CUST-2040,ORD-1348,2023-09-25,Africa,Low Value,1,70.14,70.14,33.9,26.12,10.13
CUST-9073,ORD-1349,2022-03-18,North America,High Value,1,51.3,51.3,27.62,22.1,1.58
CUST-3752,ORD-1350,2023-04-13,Europe,Mid Value,2,308.04,616.07,285.33,9.7,321.04
CUST-9213,ORD-1351,2022-06-28,Asia,High Value,2,436.9,873.81,531.4,14.05,328.36
CUST-5569,ORD-1352,2023-10-07,Europe,Low Value,2,265.27,530.53,282.67,36.25,211.62
CUST-7353,ORD-1353,2022-10-03,North America,Mid Value,5,121.08,605.4,311.41,46.85,247.14
CUST-3353,ORD-1354,2022-06-01,Africa,Mid Value,3,185.02,555.07,322.37,28.39,204.3
CUST-8437,ORD-1355,2022-06-13,Africa,High Value,1,192.98,192.98,125.22,36.46,31.29
CUST-5799,ORD-1356,2022-10-17,North America,Mid Value,2,236.78,473.57,260.93,61.96,150.68
CUST-1686,ORD-1357,2023-01-13,Europe,Low Value,5,221.86,1109.29,709.24,23.54,376.51
CUST-9476,ORD-1358,2023-09-13,Africa,High Value,5,342.15,1710.76,960.65,7.56,742.55
CUST-5811,ORD-1359,2023-09-30,Asia,Mid Value,2,183.16,366.32,184.49,24.27,157.55
CUST-9954,ORD-1360,2022-11-06,Europe,Low Value,4,338.22,1352.89,759.72,74.11,519.07
CUST-6346,ORD-1361,2023-01-24,Europe,High Value,4,282.45,1129.81,660.39,6.35,463.07
CUST-6043,ORD-1362,2023-10-20,Asia,Low Value,4,43.28,173.14,97.89,14.67,60.58
CUST-3428,ORD-1363,2022-07-02,North America,Mid Value,2,461.44,922.89,478.59,9.88,434.41
CUST-6126,ORD-1364,2022-11-02,Africa,High Value,5,105.42,527.1,261.59,33.27,232.24
CUST-9220,ORD-1365,2022-03-13,Europe,High Value,5,236.73,1183.67,812.87,53.58,317.22
CUST-8813,ORD-1366,2022-08-07,Africa,Mid Value,1,474.85,474.85,249.0,73.28,152.57
CUST-4356,ORD-1367,2023-12-20,Africa,Low Value,4,138.72,554.88,347.54,64.56,142.78
CUST-9707,ORD-1368,2022-06-22,Europe,Mid Value,2,30.64,61.28,32.79,23.8,4.68
CUST-8266,ORD-1369,2023-10-15,North America,High Value,1,255.22,255.22,176.72,52.61,25.89
CUST-7540,ORD-1370,2022-09-29,Europe,High Value,5,127.49,637.43,444.34,54.79,138.31
CUST-1038,ORD-1371,2023-12-27,North America,Mid Value,1,299.37,299.37,196.47,11.79,91.11
CUST-4342,ORD-1372,2023-04-13,Asia,Low Value,4,412.21,1648.85,981.67,37.04,630.14
CUST-3844,ORD-1373,2022-09-26,North America,Mid Value,3,265.39,796.16,466.16,28.34,301.65
CUST-2098,ORD-1374,2022-01-20,North America,Low Value,4,329.61,1318.46,701.74,16.78,599.94
CUST-8027,ORD-1375,2023-08-01,Europe,Low Value,4,339.75,1359.01,653.02,9.4,696.6
CUST-2823,ORD-1376,2023-05-18,Africa,High Value,2,413.86,827.71,388.83,7.04,431.85
CUST-4155,ORD-1377,2022-05-27,Africa,Low Value,3,350.2,1050.61,595.03,69.4,386.18
CUST-4093,ORD-1378,2023-03-05,North America,High Value,3,488.56,1465.69,1018.21,29.8,417.68
CUST-6658,ORD-1379,2022-06-14,North America,Low Value,3,238.98,716.94,366.87,41.98,308.09
CUST-4778,ORD-1380,2022-11-06,Europe,Low Value,5,44.12,220.62,121.95,26.87,71.8
CUST-3896,ORD-1381,2023-06-02,North America,High Value,1,209.13,209.13,127.65,17.44,64.05
CUST-1988,ORD-1382,2022-01-14,Europe,Low Value,5,423.14,2115.71,1137.76,24.6,953.35
CUST-5116,ORD-1383,2022-05-12,Asia,Mid Value,3,83.87,251.62,113.46,17.75,120.41
CUST-7446,ORD-1384,2023-03-15,North America,Low Value,2,373.25,746.5,409.87,61.84,274.79
CUST-5179,ORD-1385,2023-11-05,Asia,High Value,4,277.12,1108.47,721.79,73.06,313.61
CUST-2682,ORD-1386,2022-09-20,North America,High Value,4,452.32,1809.28,1241.15,37.59,530.54
CUST-6626,ORD-1387,2023-10-05,North America,Mid Value,5,370.97,1854.86,962.25,66.72,825.89
CUST-8424,ORD-1388,2022-08-13,Asia,Low Value,5,337.05,1685.26,1146.67,36.93,501.66
CUST-1933,ORD-1389,2022-09-15,Asia,Mid Value,2,445.7,891.4,594.38,38.51,258.52
CUST-4598,ORD-1390,2022-08-22,Europe,Low Value,4,455.95,1823.78,1006.15,41.38,776.25
CUST-2980,ORD-1391,2022-12-02,Europe,Mid Value,5,204.76,1023.8,461.91,66.52,495.38
CUST-4056,ORD-1392,2023-02-13,Asia,High Value,1,465.37,465.37,307.71,75.22,82.43
CUST-9984,ORD-1393,2022-01-24,North America,High Value,5,46.26,231.28,120.65,60.83,49.79
CUST-1791,ORD-1394,2022-09-28,Europe,Mid Value,5,386.03,1930.16,1233.32,71.63,625.21
CUST-6390,ORD-1395,2022-04-05,North America,Low Value,3,181.53,544.6,322.88,53.2,168.52
CUST-7635,ORD-1396,2022-05-22,Africa,Low Value,1,253.95,253.95,128.35,67.94,57.66
CUST-3255,ORD-1397,2023-11-25,Europe,High Value,1,421.16,421.16,257.77,46.76,116.63
CUST-4610,ORD-1398,2023-12-19,Europe,Low Value,2,325.78,651.56,417.79,62.95,170.82
CUST-2607,ORD-1399,2022-03-22,Europe,Mid Value,3,239.6,718.79,408.71,57.89,252.18
CUST-6179,ORD-1400,2022-10-01,Africa,Mid Value,1,98.69,98.69,62.86,61.19,-25.37
CUST-7573,ORD-1401,2022-10-03,Asia,Low Value,3,470.85,1412.54,778.65,22.58,611.31
CUST-1984,ORD-1402,2023-04-10,North America,High Value,3,179.59,538.77,374.48,16.53,147.76
CUST-6776,ORD-1403,2022-07-27,Africa,High Value,4,68.56,274.23,139.84,53.98,80.41
CUST-4676,ORD-1404,2022-10-23,Asia,High Value,1,290.79,290.79,187.4,41.22,62.17
CUST-4380,ORD-1405,2022-02-08,Europe,High Value,4,215.01,860.06,548.2,62.35,249.51
CUST-9711,ORD-1406,2022-10-15,Asia,High Value,5,303.45,1517.23,883.57,15.99,617.67
CUST-9782,ORD-1407,2022-05-04,Asia,Mid Value,5,132.09,660.47,355.06,76.08,229.34
CUST-2050,ORD-1408,2022-10-10,Asia,Low Value,4,201.79,807.16,453.17,57.8,296.19
CUST-4633,ORD-1409,2022-06-29,North America,Mid Value,5,486.8,2434.02,1478.36,6.72,948.94
CUST-7342,ORD-1410,2022-04-07,Asia,High Value,4,469.54,1878.15,1094.19,48.24,735.72
CUST-1959,ORD-1411,2022-07-10,Asia,High Value,2,434.9,869.81,557.01,28.45,284.35
CUST-7059,ORD-1412,2022-03-15,Asia,Low Value,3,393.98,1181.93,638.45,25.6,517.89
CUST-9884,ORD-1413,2023-03-23,Asia,Low Value,2,95.15,190.3,90.74,72.66,26.9
CUST-6655,ORD-1414,2023-05-12,Africa,Low Value,1,244.13,244.13,140.71,67.7,35.72
CUST-5473,ORD-1415,2023-07-15,Africa,Mid Value,2,369.39,738.79,380.29,5.72,352.78
CUST-3946,ORD-1416,2023-04-29,Asia,Low Value,2,145.65,291.3,175.99,18.63,96.68
CUST-8725,ORD-1417,2023-12-23,Asia,Mid Value,5,35.88,179.38,104.05,58.96,16.36
CUST-1526,ORD-1418,2022-04-26,Asia,High Value,4,220.69,882.75,569.1,68.61,245.04
CUST-4224,ORD-1419,2023-06-19,Europe,Mid Value,1,224.07,224.07,133.05,58.82,32.19
CUST-2875,ORD-1420,2022-04-08,Asia,Low Value,5,51.25,256.24,142.9,44.4,68.94
CUST-2763,ORD-1421,2022-11-24,Asia,Mid Value,1,173.9,173.9,83.46,78.84,11.59
CUST-9712,ORD-1422,2023-02-11,Africa,Mid Value,3,460.3,1380.91,662.89,64.8,653.23
CUST-6797,ORD-1423,2022-11-09,Africa,Mid Value,4,140.14,560.57,342.0,40.09,178.48
CUST-8099,ORD-1424,2023-12-03,Africa,Low Value,5,293.2,1465.98,982.49,48.76,434.74
CUST-6109,ORD-1425,2023-11-25,North America,Mid Value,2,254.18,508.37,281.48,8.36,218.52
CUST-7644,ORD-1426,2022-05-28,Europe,Low Value,3,433.82,1301.46,758.36,77.36,465.75
CUST-1116,ORD-1427,2022-12-08,Asia,Mid Value,2,333.7,667.41,398.98,32.21,236.22
CUST-3433,ORD-1428,2023-05-10,Africa,Mid Value,1,96.05,96.05,54.68,54.61,-13.25
CUST-6463,ORD-1429,2022-01-23,North America,Mid Value,3,88.58,265.73,123.54,55.02,87.17
CUST-1583,ORD-1430,2022-04-15,Asia,Low Value,5,287.59,1437.97,858.88,9.27,569.82
CUST-9586,ORD-1431,2023-11-06,Asia,Low Value,2,42.3,84.61,40.97,24.94,18.7
CUST-4788,ORD-1432,2023-08-02,Africa,Low Value,2,208.89,417.79,246.06,54.21,117.52
CUST-5167,ORD-1433,2023-07-12,Asia,High Value,1,211.53,211.53,136.19,73.41,1.92
CUST-9465,ORD-1434,2023-08-16,Asia,Low Value,1,114.24,114.24,51.56,63.4,-0.72
CUST-2389,ORD-1435,2023-10-21,Asia,Mid Value,4,164.49,657.94,366.88,48.51,242.55
CUST-9357,ORD-1436,2022-08-10,Africa,High Value,4,178.38,713.5,454.09,22.44,236.98
CUST-7154,ORD-1437,2022-01-15,North America,Low Value,1,25.64,25.64,14.93,76.16,-65.45
CUST-6420,ORD-1438,2023-09-25,Asia,Low Value,4,406.83,1627.31,828.02,35.28,764.02
CUST-9920,ORD-1439,2022-03-19,North America,High Value,2,479.57,959.15,598.88,16.24,344.02
CUST-3043,ORD-1440,2022-11-18,Asia,High Value,1,158.85,158.85,102.59,6.62,49.63
CUST-5197,ORD-1441,2022-08-29,Africa,Low Value,3,73.75,221.26,119.62,76.26,25.38
CUST-4496,ORD-1442,2022-01-18,North America,High Value,1,477.71,477.71,250.48,63.34,163.88
CUST-1778,ORD-1443,2023-03-30,Africa,Mid Value,5,375.46,1877.32,1100.65,21.23,755.45
CUST-1213,ORD-1444,2023-03-19,Europe,Mid Value,5,447.75,2238.74,1211.96,15.63,1011.15
CUST-4762,ORD-1445,2022-10-04,Asia,Mid Value,1,193.22,193.22,127.33,76.96,-11.07
CUST-7731,ORD-1446,2023-02-28,Europe,Low Value,3,252.35,757.05,488.12,23.06,245.87
CUST-4117,ORD-1447,2023-04-21,Europe,Mid Value,1,466.52,466.52,246.31,39.65,180.56
CUST-6791,ORD-1448,2022-01-27,Europe,High Value,3,240.59,721.76,407.25,50.81,263.69
CUST-9783,ORD-1449,2023-05-29,Asia,Mid Value,2,342.61,685.21,460.72,9.68,214.82
CUST-3720,ORD-1450,2023-04-09,Africa,High Value,2,358.3,716.61,348.88,30.83,336.9
CUST-9905,ORD-1451,2022-12-29,Europe,Mid Value,3,421.81,1265.44,808.06,75.77,381.61
CUST-7047,ORD-1452,2023-01-18,North America,High Value,4,488.09,1952.34,1033.18,57.53,861.64
CUST-9032,ORD-1453,2023-06-09,Asia,Mid Value,2,180.75,361.5,173.47,32.58,155.45
CUST-1001,ORD-1454,2023-01-17,Africa,Mid Value,5,138.78,693.88,332.54,64.38,296.96
CUST-7368,ORD-1455,2022-07-03,Africa,Mid Value,1,57.3,57.3,29.74,67.79,-40.23
CUST-2949,ORD-1456,2022-07-13,Europe,High Value,4,431.14,1724.55,1012.35,16.38,695.82
CUST-7732,ORD-1457,2023-04-07,Asia,High Value,5,160.49,802.43,543.22,48.99,210.21
CUST-8833,ORD-1458,2022-02-25,Europe,Mid Value,1,43.81,43.81,23.04,32.51,-11.73
CUST-1917,ORD-1459,2022-08-18,North America,High Value,5,435.33,2176.65,1087.9,43.01,1045.73
CUST-4174,ORD-1460,2023-05-04,Africa,High Value,4,264.76,1059.03,603.29,40.18,415.56
CUST-8014,ORD-1461,2022-01-28,Africa,Low Value,3,422.39,1267.17,619.85,42.79,604.54
CUST-1089,ORD-1462,2023-08-06,Asia,Mid Value,1,286.15,286.15,148.2,44.15,93.8
CUST-2709,ORD-1463,2023-12-23,Africa,High Value,5,170.59,852.95,594.22,10.19,248.54
CUST-4041,ORD-1464,2022-07-03,Asia,High Value,5,82.3,411.48,242.57,18.33,150.58
CUST-1105,ORD-1465,2023-03-01,Europe,High Value,4,229.84,919.35,593.88,47.46,278.01
CUST-9619,ORD-1466,2023-01-10,North America,High Value,4,32.74,130.97,65.87,75.2,-10.1
CUST-2895,ORD-1467,2022-02-10,Asia,Low Value,4,309.18,1236.72,717.32,60.99,458.41
CUST-7090,ORD-1468,2023-04-29,Europe,High Value,3,225.28,675.84,390.39,22.9,262.55
CUST-9508,ORD-1469,2022-09-17,North America,High Value,2,87.93,175.86,114.87,32.13,28.87
CUST-7082,ORD-1470,2023-03-17,Africa,Low Value,5,274.51,1372.56,625.06,30.15,717.35
CUST-1634,ORD-1471,2022-03-25,North America,Mid Value,3,404.44,1213.31,807.0,62.71,343.6
CUST-2925,ORD-1472,2022-02-15,North America,Mid Value,5,487.9,2439.52,1146.33,77.91,1215.28
CUST-3056,ORD-1473,2023-03-16,North America,Low Value,3,273.13,819.4,556.49,31.66,231.25
CUST-7917,ORD-1474,2023-11-02,Africa,Mid Value,1,82.18,82.18,39.92,6.11,36.16
CUST-4144,ORD-1475,2023-06-03,Asia,Mid Value,2,409.14,818.28,477.1,75.27,265.91
CUST-1552,ORD-1476,2023-03-14,Asia,Low Value,5,353.98,1769.89,840.43,61.49,867.97
CUST-9907,ORD-1477,2022-05-16,North America,High Value,4,477.91,1911.62,1073.95,67.58,770.1
CUST-6383,ORD-1478,2022-07-02,Europe,Low Value,2,276.9,553.8,290.65,20.65,242.51
CUST-4911,ORD-1479,2023-12-10,Europe,Low Value,5,191.41,957.05,531.19,53.42,372.44
CUST-4389,ORD-1480,2022-06-21,North America,Low Value,1,482.16,482.16,282.67,22.45,177.04
CUST-9442,ORD-1481,2023-08-13,North America,Low Value,5,278.45,1392.27,786.44,5.87,599.96
CUST-3430,ORD-1482,2023-11-21,Europe,Low Value,5,27.63,138.17,62.98,16.78,58.42
CUST-1458,ORD-1483,2023-06-23,North America,High Value,5,247.36,1236.81,823.54,74.21,339.05
CUST-1207,ORD-1484,2022-04-30,North America,Mid Value,2,21.14,42.28,20.03,21.15,1.1
CUST-1899,ORD-1485,2022-10-08,Asia,Low Value,5,374.1,1870.5,1300.29,48.89,521.32
CUST-1021,ORD-1486,2022-11-04,Asia,High Value,4,291.65,1166.61,773.27,77.6,315.75
CUST-9601,ORD-1487,2023-12-09,North America,Low Value,3,72.7,218.11,128.76,10.68,78.68
CUST-1894,ORD-1488,2022-10-04,North America,High Value,4,410.25,1640.98,839.03,65.6,736.36
CUST-1514,ORD-1489,2023-06-14,Africa,Mid Value,1,277.49,277.49,130.85,49.82,96.82
CUST-8294,ORD-1490,2022-10-22,Asia,High Value,2,74.75,149.5,92.38,29.25,27.86
CUST-5904,ORD-1491,2022-02-22,North America,High Value,3,96.81,290.42,145.32,32.32,112.78
CUST-8867,ORD-1492,2023-03-08,Africa,Mid Value,2,414.61,829.22,525.15,7.04,297.03
CUST-5109,ORD-1493,2022-02-21,Africa,Mid Value,2,190.63,381.27,250.92,24.19,106.16
CUST-8179,ORD-1494,2023-12-29,Africa,High Value,5,414.13,2070.63,1443.73,36.76,590.15
CUST-2560,ORD-1495,2022-03-13,Africa,Low Value,4,53.36,213.45,122.96,58.77,31.72
CUST-2266,ORD-1496,2022-01-28,Asia,Low Value,3,137.05,411.16,285.21,25.61,100.34
CUST-4638,ORD-1497,2023-04-14,Africa,Mid Value,5,387.0,1935.0,942.98,48.52,943.49
CUST-9941,ORD-1498,2023-07-01,Asia,Low Value,3,328.02,984.05,648.55,59.88,275.62
CUST-4427,ORD-1499,2023-02-05,Africa,Mid Value,4,167.28,669.1,361.28,57.39,250.43
CUST-5780,ORD-1500,2022-07-20,Africa,High Value,5,469.29,2346.46,1269.91,49.27,1027.28
CUST-2927,ORD-1501,2023-09-03,Europe,High Value,3,121.31,363.94,188.21,48.51,127.21
CUST-3356,ORD-1502,2023-04-11,Asia,Low Value,5,427.89,2139.47,1055.51,59.09,1024.87
CUST-5790,ORD-1503,2023-10-14,Europe,Mid Value,2,353.96,707.91,396.82,30.16,280.93
CUST-1306,ORD-1504,2023-08-18,Europe,Low Value,1,78.14,78.14,54.45,38.77,-15.08
CUST-8979,ORD-1505,2023-07-14,Africa,Low Value,3,286.46,859.37,457.59,77.46,324.31
CUST-4665,ORD-1506,2023-01-14,Asia,High Value,4,466.36,1865.42,1054.47,55.15,755.81
CUST-8057,ORD-1507,2022-06-26,North America,Low Value,3,317.07,951.21,482.38,43.99,424.83
CUST-1661,ORD-1508,2022-02-21,Africa,High Value,1,273.83,273.83,146.3,48.37,79.15
CUST-5644,ORD-1509,2022-03-20,Asia,Mid Value,3,195.84,587.51,272.48,12.83,302.2
CUST-9503,ORD-1510,2023-01-20,Europe,Low Value,3,398.62,1195.85,823.95,49.4,322.5
CUST-3920,ORD-1511,2023-07-30,Asia,High Value,3,458.27,1374.81,793.88,67.74,513.19
CUST-9946,ORD-1512,2022-01-08,Africa,Low Value,4,381.59,1526.37,966.55,44.27,515.54
CUST-7236,ORD-1513,2022-08-02,Asia,Mid Value,1,368.12,368.12,212.89,18.27,136.96
CUST-7078,ORD-1514,2022-01-25,Europe,Low Value,1,112.4,112.4,72.22,38.62,1.56
CUST-1352,ORD-1515,2023-03-26,Asia,Low Value,4,420.31,1681.25,981.05,25.85,674.35
CUST-8005,ORD-1516,2023-04-02,Asia,High Value,3,39.53,118.6,74.17,31.98,12.45
CUST-1158,ORD-1517,2023-04-06,Europe,Mid Value,3,383.53,1150.6,714.75,21.88,413.97
CUST-1956,ORD-1518,2022-07-17,Africa,Mid Value,1,121.22,121.22,70.72,30.04,20.46
CUST-3071,ORD-1519,2022-04-04,North America,Mid Value,3,253.89,761.66,386.65,66.63,308.38
CUST-9595,ORD-1520,2023-12-20,Europe,Low Value,2,353.71,707.42,355.81,61.83,289.79
CUST-4453,ORD-1521,2023-03-13,Europe,High Value,3,384.36,1153.07,770.92,41.79,340.37
CUST-7675,ORD-1522,2023-06-11,Africa,Low Value,3,446.28,1338.84,642.87,63.69,632.28
CUST-1955,ORD-1523,2023-11-21,Africa,Low Value,5,155.64,778.22,459.0,78.17,241.05
CUST-7295,ORD-1524,2023-01-13,Asia,Low Value,1,127.67,127.67,73.49,35.46,18.72
CUST-2712,ORD-1525,2023-08-10,Europe,Mid Value,1,498.2,498.2,323.63,78.5,96.07
CUST-5703,ORD-1526,2022-04-14,Asia,High Value,2,119.63,239.26,115.76,23.44,100.05
CUST-7563,ORD-1527,2023-11-11,Asia,Mid Value,2,339.43,678.86,422.13,76.59,180.14
CUST-6631,ORD-1528,2023-09-19,Africa,Low Value,2,477.32,954.63,574.18,69.83,310.63
CUST-2394,ORD-1529,2022-02-08,Africa,Low Value,1,450.35,450.35,281.6,19.93,148.81
CUST-5732,ORD-1530,2023-04-03,Asia,High Value,5,232.77,1163.83,704.48,31.24,428.12
CUST-4714,ORD-1531,2022-12-30,Europe,Mid Value,5,326.04,1630.2,962.85,58.09,609.25
CUST-1529,ORD-1532,2022-05-15,Europe,Low Value,4,273.97,1095.86,746.91,19.37,329.59
CUST-3958,ORD-1533,2023-01-09,Asia,Low Value,1,186.39,186.39,100.12,49.3,36.97
CUST-8904,ORD-1534,2022-08-20,North America,High Value,4,89.32,357.29,177.28,45.11,134.9
CUST-4591,ORD-1535,2022-02-08,North America,Low Value,3,405.63,1216.89,789.58,26.89,400.42
CUST-7895,ORD-1536,2022-02-16,Africa,Mid Value,2,63.41,126.82,61.18,27.54,38.1
CUST-1525,ORD-1537,2022-02-05,Europe,Mid Value,4,312.62,1250.48,775.21,43.72,431.55
CUST-7477,ORD-1538,2022-04-05,Asia,Low Value,4,305.3,1221.19,717.31,27.49,476.39
CUST-1001,ORD-1539,2022-12-27,Asia,Low Value,1,180.72,180.72,81.38,18.52,80.82
CUST-1374,ORD-1540,2023-06-09,Europe,Low Value,2,85.0,169.99,86.69,63.0,20.3
CUST-5648,ORD-1541,2022-05-26,Africa,High Value,2,403.83,807.65,463.57,48.63,295.45
CUST-3365,ORD-1542,2023-01-03,Africa,High Value,5,241.72,1208.62,643.5,37.82,527.29
CUST-2525,ORD-1543,2022-03-06,North America,Mid Value,4,368.13,1472.52,819.79,18.59,634.14
CUST-2646,ORD-1544,2022-08-16,Europe,Mid Value,5,27.91,139.57,83.78,49.58,6.2
CUST-1013,ORD-1545,2023-06-04,Europe,Low Value,4,55.76,223.05,141.12,52.15,29.78
CUST-5599,ORD-1546,2023-07-09,Asia,Low Value,1,104.41,104.41,50.93,40.98,12.5
CUST-3278,ORD-1547,2022-06-30,Europe,Low Value,1,74.64,74.64,38.87,32.96,2.82
CUST-4155,ORD-1548,2023-05-16,North America,High Value,3,112.02,336.06,204.7,70.04,61.31
CUST-9321,ORD-1549,2023-08-20,Europe,High Value,4,349.51,1398.06,834.79,57.86,505.4
CUST-4814,ORD-1550,2022-06-04,Asia,Low Value,4,42.56,170.23,107.96,31.71,30.56
CUST-4216,ORD-1551,2023-06-19,North America,Low Value,2,38.18,76.35,46.58,49.48,-19.71
CUST-9219,ORD-1552,2023-09-19,Asia,Mid Value,2,35.19,70.39,37.48,22.53,10.37
CUST-3113,ORD-1553,2023-03-11,Europe,High Value,5,354.87,1774.36,1019.92,5.86,748.58
CUST-5356,ORD-1554,2022-04-09,Africa,Low Value,3,277.35,832.04,558.45,70.16,203.42
CUST-6543,ORD-1555,2023-09-08,Europe,High Value,1,197.72,197.72,98.17,66.42,33.13
CUST-5555,ORD-1556,2023-01-07,Europe,Low Value,4,344.29,1377.17,749.44,52.96,574.78
CUST-8062,ORD-1557,2023-07-17,Asia,Low Value,5,285.73,1428.65,943.53,65.85,419.28
CUST-4374,ORD-1558,2022-12-28,Africa,Mid Value,3,23.52,70.56,38.18,63.56,-31.18
CUST-7430,ORD-1559,2022-04-22,Europe,Mid Value,2,422.5,845.01,467.34,69.52,308.15
CUST-4466,ORD-1560,2023-03-29,North America,Mid Value,3,188.09,564.27,298.95,71.89,193.42
CUST-4081,ORD-1561,2022-06-18,North America,Low Value,5,211.79,1058.95,714.66,66.41,277.87
CUST-1629,ORD-1562,2023-08-07,Asia,Mid Value,1,395.5,395.5,243.56,68.88,83.06
CUST-1269,ORD-1563,2022-05-19,Asia,Low Value,2,109.8,219.61,110.29,42.63,66.69
CUST-6724,ORD-1564,2022-08-19,Africa,High Value,2,24.83,49.67,31.66,58.1,-40.09
CUST-6897,ORD-1565,2022-08-27,Asia,High Value,1,456.24,456.24,209.7,29.99,216.55
CUST-4432,ORD-1566,2022-09-10,Africa,Low Value,2,262.63,525.26,288.42,69.58,167.25
CUST-7276,ORD-1567,2023-03-12,Europe,Mid Value,5,187.77,938.87,636.03,69.39,233.44
CUST-6895,ORD-1568,2023-07-15,North America,Mid Value,2,413.14,826.28,514.32,9.96,302.01
CUST-8115,ORD-1569,2023-02-26,North America,High Value,4,32.62,130.49,84.59,31.03,14.87
CUST-7656,ORD-1570,2022-10-30,North America,Low Value,3,117.1,351.3,239.88,17.86,93.56
CUST-1575,ORD-1571,2022-03-13,Asia,Low Value,5,94.54,472.69,304.24,15.18,153.26
CUST-8029,ORD-1572,2022-09-20,Asia,Low Value,1,374.16,374.16,176.66,36.12,161.38
CUST-7099,ORD-1573,2022-08-10,Europe,High Value,5,169.8,849.01,431.01,51.92,366.08
CUST-4192,ORD-1574,2022-03-18,Asia,High Value,4,391.0,1563.98,899.29,30.78,633.91
CUST-4178,ORD-1575,2022-03-03,Africa,Mid Value,2,39.91,79.82,36.19,28.19,15.43
CUST-7052,ORD-1576,2023-04-16,North America,Low Value,2,311.9,623.79,378.11,12.08,233.6
CUST-3734,ORD-1577,2022-06-06,Europe,Low Value,5,172.75,863.73,530.6,33.72,299.41
CUST-7116,ORD-1578,2022-05-05,Africa,Low Value,2,109.72,219.44,136.96,40.32,42.16
CUST-4568,ORD-1579,2022-06-10,Africa,Low Value,2,412.05,824.09,485.33,34.9,303.86
CUST-3203,ORD-1580,2023-06-25,Asia,High Value,4,217.88,871.52,490.75,56.01,324.77
CUST-2390,ORD-1581,2023-09-18,Asia,Mid Value,1,294.38,294.38,195.44,26.61,72.33
CUST-2742,ORD-1582,2023-08-14,North America,High Value,3,35.88,107.64,69.09,58.7,-20.15
CUST-2925,ORD-1583,2023-06-19,Europe,Mid Value,5,399.98,1999.9,1206.12,71.21,722.57
CUST-1619,ORD-1584,2022-04-16,Africa,Low Value,1,157.7,157.7,72.78,49.34,35.58
CUST-2274,ORD-1585,2022-05-11,Asia,Low Value,3,352.83,1058.5,659.96,34.15,364.4
CUST-1956,ORD-1586,2022-12-23,Asia,Low Value,1,385.03,385.03,226.99,18.48,139.56
CUST-2939,ORD-1587,2023-11-16,Europe,Low Value,5,76.22,381.08,237.55,74.93,68.59
CUST-4953,ORD-1588,2022-01-02,Europe,Low Value,4,162.03,648.13,342.12,61.39,244.62
CUST-1968,ORD-1589,2022-08-21,Asia,High Value,4,367.25,1469.0,946.4,23.48,499.12
CUST-1281,ORD-1590,2023-01-04,Asia,Mid Value,4,131.45,525.78,291.54,16.3,217.95
CUST-7262,ORD-1591,2022-09-08,North America,High Value,1,427.12,427.12,287.72,8.7,130.71
CUST-2058,ORD-1592,2022-04-18,Europe,Low Value,5,169.75,848.74,404.0,19.29,425.44
CUST-5293,ORD-1593,2022-10-03,Africa,Mid Value,2,213.12,426.24,243.44,59.93,122.87
CUST-6178,ORD-1594,2022-06-29,Asia,Mid Value,2,67.88,135.75,68.07,52.22,15.47
CUST-7980,ORD-1595,2023-12-26,Asia,Low Value,4,90.88,363.54,204.8,77.56,81.17
CUST-2229,ORD-1596,2022-10-20,Asia,Mid Value,1,152.2,152.2,81.95,29.15,41.1
CUST-5585,ORD-1597,2023-08-07,Asia,High Value,2,43.48,86.95,56.59,64.0,-33.64
CUST-9467,ORD-1598,2022-06-24,North America,High Value,1,112.66,112.66,55.4,14.03,43.22
CUST-3740,ORD-1599,2022-05-03,Europe,High Value,5,216.29,1081.46,648.53,47.19,385.74
CUST-3289,ORD-1600,2022-08-15,Asia,High Value,4,202.38,809.53,446.55,40.01,322.97
CUST-2239,ORD-1601,2023-03-20,Europe,Mid Value,3,115.37,346.12,200.58,67.86,77.67
CUST-6370,ORD-1602,2023-03-04,Africa,High Value,4,58.62,234.47,147.39,57.62,29.46
CUST-1125,ORD-1603,2022-03-24,Africa,Mid Value,3,172.71,518.13,279.42,19.57,219.14
CUST-8473,ORD-1604,2023-10-20,Africa,Low Value,2,377.77,755.53,409.32,78.79,267.42
CUST-6342,ORD-1605,2023-09-24,Africa,High Value,3,264.85,794.54,372.8,66.74,355.01
CUST-8351,ORD-1606,2022-03-06,Europe,Low Value,1,474.47,474.47,278.98,31.6,163.89
CUST-7638,ORD-1607,2022-10-08,Africa,High Value,3,87.15,261.44,144.89,66.95,49.59
CUST-7570,ORD-1608,2023-01-26,Africa,Low Value,2,119.51,239.03,156.1,76.77,6.16
CUST-4249,ORD-1609,2023-03-04,Asia,Low Value,2,154.54,309.09,173.03,71.77,64.28
CUST-8595,ORD-1610,2023-09-10,Asia,Low Value,4,26.24,104.96,72.71,46.72,-14.46
CUST-7294,ORD-1611,2022-04-17,Asia,Low Value,2,472.82,945.65,466.15,48.29,431.21
CUST-7527,ORD-1612,2023-07-02,North America,Low Value,1,233.77,233.77,120.81,12.99,99.97
CUST-6757,ORD-1613,2023-10-21,Asia,Mid Value,3,251.19,753.58,412.94,17.35,323.28
CUST-2969,ORD-1614,2022-09-19,Africa,Mid Value,5,95.77,478.86,235.89,78.7,164.27
CUST-1891,ORD-1615,2022-06-08,Europe,High Value,2,438.89,877.79,608.38,62.73,206.68
CUST-5470,ORD-1616,2022-09-22,Africa,Mid Value,3,352.46,1057.39,645.26,6.91,405.22
CUST-8175,ORD-1617,2023-04-13,Europe,Low Value,4,227.05,908.21,411.24,46.07,450.91
CUST-9320,ORD-1618,2022-07-21,Africa,Mid Value,5,441.43,2207.13,1312.42,30.9,863.81
CUST-7812,ORD-1619,2022-06-04,North America,Mid Value,4,454.62,1818.48,1173.49,28.36,616.63
CUST-8519,ORD-1620,2022-01-13,Asia,Low Value,1,43.75,43.75,20.25,46.75,-23.24
CUST-5612,ORD-1621,2022-10-24,Africa,Mid Value,4,77.28,309.1,183.76,29.01,96.34
CUST-2198,ORD-1622,2023-05-13,Asia,Low Value,3,33.26,99.78,54.24,23.87,21.68
CUST-6238,ORD-1623,2023-08-20,North America,Mid Value,5,299.23,1496.15,890.76,75.34,530.05
CUST-7089,ORD-1624,2022-09-02,North America,Low Value,4,124.61,498.45,255.78,7.99,234.68
CUST-7257,ORD-1625,2022-10-27,Asia,High Value,4,425.57,1702.26,1049.45,37.71,615.1
CUST-8705,ORD-1626,2022-12-28,Asia,Mid Value,1,243.64,243.64,150.53,43.34,49.77
CUST-4719,ORD-1627,2022-12-20,Europe,High Value,3,422.1,1266.3,740.63,38.0,487.68
CUST-1302,ORD-1628,2023-06-05,Asia,Low Value,4,286.69,1146.76,780.87,54.29,311.59
CUST-1986,ORD-1629,2023-01-21,Asia,Low Value,3,402.16,1206.48,817.23,6.93,382.32
CUST-5440,ORD-1630,2022-11-08,Europe,High Value,2,198.49,396.98,183.36,71.37,142.25
CUST-5909,ORD-1631,2023-02-18,Africa,Low Value,1,473.79,473.79,247.54,42.52,183.73
CUST-4072,ORD-1632,2022-10-05,Europe,Low Value,1,340.24,340.24,184.09,46.53,109.62
CUST-4124,ORD-1633,2023-12-16,Africa,Low Value,1,305.84,305.84,141.85,39.71,124.28
CUST-9125,ORD-1634,2023-08-16,Africa,Low Value,3,189.13,567.39,329.6,38.34,199.45
CUST-4291,ORD-1635,2022-12-22,Africa,Low Value,4,469.85,1879.39,857.28,19.0,1003.11
CUST-5033,ORD-1636,2023-06-09,Europe,Low Value,4,182.11,728.45,451.29,42.83,234.33
CUST-6105,ORD-1637,2022-01-16,Europe,Low Value,3,421.21,1263.64,569.49,36.6,657.55
CUST-1703,ORD-1638,2022-02-14,North America,Low Value,3,214.07,642.2,294.12,40.11,307.98
CUST-9133,ORD-1639,2022-11-17,Africa,High Value,2,388.25,776.5,511.28,6.04,259.18
CUST-1574,ORD-1640,2023-10-13,Europe,Mid Value,5,457.7,2288.51,1174.35,14.82,1099.34
CUST-6704,ORD-1641,2022-11-22,North America,Low Value,5,243.49,1217.46,572.58,62.24,582.64
CUST-8848,ORD-1642,2022-05-28,Africa,High Value,1,272.54,272.54,149.86,36.43,86.25
CUST-6208,ORD-1643,2022-12-21,Europe,Low Value,4,178.56,714.26,330.51,60.72,323.03
CUST-7924,ORD-1644,2022-08-24,Europe,Mid Value,1,46.25,46.25,29.49,17.83,-1.07
CUST-4828,ORD-1645,2023-12-04,Europe,Low Value,4,333.19,1332.76,764.39,57.37,511.01
CUST-4230,ORD-1646,2023-09-05,Asia,High Value,4,77.43,309.71,182.11,26.68,100.92
CUST-1488,ORD-1647,2022-04-15,North America,High Value,2,189.95,379.9,242.47,57.88,79.54
CUST-8114,ORD-1648,2023-04-19,Europe,Mid Value,3,187.76,563.27,363.94,11.51,187.82
CUST-4173,ORD-1649,2023-01-31,Asia,Low Value,3,92.48,277.45,134.3,30.02,113.12
CUST-2667,ORD-1650,2023-03-22,North America,High Value,3,340.02,1020.06,530.5,13.95,475.61
CUST-5114,ORD-1651,2023-08-29,North America,Mid Value,5,103.81,519.04,256.36,52.22,210.45
CUST-4553,ORD-1652,2022-08-08,Asia,Mid Value,3,393.6,1180.8,547.31,34.44,599.05
CUST-8761,ORD-1653,2023-03-18,North America,Low Value,5,139.65,698.27,408.05,10.57,279.64
CUST-2000,ORD-1654,2023-10-07,Asia,High Value,1,157.9,157.9,80.91,44.48,32.51
CUST-2388,ORD-1655,2023-10-29,Africa,Low Value,5,184.99,924.95,451.83,6.87,466.25
CUST-6450,ORD-1656,2022-01-28,Europe,Low Value,4,93.32,373.28,215.59,66.39,91.31
CUST-4712,ORD-1657,2023-04-20,Asia,Low Value,2,228.45,456.89,278.02,75.38,103.5
CUST-2367,ORD-1658,2023-09-20,North America,High Value,2,58.56,117.11,75.31,65.76,-23.95
CUST-9189,ORD-1659,2022-11-01,North America,Mid Value,4,225.02,900.06,408.96,76.36,414.74
CUST-1454,ORD-1660,2023-02-09,Africa,Low Value,1,183.16,183.16,106.52,72.28,4.36
CUST-3772,ORD-1661,2023-05-28,Africa,Low Value,2,182.37,364.73,188.48,72.12,104.13
CUST-4726,ORD-1662,2023-05-17,Africa,High Value,4,337.12,1348.49,941.11,23.41,383.98
CUST-8232,ORD-1663,2022-12-14,Africa,Low Value,2,389.13,778.26,380.75,22.34,375.17
CUST-5806,ORD-1664,2022-08-28,Africa,Mid Value,5,190.88,954.4,533.95,65.71,354.74
CUST-3190,ORD-1665,2023-07-24,Europe,Low Value,2,145.77,291.53,201.89,41.85,47.79
CUST-3875,ORD-1666,2023-11-26,Asia,Mid Value,5,257.29,1286.44,647.43,75.67,563.33
CUST-6592,ORD-1667,2022-12-03,Africa,Low Value,5,398.11,1990.53,1297.27,72.29,620.96
CUST-2440,ORD-1668,2022-01-26,Africa,Low Value,2,329.4,658.79,336.48,71.99,250.32
CUST-9927,ORD-1669,2023-02-13,Europe,Low Value,2,38.24,76.48,35.86,29.46,11.17
CUST-7059,ORD-1670,2022-03-18,Asia,Mid Value,5,250.37,1251.83,576.7,14.97,660.16
CUST-8010,ORD-1671,2022-08-05,Africa,Low Value,2,495.66,991.33,681.22,55.85,254.26
CUST-8117,ORD-1672,2022-11-24,Asia,Low Value,1,189.5,189.5,95.36,38.04,56.1
CUST-3989,ORD-1673,2022-01-23,Asia,Low Value,3,231.54,694.63,363.28,75.05,256.3
CUST-7228,ORD-1674,2023-11-01,Europe,Mid Value,3,157.96,473.87,327.79,69.04,77.04
CUST-7471,ORD-1675,2023-12-19,Europe,Low Value,4,258.89,1035.57,636.2,74.66,324.71
CUST-3863,ORD-1676,2022-11-06,Africa,High Value,3,97.24,291.73,166.88,47.59,77.26
CUST-2177,ORD-1677,2023-08-22,North America,Mid Value,1,138.57,138.57,77.44,44.47,16.66
CUST-5760,ORD-1678,2022-09-24,Europe,High Value,3,361.63,1084.9,501.38,68.53,514.99
CUST-1011,ORD-1679,2023-02-19,Asia,Low Value,3,86.38,259.13,170.96,43.39,44.78
CUST-6252,ORD-1680,2023-10-08,Asia,Mid Value,1,464.55,464.55,297.55,72.5,94.5
CUST-5399,ORD-1681,2022-09-24,Africa,Mid Value,5,167.82,839.1,396.62,7.58,434.9
CUST-9234,ORD-1682,2022-11-29,Africa,Low Value,3,296.01,888.04,478.09,31.91,378.04
CUST-6445,ORD-1683,2023-03-26,Africa,High Value,4,174.48,697.91,468.55,67.61,161.76
CUST-7570,ORD-1684,2023-07-19,Asia,Mid Value,3,249.45,748.36,381.0,20.75,346.62
CUST-9212,ORD-1685,2023-09-03,Europe,Mid Value,3,453.82,1361.47,820.71,34.92,505.84
CUST-1406,ORD-1686,2022-09-04,North America,Mid Value,1,52.92,52.92,30.27,5.75,16.9
CUST-5431,ORD-1687,2022-02-05,Europe,Mid Value,1,431.04,431.04,282.17,27.63,121.24
CUST-6243,ORD-1688,2023-02-05,North America,Mid Value,4,287.64,1150.54,528.11,28.9,593.53
CUST-7542,ORD-1689,2022-01-28,Europe,Low Value,2,339.23,678.47,443.74,59.94,174.78
CUST-7936,ORD-1690,2022-08-08,Africa,Mid Value,1,46.83,46.83,22.66,55.8,-31.63
CUST-9906,ORD-1691,2023-02-10,Asia,High Value,2,385.47,770.94,349.83,38.37,382.74
CUST-5146,ORD-1692,2023-09-06,North America,Mid Value,4,81.33,325.33,194.83,59.64,70.86
CUST-1140,ORD-1693,2022-09-28,Europe,Low Value,3,483.11,1449.34,745.92,37.13,666.3
CUST-5882,ORD-1694,2023-10-13,Asia,Low Value,3,403.66,1210.97,759.67,37.6,413.71
CUST-7012,ORD-1695,2023-05-26,North America,High Value,2,256.58,513.15,291.19,53.42,168.55
CUST-1963,ORD-1696,2022-10-13,North America,Mid Value,4,463.6,1854.4,1115.2,59.22,679.98
CUST-8151,ORD-1697,2023-03-30,Asia,High Value,4,101.16,404.62,251.85,68.52,84.26
CUST-9564,ORD-1698,2022-11-13,Africa,High Value,1,496.0,496.0,338.14,61.36,96.51
CUST-4610,ORD-1699,2023-08-13,Asia,High Value,2,364.07,728.15,477.5,55.27,195.37
CUST-7894,ORD-1700,2022-10-24,Africa,High Value,1,67.22,67.22,38.57,47.11,-18.46
CUST-8311,ORD-1701,2022-12-04,Europe,Mid Value,2,277.56,555.13,310.6,28.11,216.42
CUST-1105,ORD-1702,2022-11-03,Europe,Low Value,1,361.22,361.22,221.67,24.58,114.97
CUST-6539,ORD-1703,2023-03-04,Asia,Low Value,1,314.25,314.25,199.04,68.24,46.97
CUST-7787,ORD-1704,2022-12-17,Africa,Mid Value,4,223.5,893.98,440.88,58.8,394.3
CUST-3137,ORD-1705,2023-05-26,Europe,High Value,4,139.11,556.43,254.92,54.91,246.61
CUST-5445,ORD-1706,2023-06-09,Africa,Mid Value,3,134.35,403.05,227.18,24.41,151.45
CUST-4530,ORD-1707,2023-05-07,Africa,High Value,3,464.94,1394.81,662.34,77.73,654.73
CUST-2286,ORD-1708,2023-08-17,Africa,High Value,4,132.68,530.7,275.0,11.1,244.6
CUST-8052,ORD-1709,2022-01-09,Asia,Mid Value,4,481.95,1927.82,1149.34,67.87,710.61
CUST-4654,ORD-1710,2023-05-12,Africa,Mid Value,1,120.91,120.91,58.99,20.81,41.11
CUST-8102,ORD-1711,2023-12-26,Asia,High Value,3,204.46,613.37,280.39,34.42,298.56
CUST-3359,ORD-1712,2023-07-14,Europe,High Value,4,25.92,103.66,61.02,37.09,5.55
CUST-9105,ORD-1713,2023-07-15,Europe,High Value,2,453.51,907.02,513.88,54.7,338.44
CUST-9636,ORD-1714,2023-03-16,North America,High Value,2,70.09,140.18,73.81,46.0,20.36
CUST-7441,ORD-1715,2023-07-06,North America,Mid Value,3,191.52,574.55,325.89,18.96,229.71
CUST-6047,ORD-1716,2022-04-18,Europe,Low Value,2,424.41,848.82,527.01,7.25,314.55
CUST-9227,ORD-1717,2022-09-02,Africa,Low Value,1,400.11,400.11,190.95,58.79,150.37
CUST-6203,ORD-1718,2022-09-12,Africa,High Value,3,423.92,1271.76,653.59,42.87,575.31
CUST-2798,ORD-1719,2022-02-02,Europe,Low Value,4,458.77,1835.09,1190.49,32.13,612.46
CUST-6291,ORD-1720,2022-01-23,Europe,Low Value,2,457.31,914.63,564.81,26.34,323.48
CUST-6495,ORD-1721,2023-07-20,North America,Low Value,1,389.84,389.84,201.38,66.73,121.73
CUST-7284,ORD-1722,2022-02-18,Africa,Low Value,4,299.56,1198.25,658.49,64.66,475.1
CUST-8285,ORD-1723,2023-04-07,Europe,Low Value,5,289.54,1447.72,694.81,66.95,685.95
CUST-2300,ORD-1724,2023-08-13,North America,Low Value,1,26.2,26.2,13.45,21.43,-8.68
CUST-7869,ORD-1725,2022-12-02,North America,High Value,2,366.83,733.67,484.43,68.9,180.34
CUST-4097,ORD-1726,2022-12-24,Africa,High Value,1,128.8,128.8,72.14,78.92,-22.25
CUST-5616,ORD-1727,2022-05-02,North America,High Value,5,417.77,2088.87,1274.37,49.94,764.57
CUST-1009,ORD-1728,2023-03-20,North America,Mid Value,5,285.83,1429.13,700.18,8.54,720.41
CUST-6752,ORD-1729,2022-12-25,Asia,Low Value,1,493.88,493.88,244.88,57.67,191.33
CUST-7295,ORD-1730,2023-08-25,Europe,Low Value,4,120.93,483.73,331.46,45.36,106.9
CUST-5815,ORD-1731,2022-12-12,Africa,Mid Value,4,367.26,1469.05,970.1,58.4,440.55
CUST-2072,ORD-1732,2022-07-12,Europe,Low Value,5,282.82,1414.08,915.73,19.12,479.23
CUST-4225,ORD-1733,2023-02-20,Asia,High Value,3,467.27,1401.8,746.32,50.43,605.05
CUST-2316,ORD-1734,2023-01-12,Africa,High Value,3,147.68,443.03,261.69,45.44,135.9
CUST-6699,ORD-1735,2023-04-08,Europe,Mid Value,4,48.53,194.12,111.25,50.19,32.69
CUST-7807,ORD-1736,2023-10-23,North America,High Value,3,281.06,843.17,580.99,59.58,202.6
CUST-7674,ORD-1737,2022-05-26,Africa,Mid Value,4,270.37,1081.5,551.46,45.82,484.22
CUST-4683,ORD-1738,2023-04-23,Asia,High Value,2,169.62,339.24,232.99,29.14,77.11
CUST-8227,ORD-1739,2023-10-15,North America,Low Value,4,493.54,1974.15,1237.23,28.18,708.75
CUST-4273,ORD-1740,2023-02-12,Asia,High Value,2,53.46,106.92,59.17,57.13,-9.38
CUST-8000,ORD-1741,2022-10-13,North America,Mid Value,5,293.37,1466.85,757.76,54.79,654.3
CUST-1145,ORD-1742,2022-04-21,Europe,Low Value,3,144.9,434.71,277.93,36.65,120.13
CUST-6010,ORD-1743,2023-09-12,Europe,Mid Value,5,20.92,104.59,68.58,31.52,4.49
CUST-4040,ORD-1744,2022-02-19,Europe,Low Value,1,494.17,494.17,266.55,51.51,176.11
CUST-1482,ORD-1745,2022-01-14,Asia,Low Value,1,251.17,251.17,123.82,28.41,98.94
CUST-4179,ORD-1746,2022-05-14,Africa,High Value,5,431.45,2157.26,1236.24,77.24,843.77
CUST-2249,ORD-1747,2023-08-11,Europe,High Value,4,423.23,1692.93,960.1,49.74,683.09
CUST-1630,ORD-1748,2023-08-19,Asia,Low Value,4,409.89,1639.57,1035.15,49.4,555.03
CUST-9853,ORD-1749,2022-12-09,North America,High Value,3,240.33,720.98,499.86,15.23,205.9
CUST-3852,ORD-1750,2023-11-01,Europe,High Value,5,450.04,2250.22,1311.48,50.72,888.02
CUST-1987,ORD-1751,2022-10-13,North America,Mid Value,1,196.29,196.29,124.24,27.12,44.93
CUST-8622,ORD-1752,2022-11-10,Europe,High Value,5,216.03,1080.13,580.73,38.89,460.52
CUST-8327,ORD-1753,2023-08-29,North America,Low Value,5,142.74,713.69,428.14,45.36,240.19
CUST-9841,ORD-1754,2022-10-24,Asia,High Value,3,235.08,705.24,337.69,40.85,326.7
CUST-2100,ORD-1755,2023-08-29,Europe,Low Value,4,493.52,1974.08,1290.52,65.7,617.85
CUST-7652,ORD-1756,2023-07-23,Asia,Low Value,1,295.16,295.16,158.23,12.46,124.47
CUST-9632,ORD-1757,2022-06-13,Asia,Mid Value,3,418.93,1256.78,590.7,17.55,648.53
CUST-8421,ORD-1758,2023-05-12,North America,Low Value,1,146.4,146.4,102.14,16.77,27.49
CUST-6016,ORD-1759,2023-09-02,Europe,Low Value,1,478.84,478.84,323.43,66.26,89.15
CUST-1769,ORD-1760,2022-01-16,Africa,Mid Value,4,26.32,105.29,52.58,13.87,38.85
CUST-2343,ORD-1761,2022-12-10,Africa,Low Value,4,466.52,1866.07,1009.17,77.86,779.04
CUST-5358,ORD-1762,2022-03-19,Asia,Mid Value,3,451.04,1353.13,925.78,77.69,349.66
CUST-7780,ORD-1763,2022-12-12,North America,Low Value,2,52.33,104.66,67.93,79.39,-42.66
CUST-7602,ORD-1764,2022-03-13,North America,High Value,3,310.33,930.98,629.9,78.48,222.6
CUST-3349,ORD-1765,2022-09-27,North America,Mid Value,3,396.92,1190.75,703.3,16.18,471.27
CUST-6699,ORD-1766,2022-10-14,Europe,Mid Value,2,213.83,427.66,218.44,54.31,154.91
CUST-2241,ORD-1767,2022-03-07,Europe,Low Value,1,64.09,64.09,32.48,34.98,-3.36
CUST-2125,ORD-1768,2022-03-09,North America,Mid Value,5,418.11,2090.56,1215.49,59.89,815.18
CUST-7764,ORD-1769,2022-07-12,Africa,Low Value,2,243.92,487.84,332.22,35.44,120.18
CUST-6101,ORD-1770,2022-02-24,Africa,Mid Value,5,146.36,731.8,444.86,33.74,253.2
CUST-8843,ORD-1771,2023-01-14,Europe,Mid Value,1,54.01,54.01,24.77,72.8,-43.55
CUST-1072,ORD-1772,2022-06-17,North America,High Value,2,327.28,654.56,386.27,42.09,226.2
CUST-6472,ORD-1773,2023-02-13,Africa,Low Value,4,40.3,161.22,97.07,60.48,3.67
CUST-6189,ORD-1774,2023-05-23,Africa,High Value,3,399.73,1199.18,713.98,53.74,431.46
CUST-3472,ORD-1775,2023-06-21,Europe,Mid Value,2,389.96,779.92,485.71,54.33,239.88
CUST-1707,ORD-1776,2023-10-05,Europe,Low Value,2,175.01,350.02,183.2,31.18,135.65
CUST-2804,ORD-1777,2022-04-12,Africa,High Value,1,246.7,246.7,119.88,23.93,102.88
CUST-7704,ORD-1778,2023-02-26,North America,Mid Value,4,341.23,1364.9,870.14,71.41,423.35
CUST-4713,ORD-1779,2023-04-23,Africa,High Value,2,480.38,960.76,479.5,6.84,474.41
CUST-6051,ORD-1780,2022-04-30,Africa,Mid Value,4,269.67,1078.69,516.2,17.97,544.52
CUST-3475,ORD-1781,2022-10-18,North America,Mid Value,5,498.41,2492.03,1345.31,14.96,1131.76
CUST-4610,ORD-1782,2023-05-03,Europe,Low Value,2,176.05,352.1,231.75,76.2,44.15
CUST-5255,ORD-1783,2022-06-10,North America,Low Value,4,272.72,1090.86,513.28,5.38,572.21
CUST-8397,ORD-1784,2023-11-04,North America,Low Value,3,75.5,226.49,112.99,5.6,107.89
CUST-2735,ORD-1785,2022-03-19,North America,Mid Value,1,287.09,287.09,163.3,22.0,101.78
CUST-9258,ORD-1786,2022-02-07,North America,High Value,4,277.43,1109.72,579.18,25.93,504.61
CUST-8979,ORD-1787,2023-01-29,Europe,Low Value,1,427.43,427.43,269.46,46.99,110.99
CUST-3428,ORD-1788,2023-03-17,Africa,Low Value,2,498.34,996.69,616.68,77.09,302.92
CUST-8426,ORD-1789,2023-06-24,Asia,Low Value,2,493.37,986.73,651.86,39.88,294.99
CUST-9533,ORD-1790,2023-04-07,Europe,Low Value,5,133.42,667.12,334.2,26.66,306.26
CUST-6249,ORD-1791,2023-09-04,North America,Mid Value,1,182.45,182.45,111.7,66.28,4.48
CUST-6291,ORD-1792,2022-10-21,Africa,High Value,3,151.84,455.51,293.2,33.93,128.37
CUST-3817,ORD-1793,2023-02-04,Africa,Mid Value,3,115.85,347.54,161.84,15.63,170.07
CUST-4874,ORD-1794,2023-09-28,North America,Mid Value,4,92.07,368.26,169.11,64.59,134.56
CUST-5211,ORD-1795,2022-04-02,Europe,Mid Value,3,265.64,796.91,470.03,5.18,321.7
CUST-1661,ORD-1796,2023-09-01,North America,Low Value,1,438.8,438.8,261.95,20.38,156.47
CUST-4374,ORD-1797,2022-01-06,Africa,High Value,2,303.14,606.27,332.36,52.63,221.28
CUST-1207,ORD-1798,2023-11-12,Africa,Mid Value,1,438.88,438.88,201.45,12.68,224.74
CUST-3665,ORD-1799,2022-09-28,Europe,Mid Value,1,480.56,480.56,264.54,24.19,191.83
CUST-3493,ORD-1800,2023-09-12,Asia,Mid Value,2,203.91,407.82,248.98,34.5,124.34
CUST-7813,ORD-1801,2023-07-13,North America,Low Value,1,421.12,421.12,263.4,34.73,122.99
CUST-1632,ORD-1802,2022-04-09,Asia,Low Value,3,45.12,135.36,77.59,77.96,-20.19
CUST-4083,ORD-1803,2023-06-10,Africa,Mid Value,4,250.92,1003.66,583.38,55.67,364.61
CUST-4719,ORD-1804,2022-07-13,Asia,Low Value,4,196.78,787.13,486.58,7.78,292.77
CUST-8123,ORD-1805,2022-06-06,North America,High Value,1,118.33,118.33,66.54,21.6,30.19
CUST-2679,ORD-1806,2023-10-28,North America,Low Value,2,230.43,460.86,237.75,51.23,171.88
CUST-1236,ORD-1807,2022-04-25,Africa,Mid Value,5,232.98,1164.89,589.13,58.51,517.25
CUST-8446,ORD-1808,2023-01-31,Europe,High Value,1,408.1,408.1,260.44,33.54,114.11
CUST-5443,ORD-1809,2023-10-19,Europe,Low Value,1,437.08,437.08,249.96,69.24,117.88
CUST-7770,ORD-1810,2023-06-06,Africa,Mid Value,5,335.34,1676.68,1016.1,75.76,584.82
CUST-7099,ORD-1811,2022-08-02,North America,High Value,4,324.03,1296.11,735.9,51.05,509.15
CUST-9555,ORD-1812,2023-11-14,Europe,High Value,4,72.89,291.55,190.88,47.18,53.49
CUST-3368,ORD-1813,2023-06-17,Asia,High Value,5,296.13,1480.63,850.19,61.31,569.12
CUST-1285,ORD-1814,2022-01-15,Africa,Low Value,2,151.73,303.47,211.52,63.65,28.29
CUST-1148,ORD-1815,2023-02-23,Asia,High Value,1,161.49,161.49,82.46,21.16,57.87
CUST-5037,ORD-1816,2023-01-03,North America,Low Value,3,65.49,196.48,95.22,41.27,59.99
CUST-7549,ORD-1817,2023-09-30,Europe,Mid Value,4,325.22,1300.87,706.89,38.56,555.42
CUST-8121,ORD-1818,2022-08-01,North America,Low Value,4,300.23,1200.91,816.22,75.61,309.09
CUST-5895,ORD-1819,2023-12-01,Asia,Low Value,4,125.73,502.92,333.48,13.38,156.06
CUST-6280,ORD-1820,2023-11-15,North America,Mid Value,2,146.26,292.52,149.72,75.76,67.03
CUST-2012,ORD-1821,2022-01-05,North America,Low Value,5,391.04,1955.2,1172.97,47.94,734.28
CUST-3785,ORD-1822,2022-08-19,Africa,Low Value,2,400.61,801.22,478.51,26.6,296.1
CUST-4725,ORD-1823,2022-07-20,Africa,Mid Value,4,256.68,1026.72,537.33,70.2,419.19
CUST-5576,ORD-1824,2023-02-06,North America,High Value,1,91.52,91.52,46.57,8.78,36.17
CUST-6782,ORD-1825,2022-05-29,Africa,Mid Value,4,46.68,186.74,102.24,28.92,55.58
CUST-7257,ORD-1826,2023-08-07,North America,High Value,1,150.31,150.31,97.27,61.44,-8.41
CUST-3408,ORD-1827,2023-05-07,Asia,Low Value,1,370.97,370.97,184.72,67.08,119.18
CUST-1340,ORD-1828,2022-08-14,Africa,Mid Value,4,308.39,1233.57,692.56,17.56,523.44
CUST-3817,ORD-1829,2023-08-09,North America,High Value,4,364.69,1458.76,832.12,75.63,551.02
CUST-3496,ORD-1830,2022-06-18,Africa,Low Value,1,246.44,246.44,168.76,9.03,68.65
CUST-6962,ORD-1831,2022-06-01,North America,Low Value,2,382.26,764.52,402.05,37.52,324.96
CUST-6299,ORD-1832,2022-08-12,Africa,Low Value,2,250.79,501.57,228.17,12.31,261.09
CUST-8574,ORD-1833,2023-05-19,Europe,High Value,2,60.33,120.65,75.22,12.33,33.11
CUST-2689,ORD-1834,2023-07-04,North America,High Value,3,58.33,175.0,111.81,73.54,-10.36
CUST-4267,ORD-1835,2022-02-13,Europe,High Value,1,419.12,419.12,262.27,72.8,84.06
CUST-5406,ORD-1836,2023-11-28,North America,Low Value,3,322.22,966.66,604.34,51.14,311.17
CUST-9453,ORD-1837,2023-05-19,Europe,High Value,3,153.98,461.94,263.68,77.47,120.79
CUST-2442,ORD-1838,2022-08-29,North America,Mid Value,1,383.44,383.44,174.34,41.83,167.28
CUST-9597,ORD-1839,2022-12-17,Africa,High Value,3,85.15,255.46,161.57,63.71,30.17
CUST-5437,ORD-1840,2023-12-23,Europe,High Value,1,329.72,329.72,225.57,12.3,91.85
CUST-6435,ORD-1841,2022-01-23,Africa,Low Value,5,494.95,2474.77,1211.02,34.67,1229.08
CUST-9435,ORD-1842,2023-09-28,North America,Mid Value,5,92.01,460.05,214.83,43.63,201.58
CUST-5107,ORD-1843,2023-08-21,Africa,Mid Value,1,88.13,88.13,45.5,63.36,-20.73
CUST-1560,ORD-1844,2022-02-12,North America,Mid Value,1,244.56,244.56,162.01,30.09,52.47
CUST-9785,ORD-1845,2023-04-11,Africa,High Value,1,328.48,328.48,156.53,78.53,93.42
CUST-6548,ORD-1846,2022-02-09,Europe,Low Value,2,32.74,65.48,41.18,60.11,-35.8
CUST-2826,ORD-1847,2022-10-30,North America,High Value,1,259.84,259.84,121.02,44.97,93.85
CUST-8629,ORD-1848,2023-11-12,Africa,Low Value,4,59.92,239.69,109.82,29.81,100.06
CUST-9325,ORD-1849,2022-06-24,North America,Mid Value,5,135.84,679.18,456.97,53.15,169.06
CUST-4138,ORD-1850,2023-06-16,North America,High Value,5,361.95,1809.75,1163.02,55.48,591.25
CUST-8693,ORD-1851,2023-04-06,North America,Low Value,1,374.66,374.66,224.66,55.94,94.06
CUST-9264,ORD-1852,2023-09-13,Asia,High Value,5,370.27,1851.36,912.72,48.96,889.68
CUST-8842,ORD-1853,2022-07-12,North America,Low Value,1,51.27,51.27,26.65,35.04,-10.41
CUST-7721,ORD-1854,2022-09-01,Africa,Mid Value,1,397.65,397.65,183.77,66.25,147.62
CUST-8002,ORD-1855,2022-10-07,Asia,High Value,5,227.46,1137.3,695.28,24.37,417.65
CUST-5225,ORD-1856,2022-02-05,Africa,Mid Value,5,248.15,1240.74,771.15,51.9,417.69
CUST-3978,ORD-1857,2023-07-11,Asia,High Value,4,221.45,885.81,470.98,40.38,374.45
CUST-8373,ORD-1858,2023-06-24,North America,High Value,3,431.37,1294.11,691.84,71.96,530.31
CUST-6907,ORD-1859,2022-06-03,Europe,Low Value,4,346.39,1385.54,841.36,49.29,494.89
CUST-7097,ORD-1860,2022-01-23,Europe,Low Value,4,260.01,1040.05,713.91,69.18,256.97
CUST-6656,ORD-1861,2023-12-20,North America,Low Value,5,420.46,2102.29,1153.48,76.5,872.31
CUST-9984,ORD-1862,2022-04-01,Asia,Mid Value,4,406.57,1626.3,932.52,14.53,679.26
CUST-5259,ORD-1863,2023-01-25,Africa,Mid Value,5,22.42,112.11,70.02,46.64,-4.55
CUST-9286,ORD-1864,2022-12-25,Europe,High Value,2,249.86,499.72,267.64,71.3,160.78
CUST-6901,ORD-1865,2023-07-04,North America,Low Value,1,40.28,40.28,26.87,70.41,-57.0
CUST-5917,ORD-1866,2022-08-16,North America,Mid Value,3,167.45,502.35,332.33,19.69,150.33
CUST-9429,ORD-1867,2022-07-21,Asia,High Value,2,405.84,811.68,502.08,41.1,268.5
CUST-3530,ORD-1868,2022-12-16,Europe,Mid Value,1,473.15,473.15,276.43,21.73,174.99
CUST-2960,ORD-1869,2022-02-07,North America,High Value,1,136.19,136.19,94.77,72.26,-30.84
CUST-8045,ORD-1870,2023-05-15,Europe,Low Value,3,30.28,90.85,56.84,5.24,28.77
CUST-2048,ORD-1871,2023-11-30,Africa,High Value,4,213.12,852.49,520.7,21.38,310.4
CUST-6772,ORD-1872,2022-02-12,North America,High Value,1,180.86,180.86,121.03,35.68,24.15
CUST-3529,ORD-1873,2023-09-18,North America,Low Value,3,344.94,1034.83,609.25,21.59,403.99
CUST-3964,ORD-1874,2023-06-01,Africa,Low Value,5,257.63,1288.14,657.89,78.02,552.23
CUST-8137,ORD-1875,2022-03-09,North America,High Value,1,211.45,211.45,102.43,23.3,85.71
CUST-1963,ORD-1876,2022-05-03,Asia,Mid Value,1,130.19,130.19,73.91,32.17,24.1
CUST-1536,ORD-1877,2023-11-16,Africa,Low Value,4,417.67,1670.68,967.18,18.06,685.45
CUST-8340,ORD-1878,2022-12-02,Asia,High Value,4,139.23,556.91,365.85,74.5,116.56
CUST-8179,ORD-1879,2022-06-02,Africa,Low Value,5,46.27,231.36,112.18,35.85,83.34
CUST-8967,ORD-1880,2023-10-31,Africa,Low Value,1,291.01,291.01,180.52,24.64,85.86
CUST-9734,ORD-1881,2022-06-11,Asia,Mid Value,4,172.33,689.31,362.6,23.46,303.25
CUST-1845,ORD-1882,2022-08-02,Africa,Low Value,3,361.97,1085.91,743.58,48.92,293.4
CUST-6777,ORD-1883,2023-01-11,Europe,High Value,1,58.82,58.82,33.39,78.32,-52.89
CUST-4036,ORD-1884,2023-03-19,Asia,High Value,3,483.83,1451.48,879.02,78.06,494.4
CUST-6947,ORD-1885,2023-02-27,Africa,Low Value,2,109.69,219.38,134.38,78.63,6.38
CUST-3494,ORD-1886,2023-06-22,Asia,Low Value,5,191.39,956.94,452.39,34.0,470.55
CUST-3719,ORD-1887,2023-12-02,Africa,Mid Value,4,250.86,1003.43,665.33,73.58,264.53
CUST-2884,ORD-1888,2023-09-26,Africa,Mid Value,2,447.26,894.51,439.26,38.33,416.92
CUST-5349,ORD-1889,2022-08-18,Europe,Mid Value,4,366.82,1467.28,806.06,43.29,617.93
CUST-6179,ORD-1890,2022-02-28,Europe,High Value,2,89.52,179.04,110.67,43.99,24.37
CUST-7610,ORD-1891,2022-04-06,Europe,Mid Value,4,230.53,922.14,427.69,9.77,484.68
CUST-7430,ORD-1892,2022-09-19,Africa,High Value,5,280.6,1402.99,834.93,18.28,549.78
CUST-8154,ORD-1893,2022-12-20,Europe,Mid Value,1,357.02,357.02,197.25,71.46,88.32
CUST-7488,ORD-1894,2022-11-08,Asia,High Value,3,294.47,883.41,411.64,72.23,399.55
CUST-5737,ORD-1895,2022-05-16,Africa,Low Value,2,239.52,479.04,302.56,20.15,156.33
CUST-7525,ORD-1896,2023-04-18,Asia,High Value,3,387.46,1162.39,668.76,27.7,465.93
CUST-4850,ORD-1897,2023-09-24,Europe,Low Value,3,201.47,604.4,317.83,67.24,219.34
CUST-1689,ORD-1898,2023-03-06,Africa,High Value,4,493.84,1975.37,930.56,20.31,1024.5
CUST-6175,ORD-1899,2023-06-21,Asia,High Value,1,474.94,474.94,278.72,71.06,125.15
CUST-9648,ORD-1900,2022-05-26,North America,Low Value,4,359.54,1438.17,757.18,66.74,614.25
CUST-6078,ORD-1901,2023-06-08,Asia,High Value,3,443.65,1330.96,913.93,65.57,351.46
CUST-6448,ORD-1902,2022-03-28,Africa,High Value,5,208.72,1043.62,623.96,71.88,347.78
CUST-2179,ORD-1903,2022-04-19,North America,Mid Value,1,299.11,299.11,155.91,71.52,71.67
CUST-7406,ORD-1904,2023-02-27,Europe,Low Value,1,150.87,150.87,87.83,73.79,-10.75
CUST-9591,ORD-1905,2022-12-11,Europe,Low Value,3,445.11,1335.32,780.99,70.97,483.36
CUST-7907,ORD-1906,2022-09-23,Asia,Mid Value,4,246.09,984.37,621.82,50.52,312.03
CUST-9800,ORD-1907,2023-08-09,Europe,Mid Value,5,277.35,1386.74,936.82,16.83,433.1
CUST-2638,ORD-1908,2023-05-09,Asia,Low Value,2,434.99,869.98,600.85,50.69,218.45
CUST-6671,ORD-1909,2022-11-29,Asia,Low Value,4,402.69,1610.77,1013.94,75.67,521.17
CUST-7928,ORD-1910,2023-02-17,Asia,Low Value,1,174.44,174.44,102.3,77.58,-5.44
CUST-2382,ORD-1911,2023-09-06,Asia,Mid Value,4,61.97,247.86,125.48,59.63,62.75
CUST-2403,ORD-1912,2023-10-11,Africa,Mid Value,2,97.8,195.61,107.73,57.04,30.84
CUST-4292,ORD-1913,2022-07-10,Africa,High Value,5,182.77,913.83,522.89,75.38,315.56
CUST-1419,ORD-1914,2022-05-22,North America,Mid Value,5,166.54,832.7,401.44,26.85,404.41
CUST-5517,ORD-1915,2022-03-14,North America,High Value,2,38.39,76.78,39.47,16.32,20.98
CUST-4302,ORD-1916,2022-06-16,Europe,High Value,2,227.39,454.78,316.58,26.75,111.45
CUST-8857,ORD-1917,2022-06-17,Africa,Mid Value,3,70.81,212.42,135.78,76.17,0.48
CUST-8870,ORD-1918,2023-07-20,North America,Mid Value,1,126.03,126.03,71.9,20.92,33.21
CUST-6693,ORD-1919,2022-09-16,Africa,Mid Value,3,397.99,1193.98,604.76,21.86,567.36
CUST-1767,ORD-1920,2023-03-15,Africa,Mid Value,4,257.54,1030.17,611.26,19.47,399.43
CUST-3044,ORD-1921,2022-04-21,Europe,Low Value,2,199.02,398.03,202.19,41.36,154.49
CUST-2549,ORD-1922,2023-11-04,Europe,Mid Value,3,109.01,327.03,162.95,64.73,99.35
CUST-7140,ORD-1923,2023-06-15,Asia,High Value,1,435.81,435.81,206.33,33.64,195.84
CUST-4716,ORD-1924,2022-10-17,Africa,High Value,1,453.77,453.77,243.43,12.51,197.83
CUST-5481,ORD-1925,2023-07-16,Asia,Low Value,2,268.97,537.93,314.92,60.52,162.49
CUST-8898,ORD-1926,2023-05-25,Asia,Low Value,3,462.21,1386.64,679.22,50.74,656.68
CUST-7548,ORD-1927,2022-06-24,Asia,Mid Value,5,243.1,1215.49,607.88,40.94,566.68
CUST-3293,ORD-1928,2022-10-29,Africa,Low Value,2,71.48,142.95,78.31,77.31,-12.66
CUST-5837,ORD-1929,2023-11-27,Africa,Mid Value,4,28.18,112.72,64.52,40.28,7.92
CUST-8758,ORD-1930,2022-07-04,Asia,Mid Value,3,81.62,244.86,156.85,59.94,28.07
CUST-7793,ORD-1931,2022-12-05,Africa,Low Value,3,318.88,956.63,565.99,16.89,373.74
CUST-8638,ORD-1932,2023-05-25,Asia,Low Value,2,174.03,348.07,210.38,36.24,101.45
CUST-8993,ORD-1933,2022-11-06,North America,High Value,3,331.19,993.56,620.04,20.92,352.61
CUST-7007,ORD-1934,2023-05-22,Africa,Low Value,3,263.83,791.49,445.41,31.11,314.97
CUST-6542,ORD-1935,2022-12-12,Europe,Low Value,4,179.85,719.38,385.43,40.98,292.97
CUST-7356,ORD-1936,2022-03-22,Europe,Low Value,4,124.97,499.87,324.96,18.09,156.81
CUST-9433,ORD-1937,2023-01-09,Asia,High Value,5,58.9,294.5,193.51,65.23,35.76
CUST-8380,ORD-1938,2022-06-05,North America,Mid Value,4,395.55,1582.19,772.89,33.2,776.1
CUST-3385,ORD-1939,2023-03-08,Africa,High Value,5,413.12,2065.61,1421.85,72.24,571.52
CUST-5268,ORD-1940,2023-05-15,Asia,Low Value,4,279.9,1119.59,764.1,55.6,299.89
CUST-1671,ORD-1941,2022-05-27,North America,Low Value,5,95.41,477.03,318.52,18.25,140.26
CUST-1163,ORD-1942,2023-04-26,North America,Low Value,4,146.49,585.98,325.61,53.15,207.22
CUST-9656,ORD-1943,2023-03-11,Africa,Mid Value,4,478.47,1913.88,1264.2,6.74,642.93
CUST-5592,ORD-1944,2023-06-03,Europe,High Value,2,128.45,256.9,155.94,65.55,35.41
CUST-5795,ORD-1945,2023-10-31,Europe,High Value,4,47.27,189.07,94.79,78.07,16.21
CUST-5798,ORD-1946,2023-11-14,North America,Mid Value,5,284.02,1420.12,914.16,55.83,450.13
CUST-7036,ORD-1947,2022-03-10,Europe,High Value,2,145.72,291.44,160.73,74.49,56.22
CUST-3355,ORD-1948,2023-08-29,North America,Mid Value,5,479.57,2397.84,1254.17,27.11,1116.56
CUST-6887,ORD-1949,2022-07-05,North America,Mid Value,4,295.89,1183.55,792.48,36.77,354.31
CUST-8961,ORD-1950,2023-11-13,North America,High Value,4,483.59,1934.36,1287.45,36.84,610.07
CUST-6827,ORD-1951,2022-07-23,Europe,High Value,5,397.08,1985.38,1322.45,13.4,649.53
CUST-9737,ORD-1952,2023-07-08,Asia,Mid Value,3,367.08,1101.24,732.19,64.73,304.31
CUST-5719,ORD-1953,2022-01-13,Europe,High Value,2,418.58,837.15,492.71,42.13,302.31
CUST-1593,ORD-1954,2023-10-28,Asia,Mid Value,2,310.35,620.69,375.04,41.78,203.87
CUST-5839,ORD-1955,2022-10-01,Europe,High Value,4,25.34,101.35,69.65,55.14,-23.43
CUST-8394,ORD-1956,2022-10-25,Africa,High Value,2,208.38,416.77,201.02,17.82,197.92
CUST-4493,ORD-1957,2022-02-20,Africa,High Value,5,125.13,625.64,407.65,65.76,152.23
CUST-7164,ORD-1958,2023-05-15,Europe,High Value,4,228.47,913.88,531.48,32.44,349.96
CUST-3672,ORD-1959,2023-01-04,Africa,High Value,2,245.86,491.73,341.55,10.97,139.2
CUST-5200,ORD-1960,2023-12-25,Africa,Low Value,1,81.36,81.36,49.61,19.27,12.47
CUST-1016,ORD-1961,2023-10-18,Africa,Low Value,2,31.25,62.49,30.66,23.96,7.87
CUST-4191,ORD-1962,2022-12-23,Africa,High Value,5,86.34,431.68,282.26,18.35,131.07
CUST-1392,ORD-1963,2022-01-03,Asia,High Value,2,431.57,863.13,533.56,23.17,306.4
CUST-9616,ORD-1964,2022-09-11,North America,High Value,3,382.81,1148.43,559.55,79.69,509.19
CUST-7272,ORD-1965,2023-04-20,Asia,Mid Value,3,403.47,1210.41,547.4,45.33,617.67
CUST-1571,ORD-1966,2023-05-21,North America,Low Value,4,152.63,610.51,357.7,50.22,202.58
CUST-4631,ORD-1967,2022-09-13,North America,Mid Value,3,133.33,399.98,204.14,17.45,178.39
CUST-7172,ORD-1968,2023-09-02,Europe,Low Value,5,37.94,189.69,126.49,8.3,54.9
CUST-8177,ORD-1969,2023-11-16,Europe,Low Value,1,246.69,246.69,126.49,28.28,91.93
CUST-9433,ORD-1970,2022-05-30,Europe,High Value,1,203.56,203.56,125.33,62.74,15.49
CUST-4897,ORD-1971,2023-05-03,Europe,High Value,4,421.23,1684.9,903.58,46.91,734.41
CUST-9123,ORD-1972,2022-10-06,Europe,Mid Value,4,347.3,1389.19,746.8,5.81,636.58
CUST-3279,ORD-1973,2022-02-28,Asia,Mid Value,3,89.26,267.77,132.67,64.16,70.95
CUST-9980,ORD-1974,2023-03-22,Asia,High Value,5,493.83,2469.17,1421.45,12.8,1034.92
CUST-8451,ORD-1975,2022-04-23,Africa,High Value,3,389.91,1169.72,695.77,38.03,435.92
CUST-9906,ORD-1976,2023-07-23,Asia,Low Value,5,365.71,1828.57,1088.46,79.96,660.15
CUST-1775,ORD-1977,2023-05-04,Asia,Low Value,5,123.98,619.88,411.69,14.1,194.08
CUST-7869,ORD-1978,2023-02-11,Europe,High Value,1,454.48,454.48,278.63,66.13,109.72
CUST-3247,ORD-1979,2023-01-02,Africa,Low Value,5,247.48,1237.41,785.83,64.94,386.64
CUST-8088,ORD-1980,2022-03-01,Asia,Mid Value,2,162.87,325.75,172.93,38.38,114.44
CUST-1078,ORD-1981,2022-11-25,Asia,Low Value,5,334.32,1671.6,928.02,79.12,664.46
CUST-9080,ORD-1982,2023-12-29,Africa,High Value,1,121.64,121.64,55.29,28.1,38.25
CUST-8099,ORD-1983,2023-04-14,North America,Low Value,3,455.63,1366.89,642.14,28.68,696.07
CUST-4926,ORD-1984,2023-07-21,Europe,High Value,5,430.08,2150.42,1174.73,16.43,959.26
CUST-8340,ORD-1985,2023-12-21,Asia,Low Value,2,243.16,486.31,244.34,32.73,209.24
CUST-8083,ORD-1986,2022-03-04,Asia,Mid Value,4,111.52,446.06,291.39,27.23,127.45
CUST-7230,ORD-1987,2022-07-03,Africa,Mid Value,3,258.32,774.97,479.8,50.34,244.83
CUST-5940,ORD-1988,2022-11-07,Asia,High Value,4,91.59,366.35,253.72,8.05,104.57
CUST-4271,ORD-1989,2023-06-22,Europe,High Value,2,149.53,299.05,200.89,28.27,69.89
CUST-4456,ORD-1990,2022-06-26,Asia,High Value,1,251.71,251.71,174.79,5.35,71.57
CUST-8788,ORD-1991,2023-07-29,North America,Low Value,1,30.15,30.15,16.32,5.47,8.35
CUST-9599,ORD-1992,2023-03-05,Europe,Low Value,3,387.55,1162.64,663.98,66.52,432.14
CUST-8650,ORD-1993,2022-03-14,North America,Low Value,5,114.52,572.6,311.01,61.24,200.35
CUST-3711,ORD-1994,2022-06-16,Africa,Mid Value,5,435.97,2179.87,1506.45,60.81,612.6
CUST-2668,ORD-1995,2022-08-13,Europe,High Value,4,30.68,122.74,67.59,31.52,23.63
CUST-1147,ORD-1996,2023-07-31,Asia,Low Value,1,275.42,275.42,131.98,57.44,86.0
CUST-7420,ORD-1997,2023-08-04,Europe,Mid Value,5,392.79,1963.96,1006.78,24.24,932.94
CUST-1365,ORD-1998,2022-01-09,Europe,High Value,5,134.22,671.08,373.26,28.21,269.62
CUST-5531,ORD-1999,2022-08-24,Europe,Mid Value,1,359.63,359.63,216.04,47.19,96.39
CUST-6330,ORD-2000,2023-12-11,North America,High Value,1,366.02,366.02,221.26,57.47,87.28
CUST-6510,ORD-2001,2023-11-16,Africa,Low Value,2,326.16,652.33,417.29,24.93,210.11
CUST-9754,ORD-2002,2022-01-28,Europe,Mid Value,4,194.84,779.37,476.95,55.95,246.47
CUST-9964,ORD-2003,2023-10-08,Asia,Mid Value,1,396.83,396.83,227.34,77.19,92.31
CUST-7493,ORD-2004,2022-01-27,Europe,Mid Value,2,321.65,643.3,294.34,42.04,306.92
CUST-6439,ORD-2005,2023-07-04,Europe,High Value,1,303.39,303.39,189.24,35.53,78.61
CUST-7511,ORD-2006,2022-07-15,Africa,High Value,3,413.2,1239.59,584.3,22.44,632.85
CUST-8504,ORD-2007,2022-07-22,Asia,Mid Value,3,137.43,412.28,233.85,31.71,146.72
CUST-2246,ORD-2008,2022-03-26,Asia,High Value,3,131.59,394.78,266.12,44.66,84.0
CUST-4839,ORD-2009,2022-01-30,North America,Mid Value,1,205.49,205.49,123.14,75.81,6.55
CUST-9551,ORD-2010,2023-04-11,Asia,Low Value,5,55.1,275.52,137.69,24.56,113.27
CUST-3376,ORD-2011,2022-04-09,Asia,Mid Value,5,181.95,909.74,593.14,22.36,294.24
CUST-4009,ORD-2012,2022-07-09,Asia,Mid Value,3,215.01,645.03,338.71,77.04,229.28
CUST-2827,ORD-2013,2022-01-12,Europe,High Value,4,257.63,1030.51,612.45,50.44,367.62
CUST-7979,ORD-2014,2023-08-26,North America,High Value,2,141.93,283.85,172.86,60.15,50.85
CUST-9569,ORD-2015,2022-01-30,Asia,High Value,3,455.28,1365.85,864.29,67.23,434.34
CUST-5285,ORD-2016,2023-12-26,Asia,Low Value,2,156.84,313.68,146.25,11.13,156.29
CUST-7910,ORD-2017,2022-02-07,Asia,Low Value,2,428.74,857.49,569.0,41.36,247.13
CUST-9561,ORD-2018,2023-07-26,Europe,Low Value,3,233.58,700.73,335.27,15.51,349.95
CUST-3196,ORD-2019,2022-10-21,Europe,High Value,5,364.72,1823.58,863.71,51.82,908.05
CUST-4747,ORD-2020,2022-12-26,North America,Mid Value,4,73.23,292.93,165.28,76.53,51.12
CUST-9843,ORD-2021,2023-10-17,Africa,Mid Value,3,281.43,844.28,458.48,9.22,376.58
CUST-6978,ORD-2022,2022-06-29,North America,Mid Value,2,481.2,962.39,446.22,25.56,490.62
CUST-6607,ORD-2023,2022-04-22,Europe,High Value,1,339.8,339.8,167.01,79.98,92.81
CUST-1769,ORD-2024,2023-03-20,Asia,High Value,1,413.74,413.74,231.61,5.41,176.71
CUST-1780,ORD-2025,2022-01-21,Asia,Low Value,2,145.31,290.63,191.02,15.47,84.14
CUST-7303,ORD-2026,2022-05-25,North America,High Value,3,404.08,1212.24,582.27,11.06,618.91
CUST-4983,ORD-2027,2023-05-14,Asia,Mid Value,5,188.6,943.01,449.0,62.3,431.71
CUST-9714,ORD-2028,2022-05-26,Europe,Low Value,3,252.84,758.51,493.95,61.32,203.24
CUST-1521,ORD-2029,2023-03-17,North America,Low Value,4,110.22,440.88,252.66,63.32,124.9
CUST-8569,ORD-2030,2023-02-25,Africa,High Value,1,253.14,253.14,136.71,63.11,53.31
CUST-6784,ORD-2031,2022-11-12,Europe,Low Value,2,267.54,535.07,302.5,67.64,164.93
CUST-5583,ORD-2032,2022-06-15,Europe,Low Value,5,318.72,1593.59,880.79,62.97,649.83
CUST-6946,ORD-2033,2023-10-14,Asia,High Value,3,436.94,1310.83,846.11,41.27,423.46
CUST-5941,ORD-2034,2022-07-22,Europe,Low Value,4,166.33,665.31,300.94,60.91,303.46
CUST-7267,ORD-2035,2023-05-11,Europe,Mid Value,3,492.39,1477.16,824.68,49.82,602.65
CUST-8128,ORD-2036,2023-09-17,Africa,High Value,4,426.89,1707.56,836.22,32.49,838.86
CUST-3461,ORD-2037,2023-04-13,Asia,Mid Value,3,213.4,640.21,337.44,67.74,235.03
CUST-1685,ORD-2038,2023-12-14,Europe,Mid Value,5,128.8,643.99,307.86,64.1,272.03
CUST-3160,ORD-2039,2023-01-20,Asia,Mid Value,5,54.32,271.59,151.21,18.01,102.37
CUST-8031,ORD-2040,2022-11-10,Europe,Mid Value,2,132.49,264.99,161.86,6.83,96.3
CUST-6341,ORD-2041,2022-09-12,Africa,Low Value,5,444.57,2222.86,1367.94,28.7,826.22
CUST-1038,ORD-2042,2022-01-23,Asia,Low Value,4,160.18,640.7,415.93,35.28,189.48
CUST-5875,ORD-2043,2022-12-05,Asia,High Value,2,86.23,172.46,112.75,18.08,41.64
CUST-2256,ORD-2044,2023-05-08,Africa,High Value,5,30.88,154.42,92.56,69.13,-7.28
CUST-8697,ORD-2045,2023-05-26,North America,Mid Value,1,162.89,162.89,87.68,7.52,67.69
CUST-3196,ORD-2046,2023-01-01,Europe,Mid Value,4,123.75,495.01,229.11,41.27,224.64
CUST-8165,ORD-2047,2023-01-07,Europe,High Value,2,69.06,138.11,63.39,9.16,65.56
CUST-1301,ORD-2048,2023-08-22,North America,High Value,4,476.52,1906.08,911.71,45.25,949.13
CUST-8527,ORD-2049,2022-08-07,Asia,High Value,2,148.46,296.92,206.64,39.77,50.5
CUST-7381,ORD-2050,2023-04-20,Asia,High Value,4,22.96,91.86,59.39,63.51,-31.04
CUST-1646,ORD-2051,2023-02-27,Africa,Mid Value,1,473.25,473.25,260.87,56.73,155.66
CUST-9789,ORD-2052,2022-12-22,Africa,High Value,5,297.69,1488.43,843.27,68.3,576.86
CUST-9853,ORD-2053,2023-04-05,Africa,Low Value,3,59.75,179.25,113.71,45.83,19.72
CUST-5330,ORD-2054,2023-05-18,North America,Mid Value,3,35.08,105.25,60.9,66.68,-22.33
CUST-8003,ORD-2055,2022-01-27,North America,Low Value,3,71.77,215.3,116.29,58.94,40.08
CUST-4537,ORD-2056,2022-08-11,Asia,High Value,2,303.92,607.83,326.64,63.46,217.73
CUST-5558,ORD-2057,2023-11-21,Africa,Low Value,5,49.7,248.49,124.84,50.05,73.6
CUST-7579,ORD-2058,2022-05-28,Asia,High Value,2,292.71,585.41,393.05,58.97,133.4
CUST-9474,ORD-2059,2023-02-28,North America,Low Value,2,333.22,666.44,368.9,35.13,262.41
CUST-5082,ORD-2060,2022-12-17,Europe,Mid Value,2,90.84,181.67,115.92,11.37,54.38
CUST-5183,ORD-2061,2022-07-05,Asia,Low Value,2,254.45,508.9,302.0,36.24,170.65
CUST-9652,ORD-2062,2023-02-19,North America,Mid Value,5,482.66,2413.31,1540.96,18.01,854.35
CUST-4754,ORD-2063,2023-03-05,Africa,Low Value,3,421.51,1264.54,670.5,52.2,541.84
CUST-2724,ORD-2064,2022-02-10,Europe,Low Value,4,367.21,1468.86,937.14,24.74,506.98
CUST-2376,ORD-2065,2023-01-28,Europe,Mid Value,2,268.51,537.03,347.72,76.86,112.45
CUST-9706,ORD-2066,2023-12-04,Europe,Mid Value,5,209.25,1046.26,498.09,25.34,522.83
CUST-9894,ORD-2067,2022-03-20,Africa,High Value,1,236.69,236.69,111.92,12.36,112.41
CUST-2653,ORD-2068,2023-12-18,Europe,Mid Value,4,387.01,1548.05,1078.02,71.05,398.98
CUST-3066,ORD-2069,2023-06-28,North America,Mid Value,2,286.06,572.13,274.33,36.08,261.72
CUST-1022,ORD-2070,2023-03-26,Asia,High Value,2,387.03,774.07,480.86,31.68,261.52
CUST-3460,ORD-2071,2023-04-19,Europe,Mid Value,4,485.54,1942.16,1237.06,71.4,633.69
CUST-6926,ORD-2072,2022-05-22,Europe,Mid Value,4,327.45,1309.79,610.2,54.01,645.58
CUST-7251,ORD-2073,2022-09-08,North America,Low Value,2,309.49,618.98,394.06,44.91,180.01
CUST-8295,ORD-2074,2022-10-21,Africa,High Value,5,214.96,1074.79,596.38,29.53,448.88
CUST-4300,ORD-2075,2023-09-02,Europe,High Value,1,114.44,114.44,59.36,26.94,28.15
CUST-7279,ORD-2076,2022-05-16,North America,Low Value,5,199.62,998.08,615.15,48.46,334.47
CUST-9553,ORD-2077,2023-04-29,North America,High Value,3,269.65,808.94,532.51,42.6,233.83
CUST-8353,ORD-2078,2022-11-08,Africa,Low Value,3,36.73,110.19,65.37,25.7,19.13
CUST-4727,ORD-2079,2023-07-09,Africa,Mid Value,3,248.39,745.16,497.51,18.8,228.84
CUST-7272,ORD-2080,2023-09-24,Asia,High Value,2,433.83,867.66,395.3,66.35,406.01
CUST-6995,ORD-2081,2022-02-15,Europe,Mid Value,1,488.78,488.78,310.2,56.58,121.99
CUST-1514,ORD-2082,2022-08-24,Asia,High Value,1,430.66,430.66,212.04,79.5,139.13
CUST-1448,ORD-2083,2022-02-17,North America,Mid Value,2,102.55,205.1,106.96,43.69,54.45
CUST-7019,ORD-2084,2022-07-17,Europe,High Value,2,94.41,188.81,111.98,79.58,-2.74
CUST-6343,ORD-2085,2022-03-25,North America,High Value,2,208.79,417.58,216.56,39.56,161.46
CUST-9033,ORD-2086,2023-06-27,North America,Mid Value,1,128.21,128.21,63.08,45.12,20.0
CUST-3520,ORD-2087,2022-06-10,North America,Low Value,2,344.48,688.95,462.55,20.68,205.73
CUST-4081,ORD-2088,2023-03-04,Africa,High Value,4,60.59,242.35,163.99,16.21,62.14
CUST-2428,ORD-2089,2022-03-12,Africa,Low Value,4,232.99,931.94,427.85,75.52,428.58
CUST-4967,ORD-2090,2023-06-04,Europe,Low Value,4,154.57,618.28,355.53,78.59,184.16
CUST-7445,ORD-2091,2022-02-21,North America,Low Value,2,305.79,611.59,306.36,46.07,259.16
CUST-3159,ORD-2092,2022-02-14,North America,Low Value,4,402.59,1610.36,1072.26,25.42,512.68
CUST-6132,ORD-2093,2022-10-20,Europe,Low Value,2,463.31,926.62,524.12,76.36,326.14
CUST-3547,ORD-2094,2023-04-10,Asia,Low Value,4,482.65,1930.6,1099.7,64.76,766.15
CUST-3979,ORD-2095,2023-07-04,North America,High Value,2,188.57,377.15,228.88,18.49,129.78
CUST-3649,ORD-2096,2023-01-15,Africa,Low Value,5,430.81,2154.03,999.27,27.38,1127.39
CUST-9505,ORD-2097,2023-04-23,Asia,High Value,3,304.14,912.43,439.63,5.32,467.48
CUST-4083,ORD-2098,2022-09-19,Asia,High Value,5,352.28,1761.41,1012.1,48.65,700.66
CUST-2037,ORD-2099,2023-08-03,Asia,High Value,3,428.54,1285.63,889.24,44.48,351.91
CUST-4489,ORD-2100,2022-06-28,Asia,Mid Value,3,82.45,247.36,163.48,17.29,66.59
CUST-8604,ORD-2101,2022-12-23,Asia,Low Value,4,474.76,1899.02,1276.79,30.45,591.78
CUST-8544,ORD-2102,2023-02-23,Asia,Mid Value,3,282.75,848.25,410.8,75.44,362.01
CUST-3634,ORD-2103,2023-11-29,Europe,Low Value,3,181.28,543.84,375.07,53.67,115.1
CUST-4983,ORD-2104,2022-07-20,Europe,Mid Value,5,182.59,912.96,577.44,69.72,265.79
CUST-2778,ORD-2105,2022-01-13,Asia,High Value,3,380.48,1141.44,606.59,67.87,466.98
CUST-8902,ORD-2106,2023-03-19,Africa,Mid Value,2,345.76,691.51,460.63,74.05,156.84
CUST-6110,ORD-2107,2023-12-27,Europe,High Value,2,370.15,740.3,471.44,8.12,260.74
CUST-6189,ORD-2108,2022-10-13,Europe,Mid Value,4,141.44,565.75,358.76,24.69,182.31
CUST-8378,ORD-2109,2022-09-15,Asia,Low Value,5,101.69,508.47,322.2,36.17,150.11
CUST-2124,ORD-2110,2023-07-24,Africa,Low Value,1,366.49,366.49,238.3,53.01,75.19
CUST-1697,ORD-2111,2023-07-02,Asia,Mid Value,5,163.27,816.35,560.94,50.61,204.8
CUST-3179,ORD-2112,2023-05-05,Africa,Mid Value,1,126.77,126.77,61.38,23.46,41.93
CUST-6251,ORD-2113,2023-05-13,Africa,Low Value,3,123.01,369.04,258.28,19.46,91.29
CUST-2929,ORD-2114,2023-12-06,North America,Mid Value,1,91.23,91.23,60.95,37.81,-7.52
CUST-2013,ORD-2115,2022-11-29,Europe,Mid Value,3,224.87,674.61,378.06,23.8,272.76
CUST-1226,ORD-2116,2023-07-16,Asia,Low Value,5,145.26,726.28,355.41,77.38,293.48
CUST-8321,ORD-2117,2022-02-01,Europe,High Value,5,449.06,2245.28,1265.09,77.41,902.77
CUST-2828,ORD-2118,2023-09-02,Europe,Low Value,4,350.79,1403.15,904.54,13.5,485.1
CUST-8909,ORD-2119,2022-02-12,Africa,Low Value,4,377.05,1508.22,905.85,57.88,544.48
CUST-6588,ORD-2120,2022-12-17,Europe,Mid Value,3,213.73,641.2,333.35,22.12,285.73
CUST-3023,ORD-2121,2022-11-30,North America,Low Value,3,308.1,924.3,509.94,58.81,355.56
CUST-5966,ORD-2122,2023-07-13,Asia,Low Value,2,260.38,520.77,358.59,62.53,99.65
CUST-6891,ORD-2123,2022-09-27,Europe,Mid Value,2,100.38,200.75,130.68,8.61,61.46
CUST-2080,ORD-2124,2023-02-17,Asia,Mid Value,2,42.97,85.94,41.34,57.15,-12.55
CUST-6036,ORD-2125,2023-07-29,Europe,High Value,5,348.09,1740.44,1020.51,72.26,647.68
CUST-3563,ORD-2126,2022-01-19,Asia,Low Value,1,78.16,78.16,53.37,21.22,3.57
CUST-4292,ORD-2127,2022-12-13,Asia,High Value,3,47.53,142.58,65.39,13.67,63.53
CUST-4586,ORD-2128,2023-09-05,Asia,High Value,4,232.1,928.39,427.65,47.51,453.22
CUST-5431,ORD-2129,2022-02-06,Europe,High Value,3,374.25,1122.76,706.42,43.81,372.53
CUST-7841,ORD-2130,2023-09-11,North America,High Value,1,389.06,389.06,231.06,71.43,86.57
CUST-7643,ORD-2131,2022-04-02,Asia,Low Value,3,439.27,1317.8,608.16,38.83,670.8
CUST-4959,ORD-2132,2022-07-04,Africa,Low Value,4,115.62,462.49,323.28,36.02,103.19
CUST-1161,ORD-2133,2023-12-29,Africa,Low Value,4,493.1,1972.4,1173.62,58.55,740.23
CUST-1593,ORD-2134,2022-01-28,Africa,High Value,1,386.34,386.34,221.37,10.81,154.17
CUST-4390,ORD-2135,2023-07-02,North America,Mid Value,4,95.46,381.85,214.57,9.28,158.0
CUST-6997,ORD-2136,2023-01-07,Asia,Low Value,5,423.55,2117.73,1323.94,42.87,750.92
CUST-7354,ORD-2137,2023-06-14,North America,High Value,4,259.5,1038.0,586.04,11.68,440.28
CUST-1663,ORD-2138,2022-12-11,Asia,High Value,1,51.94,51.94,31.93,75.43,-55.43
CUST-1541,ORD-2139,2023-02-23,North America,High Value,1,83.38,83.38,47.7,54.07,-18.39
CUST-6433,ORD-2140,2022-07-15,Asia,High Value,3,228.27,684.81,412.72,61.52,210.56
CUST-6093,ORD-2141,2022-03-19,Africa,High Value,4,274.64,1098.57,715.5,22.17,360.91
CUST-1867,ORD-2142,2022-06-16,Asia,High Value,4,474.8,1899.19,1242.62,42.05,614.51
CUST-9623,ORD-2143,2022-03-31,North America,Low Value,1,123.54,123.54,81.82,15.04,26.69
CUST-6469,ORD-2144,2022-09-21,Asia,Mid Value,3,247.57,742.71,371.91,20.23,350.57
CUST-7256,ORD-2145,2023-04-17,Europe,Low Value,3,128.43,385.28,179.26,47.62,158.4
CUST-2169,ORD-2146,2022-07-27,Asia,Low Value,5,288.03,1440.16,949.12,25.99,465.05
CUST-1830,ORD-2147,2023-12-25,Africa,High Value,5,456.47,2282.36,1051.2,73.78,1157.38
CUST-2651,ORD-2148,2022-09-28,Asia,Low Value,1,292.52,292.52,147.25,79.64,65.63
CUST-2136,ORD-2149,2022-09-20,Europe,Mid Value,3,264.83,794.5,462.04,5.29,327.16
CUST-3810,ORD-2150,2023-05-21,Europe,Mid Value,3,380.06,1140.19,756.92,61.93,321.33
CUST-9667,ORD-2151,2023-05-27,Europe,High Value,5,90.85,454.27,306.27,13.65,134.35
CUST-2019,ORD-2152,2023-12-27,North America,Mid Value,5,454.7,2273.48,1380.03,48.1,845.35
CUST-6237,ORD-2153,2023-07-30,Europe,High Value,1,297.26,297.26,205.61,22.14,69.51
CUST-2283,ORD-2154,2023-06-08,North America,Mid Value,3,349.43,1048.29,663.03,77.37,307.89
CUST-1659,ORD-2155,2023-12-23,Europe,Mid Value,1,413.1,413.1,240.4,70.69,102.02
CUST-3010,ORD-2156,2022-11-08,North America,Low Value,5,324.82,1624.09,785.4,49.65,789.04
CUST-9590,ORD-2157,2022-06-23,Europe,Mid Value,4,327.78,1311.11,730.55,18.2,562.36
CUST-2733,ORD-2158,2023-03-07,Europe,High Value,5,370.22,1851.09,1213.55,63.7,573.84
CUST-3125,ORD-2159,2023-04-08,Asia,Mid Value,3,45.07,135.22,70.44,44.02,20.76
CUST-3171,ORD-2160,2022-04-11,Europe,Mid Value,1,203.46,203.46,120.97,50.87,31.62
CUST-9266,ORD-2161,2022-01-16,Asia,Low Value,3,482.21,1446.63,1006.65,58.85,381.13
CUST-4471,ORD-2162,2023-12-10,Europe,High Value,5,143.81,719.05,354.93,36.22,327.9
CUST-6624,ORD-2163,2022-09-15,Europe,High Value,5,280.28,1401.41,666.18,5.58,729.65
CUST-9691,ORD-2164,2022-09-01,Asia,High Value,2,104.21,208.41,135.24,32.31,40.86
CUST-9329,ORD-2165,2022-12-14,Asia,Low Value,5,175.17,875.86,399.59,36.02,440.24
CUST-3097,ORD-2166,2022-09-06,North America,Mid Value,3,364.2,1092.6,667.37,32.52,392.7
CUST-6068,ORD-2167,2022-04-15,Africa,High Value,1,328.69,328.69,175.5,67.33,85.86
CUST-7397,ORD-2168,2023-11-25,Asia,Mid Value,1,218.87,218.87,138.1,29.93,50.85
CUST-3757,ORD-2169,2023-10-29,North America,Mid Value,2,470.28,940.55,451.53,36.23,452.8
CUST-4920,ORD-2170,2022-10-14,Europe,Mid Value,3,392.02,1176.07,626.27,9.62,540.18
CUST-9186,ORD-2171,2022-06-18,Asia,Low Value,5,148.6,743.02,337.52,58.76,346.73
CUST-2900,ORD-2172,2023-02-24,Asia,Mid Value,4,243.41,973.66,495.37,21.16,457.13
CUST-3610,ORD-2173,2022-02-16,Europe,Low Value,1,441.46,441.46,251.99,22.63,166.84
CUST-7900,ORD-2174,2022-02-12,Europe,Low Value,3,30.78,92.35,45.66,49.01,-2.32
CUST-2449,ORD-2175,2022-11-17,Europe,Low Value,2,299.1,598.21,358.87,78.77,160.57
CUST-9738,ORD-2176,2022-08-09,Europe,High Value,4,131.34,525.36,251.93,35.76,237.67
CUST-6017,ORD-2177,2023-05-28,Africa,Low Value,3,50.63,151.9,96.66,29.54,25.71
CUST-8999,ORD-2178,2023-12-13,Asia,High Value,5,458.17,2290.87,1558.74,7.72,724.41
CUST-7052,ORD-2179,2023-03-17,Europe,Low Value,1,411.82,411.82,225.05,64.05,122.71
CUST-3096,ORD-2180,2022-05-24,Europe,Low Value,5,108.94,544.7,317.05,24.6,203.06
CUST-9895,ORD-2181,2022-01-28,Africa,Low Value,2,421.73,843.47,482.57,62.66,298.23
CUST-7404,ORD-2182,2023-07-07,Asia,Low Value,1,90.29,90.29,58.36,26.17,5.76
CUST-4331,ORD-2183,2023-10-21,North America,Mid Value,4,248.56,994.23,694.52,7.24,292.47
CUST-8462,ORD-2184,2023-11-21,Asia,Mid Value,1,368.37,368.37,233.52,42.37,92.49
CUST-6105,ORD-2185,2022-06-16,North America,Low Value,5,276.23,1381.13,695.58,72.95,612.6
CUST-3978,ORD-2186,2023-09-27,Africa,Mid Value,3,428.37,1285.12,801.94,20.79,462.39
CUST-3839,ORD-2187,2023-08-09,Europe,High Value,3,316.1,948.3,572.72,16.54,359.04
CUST-4384,ORD-2188,2022-09-06,Africa,Mid Value,3,227.34,682.01,342.73,18.86,320.42
CUST-1685,ORD-2189,2022-12-23,Asia,Mid Value,2,464.08,928.16,473.58,56.77,397.8
CUST-8531,ORD-2190,2022-04-21,Europe,Mid Value,2,37.42,74.84,45.89,32.55,-3.61
CUST-5283,ORD-2191,2023-11-23,Asia,Low Value,3,254.43,763.29,497.63,24.2,241.46
CUST-8736,ORD-2192,2023-12-01,North America,High Value,4,337.18,1348.7,863.98,30.33,454.39
CUST-8710,ORD-2193,2023-12-20,Asia,Low Value,5,421.31,2106.54,1267.3,28.18,811.06
CUST-2619,ORD-2194,2022-08-22,Africa,High Value,4,279.76,1119.02,765.84,45.78,307.4
CUST-7868,ORD-2195,2022-01-24,Africa,Low Value,3,445.05,1335.15,844.83,15.0,475.32
CUST-2431,ORD-2196,2022-01-26,Africa,Mid Value,5,224.61,1123.06,657.53,43.15,422.38
CUST-5713,ORD-2197,2023-01-16,Europe,High Value,2,172.22,344.44,225.28,28.38,90.78
CUST-5998,ORD-2198,2023-12-31,Asia,Mid Value,1,487.43,487.43,254.74,74.95,157.74
CUST-1162,ORD-2199,2022-12-12,Europe,High Value,1,340.25,340.25,175.52,36.64,128.09
CUST-2974,ORD-2200,2023-01-13,Asia,High Value,5,224.37,1121.87,777.3,12.5,332.07
CUST-4291,ORD-2201,2023-06-06,North America,Low Value,4,441.53,1766.12,1214.13,75.02,476.97
CUST-9461,ORD-2202,2022-01-17,Asia,Low Value,5,347.88,1739.39,1165.62,75.31,498.46
CUST-1631,ORD-2203,2022-09-02,Asia,Mid Value,4,326.21,1304.83,657.1,18.16,629.57
CUST-1905,ORD-2204,2023-12-19,Asia,Mid Value,4,369.7,1478.79,882.72,66.23,529.84
CUST-3014,ORD-2205,2023-09-16,Asia,High Value,1,374.38,374.38,218.55,69.65,86.19
CUST-8896,ORD-2206,2023-12-18,North America,High Value,2,256.63,513.26,257.03,31.67,224.56
CUST-1204,ORD-2207,2023-06-23,Europe,Low Value,3,221.27,663.8,373.02,16.96,273.82
CUST-1581,ORD-2208,2023-08-06,Africa,Low Value,2,456.46,912.91,516.97,64.88,331.06
CUST-6675,ORD-2209,2023-11-19,Asia,Low Value,3,258.68,776.04,395.9,7.12,373.01
CUST-6347,ORD-2210,2022-07-21,Africa,Low Value,1,123.59,123.59,85.12,51.46,-12.98
CUST-3643,ORD-2211,2022-09-05,Africa,Low Value,3,270.37,811.11,464.91,30.65,315.55
CUST-9017,ORD-2212,2022-04-28,Africa,High Value,4,36.52,146.09,84.91,49.7,11.48
CUST-3297,ORD-2213,2022-01-09,Africa,High Value,5,367.19,1835.96,1100.93,64.16,670.87
CUST-1874,ORD-2214,2023-08-21,Asia,Mid Value,3,80.95,242.86,163.14,67.16,12.57
CUST-6560,ORD-2215,2022-01-23,Africa,High Value,2,73.63,147.26,85.9,79.89,-18.53
CUST-1689,ORD-2216,2022-08-28,Asia,Low Value,1,474.25,474.25,277.55,53.02,143.68
CUST-5000,ORD-2217,2023-08-08,North America,High Value,1,390.83,390.83,199.34,21.76,169.73
CUST-1671,ORD-2218,2022-01-27,Europe,High Value,5,218.83,1094.15,657.26,25.71,411.18
CUST-8927,ORD-2219,2022-03-22,Europe,High Value,4,135.0,539.99,294.45,37.71,207.83
CUST-2171,ORD-2220,2023-08-19,Asia,Mid Value,4,424.88,1699.5,1039.58,68.64,591.29
CUST-6591,ORD-2221,2022-07-18,Asia,Mid Value,1,484.92,484.92,254.67,32.51,197.73
CUST-7342,ORD-2222,2023-07-09,Europe,High Value,4,264.01,1056.04,664.18,56.62,335.24
CUST-2449,ORD-2223,2022-04-02,Africa,High Value,5,298.44,1492.18,902.36,8.38,581.44
CUST-3539,ORD-2224,2022-03-25,Asia,Low Value,1,136.67,136.67,77.71,37.25,21.7
CUST-4959,ORD-2225,2022-10-27,Africa,Mid Value,4,302.84,1211.36,574.39,17.53,619.45
CUST-7285,ORD-2226,2022-10-23,Asia,Low Value,3,212.29,636.86,386.41,75.38,175.07
CUST-6432,ORD-2227,2023-10-09,Asia,Low Value,3,425.88,1277.63,849.4,64.36,363.88
CUST-5260,ORD-2228,2023-03-30,North America,High Value,4,201.01,804.06,396.21,15.41,392.44
CUST-3361,ORD-2229,2022-10-08,North America,High Value,3,331.41,994.24,468.47,35.14,490.64
CUST-7164,ORD-2230,2022-02-28,Europe,High Value,5,117.66,588.32,270.56,11.04,306.71
CUST-4670,ORD-2231,2022-12-08,North America,Low Value,2,63.52,127.05,58.18,60.99,7.87
CUST-2753,ORD-2232,2023-04-10,North America,Low Value,5,39.37,196.85,130.02,19.35,47.48
CUST-9100,ORD-2233,2022-12-08,Europe,Low Value,5,219.51,1097.55,693.55,65.33,338.68
CUST-2938,ORD-2234,2023-09-02,Africa,High Value,4,98.49,393.98,197.21,10.55,186.21
CUST-9562,ORD-2235,2022-03-03,North America,High Value,5,496.87,2484.35,1687.57,47.97,748.81
CUST-6976,ORD-2236,2023-09-17,Africa,High Value,4,403.22,1612.9,780.38,50.62,781.91
CUST-7588,ORD-2237,2023-03-05,Europe,Low Value,1,352.82,352.82,191.77,30.08,130.97
CUST-9616,ORD-2238,2023-10-20,Asia,Low Value,4,405.59,1622.37,913.44,17.32,691.62
CUST-7304,ORD-2239,2023-12-29,Africa,Mid Value,4,146.12,584.47,274.1,29.29,281.08
CUST-8345,ORD-2240,2022-09-13,Europe,High Value,1,442.05,442.05,237.32,42.16,162.56
CUST-8875,ORD-2241,2023-12-07,Africa,Low Value,2,497.91,995.81,473.48,77.68,444.65
CUST-7633,ORD-2242,2022-12-13,Europe,Mid Value,1,159.13,159.13,103.03,38.52,17.58
CUST-1597,ORD-2243,2023-06-10,Europe,Low Value,4,492.63,1970.53,909.81,19.2,1041.52
CUST-4062,ORD-2244,2022-10-31,Asia,Low Value,3,173.79,521.37,236.85,6.94,277.58
CUST-3336,ORD-2245,2023-09-07,Africa,High Value,4,25.63,102.51,64.9,5.62,31.99
CUST-1572,ORD-2246,2022-09-02,Asia,Mid Value,1,196.26,196.26,126.63,36.26,33.38
CUST-8521,ORD-2247,2023-02-16,Asia,Low Value,4,498.81,1995.23,1145.08,27.22,822.93
CUST-7171,ORD-2248,2022-08-05,Africa,Mid Value,1,324.87,324.87,172.01,13.63,139.23
CUST-8097,ORD-2249,2023-05-31,Africa,Mid Value,5,353.83,1769.13,900.69,17.91,850.53
CUST-3090,ORD-2250,2023-04-19,Europe,High Value,2,134.41,268.81,128.83,31.24,108.74
CUST-7566,ORD-2251,2022-02-05,Africa,Mid Value,2,90.04,180.08,102.84,56.5,20.75
CUST-5624,ORD-2252,2022-06-27,Europe,High Value,1,445.05,445.05,254.91,50.72,139.42
CUST-2633,ORD-2253,2023-01-22,Europe,High Value,2,218.43,436.86,246.38,11.0,179.48
CUST-2517,ORD-2254,2022-01-17,Europe,High Value,3,21.97,65.91,42.49,15.73,7.7
CUST-4648,ORD-2255,2023-12-12,Europe,Mid Value,3,161.24,483.71,229.74,73.13,180.85
CUST-2537,ORD-2256,2022-02-17,Europe,Low Value,2,113.95,227.9,140.73,10.33,76.84
CUST-4137,ORD-2257,2022-03-03,Europe,High Value,1,309.81,309.81,170.52,19.92,119.38
CUST-7985,ORD-2258,2022-03-10,Africa,Low Value,3,382.94,1148.82,586.17,28.85,533.8
CUST-1097,ORD-2259,2023-10-21,Africa,Mid Value,2,258.8,517.6,321.12,22.26,174.22
CUST-4750,ORD-2260,2023-01-01,North America,Low Value,4,109.23,436.93,218.21,26.81,191.9
CUST-9535,ORD-2261,2022-06-11,Africa,Low Value,3,47.82,143.47,72.84,59.58,11.04
CUST-9174,ORD-2262,2023-05-03,Asia,High Value,5,170.5,852.48,596.43,12.13,243.93
CUST-9103,ORD-2263,2023-03-07,North America,High Value,3,406.86,1220.59,820.44,31.42,368.73
CUST-6413,ORD-2264,2023-05-04,Africa,High Value,2,221.37,442.73,276.39,50.88,115.46
CUST-5666,ORD-2265,2022-08-18,Asia,Mid Value,2,141.08,282.16,149.25,8.66,124.25
CUST-1610,ORD-2266,2023-01-05,Africa,Low Value,2,29.95,59.9,34.99,8.32,16.58
CUST-2727,ORD-2267,2022-06-27,Europe,Mid Value,1,258.11,258.11,124.32,42.39,91.4
CUST-2854,ORD-2268,2023-02-14,North America,Mid Value,1,348.71,348.71,186.04,72.49,90.19
CUST-6055,ORD-2269,2023-07-22,Europe,Mid Value,4,111.36,445.43,208.01,38.36,199.06
CUST-3324,ORD-2270,2023-08-13,North America,Mid Value,4,277.85,1111.4,669.71,35.5,406.2
CUST-6774,ORD-2271,2022-09-27,North America,High Value,3,221.95,665.86,442.38,5.76,217.72
CUST-7519,ORD-2272,2022-07-25,Europe,Low Value,2,357.89,715.79,466.97,59.95,188.86
CUST-2749,ORD-2273,2022-03-23,North America,High Value,4,433.09,1732.36,1150.32,17.31,564.73
CUST-1781,ORD-2274,2022-07-12,North America,High Value,2,167.38,334.77,165.26,57.39,112.12
CUST-8548,ORD-2275,2023-09-10,Africa,Mid Value,3,454.29,1362.87,834.79,31.14,496.95
CUST-7823,ORD-2276,2022-07-08,Asia,High Value,1,359.34,359.34,247.65,8.37,103.31
CUST-3105,ORD-2277,2022-10-03,Europe,Low Value,4,37.84,151.36,97.75,29.59,24.02
CUST-4867,ORD-2278,2022-03-15,Africa,Mid Value,5,399.8,1998.98,901.24,54.47,1043.28
CUST-8193,ORD-2279,2022-01-10,Africa,High Value,5,257.42,1287.1,863.1,62.63,361.38
CUST-5976,ORD-2280,2023-09-27,Europe,Mid Value,5,473.82,2369.11,1484.11,52.67,832.33
CUST-3113,ORD-2281,2022-08-04,North America,Low Value,5,175.34,876.72,421.28,58.33,397.11
CUST-6879,ORD-2282,2022-10-17,Europe,Mid Value,5,303.78,1518.91,802.68,22.69,693.54
CUST-4970,ORD-2283,2023-03-21,Asia,High Value,5,478.95,2394.75,1147.99,77.39,1169.36
CUST-8264,ORD-2284,2023-07-06,Asia,High Value,5,150.16,750.78,474.83,22.02,253.93
CUST-2577,ORD-2285,2022-07-12,Europe,Low Value,4,246.54,986.15,444.64,17.76,523.76
CUST-3274,ORD-2286,2023-10-01,Africa,Low Value,5,381.2,1905.99,1079.04,23.74,803.21
CUST-5869,ORD-2287,2022-10-16,Europe,Mid Value,5,351.73,1758.64,1230.96,77.9,449.77
CUST-7744,ORD-2288,2023-08-06,Asia,High Value,3,422.58,1267.73,840.23,9.87,417.63
CUST-3426,ORD-2289,2023-10-11,Europe,Low Value,4,269.5,1078.01,643.36,63.01,371.64
CUST-6546,ORD-2290,2022-05-24,North America,Low Value,3,173.08,519.25,323.74,12.9,182.61
CUST-7852,ORD-2291,2023-01-24,Europe,High Value,2,276.84,553.68,332.71,63.0,157.97
CUST-3551,ORD-2292,2023-02-11,Africa,Low Value,5,187.98,939.9,613.49,25.78,300.64
CUST-7411,ORD-2293,2023-01-05,North America,Low Value,1,104.69,104.69,70.3,59.5,-25.11
CUST-1007,ORD-2294,2023-03-17,Asia,High Value,5,286.39,1431.93,918.79,8.68,504.46
CUST-9087,ORD-2295,2023-10-13,Europe,Low Value,5,43.22,216.11,107.08,30.09,78.94
CUST-3555,ORD-2296,2023-07-18,Africa,High Value,3,37.56,112.67,61.19,39.85,11.63
CUST-1475,ORD-2297,2023-06-13,Africa,High Value,2,51.0,101.99,65.9,6.55,29.54
CUST-6416,ORD-2298,2023-11-08,Asia,Mid Value,3,342.85,1028.56,674.52,18.56,335.47
CUST-9676,ORD-2299,2022-01-13,Europe,High Value,4,215.35,861.41,523.05,17.66,320.7
CUST-8239,ORD-2300,2023-12-03,Africa,Low Value,2,257.18,514.35,323.29,41.11,149.96
CUST-7710,ORD-2301,2022-12-06,North America,Mid Value,2,184.83,369.66,182.47,14.99,172.2
CUST-6000,ORD-2302,2022-11-08,Europe,Mid Value,2,141.75,283.49,153.98,78.29,51.22
CUST-5654,ORD-2303,2022-04-14,Asia,Low Value,3,191.99,575.96,336.16,71.52,168.28
CUST-9078,ORD-2304,2022-12-05,North America,Mid Value,5,112.82,564.11,392.58,21.83,149.7
CUST-7063,ORD-2305,2022-07-17,Europe,Low Value,5,345.8,1729.02,1123.52,22.57,582.93
CUST-3285,ORD-2306,2022-10-27,Africa,Mid Value,5,68.83,344.17,171.45,76.06,96.66
CUST-6223,ORD-2307,2023-03-20,Asia,Low Value,5,268.11,1340.56,721.36,27.47,591.74
CUST-7971,ORD-2308,2022-12-25,Asia,High Value,5,248.88,1244.38,627.45,36.75,580.19
CUST-4525,ORD-2309,2023-01-03,Europe,High Value,4,164.92,659.69,321.97,57.61,280.11
CUST-3822,ORD-2310,2022-06-18,Asia,Mid Value,1,69.1,69.1,33.17,30.8,5.13
CUST-5943,ORD-2311,2022-05-29,North America,Mid Value,2,357.61,715.22,494.52,72.68,148.02
CUST-7530,ORD-2312,2022-02-11,Europe,High Value,1,293.38,293.38,198.52,49.18,45.68
CUST-1258,ORD-2313,2022-07-21,North America,Low Value,4,408.55,1634.19,932.82,47.54,653.84
CUST-1282,ORD-2314,2022-09-01,Asia,Mid Value,5,133.05,665.26,390.6,46.57,228.09
CUST-2898,ORD-2315,2023-10-31,Asia,High Value,4,399.95,1599.8,1055.32,13.4,531.08
CUST-5135,ORD-2316,2023-04-09,Asia,Mid Value,4,160.13,640.54,392.14,64.28,184.11
CUST-7629,ORD-2317,2023-03-25,North America,High Value,1,74.04,74.04,46.88,47.91,-20.75
CUST-4200,ORD-2318,2023-03-13,Asia,High Value,2,84.76,169.52,109.81,9.01,50.69
CUST-6110,ORD-2319,2023-06-15,Europe,High Value,3,126.11,378.32,215.93,68.78,93.62
CUST-8167,ORD-2320,2023-07-19,Africa,Low Value,3,347.57,1042.7,723.32,59.71,259.67
CUST-1612,ORD-2321,2023-08-20,Europe,Mid Value,2,137.1,274.2,166.47,26.67,81.07
CUST-1687,ORD-2322,2022-09-30,Africa,Low Value,5,309.86,1549.29,942.54,26.45,580.29
CUST-4690,ORD-2323,2023-03-06,Asia,Low Value,4,143.13,572.52,277.82,42.85,251.85
CUST-9804,ORD-2324,2022-08-01,Europe,High Value,5,195.31,976.54,680.58,5.54,290.41
CUST-3307,ORD-2325,2022-04-14,North America,Low Value,4,447.07,1788.26,836.36,65.72,886.18
CUST-8133,ORD-2326,2022-07-11,Africa,Mid Value,3,260.17,780.52,543.56,75.65,161.31
CUST-7509,ORD-2327,2023-11-20,North America,Mid Value,2,308.12,616.24,417.59,38.5,160.16
CUST-6906,ORD-2328,2023-10-21,Africa,High Value,1,110.85,110.85,73.62,45.24,-8.01
CUST-3591,ORD-2329,2023-01-15,Asia,High Value,1,83.12,83.12,51.4,65.73,-34.01
CUST-8183,ORD-2330,2022-03-22,Europe,Mid Value,2,218.33,436.65,262.96,25.82,147.87
CUST-6248,ORD-2331,2023-12-06,Africa,Mid Value,3,430.59,1291.76,903.14,41.88,346.74
CUST-9766,ORD-2332,2023-07-03,Europe,High Value,4,135.64,542.57,376.27,13.32,152.97
CUST-6108,ORD-2333,2023-01-12,Africa,Low Value,1,318.41,318.41,207.91,57.64,52.86
CUST-4604,ORD-2334,2022-06-03,Africa,Mid Value,3,438.61,1315.82,620.69,64.46,630.66
CUST-1669,ORD-2335,2023-10-04,Asia,High Value,2,468.52,937.03,508.85,10.02,418.17
CUST-5364,ORD-2336,2023-07-25,Africa,High Value,5,497.02,2485.1,1656.27,71.18,757.64
CUST-8329,ORD-2337,2022-08-28,North America,Mid Value,3,386.22,1158.66,724.89,33.09,400.68
CUST-2283,ORD-2338,2023-01-09,Africa,High Value,3,56.0,168.01,80.73,74.17,13.12
CUST-1923,ORD-2339,2022-07-23,Africa,Mid Value,5,438.3,2191.51,1176.98,72.51,942.02
CUST-2125,ORD-2340,2023-09-03,Africa,High Value,3,445.11,1335.32,607.38,64.32,663.62
CUST-2529,ORD-2341,2022-12-16,Asia,High Value,1,287.5,287.5,193.54,67.26,26.69
CUST-9438,ORD-2342,2023-11-19,Europe,Low Value,1,52.37,52.37,33.34,26.7,-7.68
CUST-4711,ORD-2343,2022-05-23,Europe,High Value,1,248.8,248.8,139.07,32.55,77.18
CUST-9004,ORD-2344,2022-07-08,Asia,Mid Value,3,121.14,363.41,232.62,23.0,107.79
CUST-7274,ORD-2345,2022-09-29,North America,Mid Value,3,232.21,696.63,476.05,31.59,189.0
CUST-4864,ORD-2346,2023-06-16,North America,Low Value,3,367.58,1102.74,573.4,47.14,482.2
CUST-8833,ORD-2347,2022-10-27,Asia,Mid Value,2,340.42,680.85,355.03,69.8,256.01
CUST-7788,ORD-2348,2023-03-02,Europe,High Value,5,394.4,1971.98,1125.34,46.04,800.61
CUST-1226,ORD-2349,2022-02-15,North America,Low Value,3,248.73,746.19,467.66,57.25,221.28
CUST-1264,ORD-2350,2022-04-05,Asia,Mid Value,5,265.18,1325.9,925.82,15.18,384.89
CUST-1645,ORD-2351,2022-03-05,Europe,High Value,4,469.13,1876.52,920.87,75.47,880.18
CUST-8544,ORD-2352,2023-02-17,North America,Low Value,1,322.97,322.97,172.96,48.74,101.27
CUST-6569,ORD-2353,2023-10-05,North America,High Value,2,378.82,757.64,409.78,63.19,284.68
CUST-3990,ORD-2354,2022-01-09,Asia,Mid Value,5,338.97,1694.84,1070.22,79.89,544.73
CUST-3504,ORD-2355,2023-04-04,Europe,Mid Value,1,327.43,327.43,219.92,69.48,38.03
CUST-1587,ORD-2356,2023-12-16,North America,Mid Value,2,458.5,917.0,454.79,42.83,419.39
CUST-5079,ORD-2357,2023-02-13,Asia,Mid Value,1,191.11,191.11,120.1,70.1,0.91
CUST-4348,ORD-2358,2023-04-15,North America,Low Value,3,225.29,675.87,457.84,54.42,163.61
CUST-7299,ORD-2359,2023-05-21,Europe,Mid Value,3,202.28,606.84,291.48,59.75,255.61
CUST-4831,ORD-2360,2023-11-17,Africa,Low Value,1,387.29,387.29,235.77,52.8,98.73
CUST-9381,ORD-2361,2022-03-14,North America,Low Value,2,436.84,873.68,437.36,26.57,409.75
CUST-2715,ORD-2362,2022-03-25,Europe,High Value,1,191.6,191.6,107.35,30.09,54.16
CUST-7450,ORD-2363,2022-02-28,North America,Mid Value,4,88.33,353.31,170.19,46.88,136.24
CUST-6433,ORD-2364,2022-01-21,Africa,High Value,2,257.17,514.34,319.36,70.56,124.43
CUST-2098,ORD-2365,2023-04-03,Africa,High Value,2,492.48,984.96,542.06,38.94,403.95
CUST-8096,ORD-2366,2022-06-06,North America,High Value,1,117.77,117.77,69.7,45.54,2.53
CUST-3326,ORD-2367,2022-11-25,Asia,High Value,5,236.96,1184.8,688.23,32.68,463.89
CUST-7416,ORD-2368,2023-07-27,North America,High Value,1,150.27,150.27,93.69,6.36,50.22
CUST-7980,ORD-2369,2023-07-30,Europe,Mid Value,5,462.89,2314.43,1559.68,53.27,701.48
CUST-7763,ORD-2370,2023-11-11,Asia,High Value,2,284.44,568.88,295.78,47.45,225.65
CUST-2674,ORD-2371,2022-07-22,Europe,Low Value,3,297.8,893.39,534.96,78.37,280.07
CUST-8950,ORD-2372,2023-10-03,Europe,Low Value,3,23.97,71.9,42.67,43.1,-13.87
CUST-9915,ORD-2373,2022-04-16,Asia,Mid Value,1,333.33,333.33,176.26,45.12,111.95
CUST-7049,ORD-2374,2022-05-02,Africa,Low Value,5,167.05,835.25,480.18,26.17,328.9
CUST-2089,ORD-2375,2022-11-14,Europe,High Value,1,266.44,266.44,122.59,12.47,131.38
CUST-5578,ORD-2376,2022-07-01,North America,Low Value,4,274.91,1099.65,612.21,58.07,429.37
CUST-1155,ORD-2377,2023-09-07,Africa,High Value,1,304.27,304.27,157.5,65.63,81.14
CUST-2958,ORD-2378,2022-11-12,Africa,Mid Value,1,415.3,415.3,276.59,70.23,68.48
CUST-7344,ORD-2379,2023-09-17,Asia,Low Value,1,163.49,163.49,88.19,35.32,39.97
CUST-6779,ORD-2380,2023-02-10,North America,Low Value,1,142.96,142.96,71.2,57.77,13.99
CUST-7144,ORD-2381,2022-03-11,North America,Low Value,5,401.99,2009.94,1170.63,24.7,814.61
CUST-6063,ORD-2382,2022-06-09,Africa,Mid Value,5,364.98,1824.92,1191.2,23.96,609.76
CUST-4830,ORD-2383,2022-08-28,Europe,Mid Value,5,128.3,641.48,345.44,79.68,216.35
CUST-9831,ORD-2384,2023-06-07,Europe,Low Value,4,20.4,81.61,54.0,68.71,-41.1
CUST-7659,ORD-2385,2022-05-18,North America,Mid Value,4,339.65,1358.6,722.14,24.22,612.24
CUST-1441,ORD-2386,2023-05-10,Africa,High Value,1,95.45,95.45,60.5,37.5,-2.56
CUST-7040,ORD-2387,2023-11-10,Africa,Mid Value,5,479.36,2396.79,1147.61,47.37,1201.8
CUST-6925,ORD-2388,2022-09-04,Africa,Low Value,4,310.12,1240.46,577.5,5.97,656.99
CUST-8358,ORD-2389,2023-06-27,Asia,High Value,3,427.83,1283.5,814.24,76.95,392.31
CUST-5628,ORD-2390,2023-06-08,North America,Low Value,1,406.7,406.7,220.47,13.16,173.07
CUST-7370,ORD-2391,2022-08-31,North America,Low Value,2,287.74,575.49,315.51,66.29,193.68
CUST-1948,ORD-2392,2023-09-12,Europe,Low Value,5,230.41,1152.04,683.78,78.19,390.07
CUST-9179,ORD-2393,2022-12-02,Europe,Mid Value,1,258.46,258.46,180.08,57.82,20.57
CUST-7115,ORD-2394,2023-02-26,North America,Low Value,1,405.43,405.43,199.83,77.5,128.1
CUST-1459,ORD-2395,2022-07-13,North America,High Value,2,327.42,654.83,343.76,6.48,304.59
CUST-8568,ORD-2396,2022-11-04,Europe,High Value,3,118.74,356.23,218.08,31.59,106.56
CUST-5646,ORD-2397,2023-10-07,North America,High Value,4,312.49,1249.96,781.53,40.73,427.7
CUST-1392,ORD-2398,2023-05-21,Europe,Low Value,4,214.24,856.96,536.92,63.72,256.32
CUST-2787,ORD-2399,2022-10-08,North America,High Value,2,49.42,98.85,59.19,54.09,-14.44
CUST-8374,ORD-2400,2023-11-06,Asia,High Value,2,203.01,406.02,242.42,60.2,103.4
CUST-2138,ORD-2401,2023-03-15,Asia,High Value,4,129.25,516.99,251.79,15.85,249.35
CUST-5741,ORD-2402,2023-12-16,Africa,High Value,3,422.52,1267.56,834.89,68.36,364.32
CUST-8418,ORD-2403,2023-08-31,North America,Mid Value,3,70.4,211.2,95.51,66.67,49.02
CUST-7362,ORD-2404,2023-04-28,Europe,Low Value,1,193.1,193.1,107.05,62.67,23.38
CUST-3454,ORD-2405,2022-08-11,North America,Low Value,2,353.84,707.67,356.56,66.35,284.76
CUST-4674,ORD-2406,2022-04-27,North America,High Value,2,450.75,901.5,429.19,21.02,451.29
CUST-2377,ORD-2407,2022-07-11,Africa,Low Value,2,180.95,361.9,191.76,15.52,154.62
CUST-7701,ORD-2408,2023-09-10,Europe,High Value,4,311.09,1244.36,764.41,72.13,407.82
CUST-3597,ORD-2409,2023-05-31,North America,High Value,4,199.35,797.41,457.93,76.78,262.7
CUST-1141,ORD-2410,2023-06-14,Europe,High Value,4,117.38,469.53,313.83,36.82,118.89
CUST-3659,ORD-2411,2022-11-03,North America,Low Value,3,176.34,529.03,317.38,38.52,173.13
CUST-5596,ORD-2412,2023-06-16,Africa,Mid Value,4,325.23,1300.93,667.75,60.57,572.61
CUST-6661,ORD-2413,2022-05-02,Europe,Low Value,1,363.84,363.84,210.59,42.12,111.12
CUST-7142,ORD-2414,2023-10-11,North America,Low Value,4,197.89,791.56,401.2,28.52,361.85
CUST-6626,ORD-2415,2023-08-15,Asia,Mid Value,3,93.22,279.65,138.33,19.26,122.06
CUST-9787,ORD-2416,2022-06-03,Europe,Low Value,2,86.99,173.98,119.83,6.7,47.45
CUST-9472,ORD-2417,2023-06-21,Africa,Mid Value,1,410.05,410.05,232.5,49.08,128.47
CUST-1423,ORD-2418,2023-03-28,Asia,High Value,3,333.57,1000.71,613.24,15.66,371.81
CUST-7999,ORD-2419,2022-06-18,Europe,Mid Value,5,369.45,1847.27,1234.64,69.38,543.26
CUST-5249,ORD-2420,2022-02-28,Europe,High Value,2,254.36,508.72,269.9,78.72,160.11
CUST-2750,ORD-2421,2022-10-28,Europe,Mid Value,4,239.51,958.05,620.11,39.33,298.62
CUST-5757,ORD-2422,2023-07-07,Europe,High Value,3,121.35,364.06,235.62,13.67,114.77
CUST-2967,ORD-2423,2023-07-04,North America,Low Value,5,100.8,504.02,330.64,48.73,124.65
CUST-5088,ORD-2424,2022-04-27,North America,Mid Value,3,93.88,281.64,140.08,48.04,93.52
CUST-5178,ORD-2425,2022-05-07,Europe,Low Value,4,496.06,1984.23,1370.53,15.0,598.7
CUST-8789,ORD-2426,2023-02-09,Africa,High Value,3,414.03,1242.08,644.26,53.52,544.3
CUST-3946,ORD-2427,2023-02-03,North America,Mid Value,5,320.54,1602.71,1032.47,28.7,541.53
CUST-6394,ORD-2428,2023-05-30,Europe,Mid Value,3,122.91,368.74,180.9,68.41,119.43
CUST-8880,ORD-2429,2023-05-13,Europe,Mid Value,1,182.08,182.08,124.0,49.09,8.98
CUST-6075,ORD-2430,2023-06-12,Africa,Low Value,1,188.38,188.38,104.92,37.47,45.99
CUST-8230,ORD-2431,2023-02-02,Africa,High Value,4,249.28,997.13,615.39,77.25,304.49
CUST-2531,ORD-2432,2022-09-22,Africa,Low Value,5,222.56,1112.79,737.28,41.84,333.67
CUST-3990,ORD-2433,2022-09-20,Asia,Mid Value,5,468.39,2341.97,1219.22,71.55,1051.2
CUST-8155,ORD-2434,2023-02-02,Europe,High Value,5,365.99,1829.94,1001.43,24.82,803.69
CUST-5493,ORD-2435,2023-10-08,Africa,High Value,5,59.07,295.37,156.06,38.13,101.18
CUST-1933,ORD-2436,2023-12-26,Europe,Low Value,5,192.78,963.9,501.92,11.29,450.69
CUST-2460,ORD-2437,2023-06-11,North America,Low Value,2,83.82,167.64,96.83,36.71,34.11
CUST-3723,ORD-2438,2023-03-12,Europe,Mid Value,3,154.09,462.27,271.21,72.09,118.98
CUST-1285,ORD-2439,2022-12-26,Europe,Mid Value,5,480.27,2401.34,1126.72,67.21,1207.41
CUST-1264,ORD-2440,2022-05-09,Asia,Mid Value,1,358.53,358.53,221.69,78.18,58.66
CUST-7816,ORD-2441,2023-09-26,North America,Mid Value,3,23.77,71.31,39.58,61.23,-29.5
CUST-2762,ORD-2442,2022-08-29,North America,High Value,4,177.85,711.41,478.34,25.36,207.71
CUST-1040,ORD-2443,2023-09-19,Asia,Mid Value,4,230.58,922.31,619.22,17.06,286.03
CUST-6827,ORD-2444,2023-12-10,Africa,Mid Value,5,309.2,1546.0,974.02,18.46,553.52
CUST-9259,ORD-2445,2022-08-10,Africa,Mid Value,2,259.87,519.74,344.82,54.6,120.32
CUST-1987,ORD-2446,2022-08-02,Europe,Low Value,2,53.49,106.98,72.81,33.67,0.5
CUST-8804,ORD-2447,2023-08-15,Asia,Low Value,3,267.46,802.39,476.89,36.05,289.45
CUST-8789,ORD-2448,2022-05-15,Africa,Low Value,2,82.52,165.05,114.38,69.54,-18.87
CUST-6717,ORD-2449,2023-01-21,North America,Mid Value,4,269.22,1076.86,741.8,59.5,275.57
CUST-4198,ORD-2450,2022-10-30,Asia,High Value,5,138.11,690.56,329.72,20.7,340.14
CUST-6374,ORD-2451,2022-10-14,Africa,Mid Value,1,89.21,89.21,51.8,17.83,19.58
CUST-5790,ORD-2452,2023-07-16,North America,Low Value,4,158.2,632.81,302.87,66.64,263.29
CUST-8183,ORD-2453,2022-07-08,Asia,Low Value,4,67.82,271.27,168.47,76.52,26.28
CUST-3524,ORD-2454,2022-10-24,Europe,Mid Value,3,156.31,468.94,300.74,18.89,149.31
CUST-3479,ORD-2455,2023-06-10,Europe,High Value,2,436.13,872.26,585.43,76.38,210.44
CUST-6154,ORD-2456,2023-01-24,North America,High Value,1,167.44,167.44,102.56,37.23,27.65
CUST-1778,ORD-2457,2023-04-04,Africa,High Value,1,245.71,245.71,138.46,72.92,34.33
CUST-2492,ORD-2458,2022-09-18,Africa,Low Value,2,269.51,539.02,263.57,61.31,214.13
CUST-1660,ORD-2459,2023-12-05,Asia,Low Value,5,105.58,527.9,254.06,72.88,200.95
CUST-2348,ORD-2460,2023-12-16,North America,High Value,2,232.06,464.11,265.2,53.39,145.52
CUST-8851,ORD-2461,2022-04-23,Africa,Mid Value,5,429.43,2147.15,1413.12,16.78,717.26
CUST-8156,ORD-2462,2022-02-05,Europe,High Value,1,58.65,58.65,37.4,9.53,11.72
CUST-3044,ORD-2463,2022-03-20,North America,Mid Value,3,462.95,1388.86,930.81,52.03,406.01
CUST-8368,ORD-2464,2022-10-02,Europe,Low Value,4,438.13,1752.54,1143.96,9.38,599.2
CUST-4516,ORD-2465,2022-10-05,North America,Low Value,1,430.8,430.8,215.99,22.7,192.11
CUST-5577,ORD-2466,2023-11-05,Asia,Low Value,1,115.3,115.3,57.66,20.47,37.17
CUST-1727,ORD-2467,2022-11-08,Africa,High Value,1,252.47,252.47,142.52,37.03,72.92
CUST-8468,ORD-2468,2023-06-13,Africa,High Value,4,315.75,1263.02,628.72,49.8,584.5
CUST-1342,ORD-2469,2022-07-23,Africa,Low Value,5,67.98,339.88,168.88,73.34,97.67
CUST-2447,ORD-2470,2022-01-17,Europe,Low Value,3,287.29,861.86,445.53,75.21,341.11
CUST-7581,ORD-2471,2023-12-15,Africa,Low Value,3,423.22,1269.66,578.51,78.68,612.47
CUST-7317,ORD-2472,2023-04-21,North America,High Value,3,469.55,1408.64,835.09,62.29,511.26
CUST-1526,ORD-2473,2023-05-26,Europe,High Value,5,153.6,767.99,421.74,74.1,272.15
CUST-7748,ORD-2474,2022-07-29,Asia,Low Value,2,158.59,317.19,161.56,64.3,91.33
CUST-1405,ORD-2475,2023-05-14,Europe,High Value,2,149.95,299.9,145.02,73.3,81.59
CUST-8986,ORD-2476,2023-02-06,Asia,High Value,3,93.66,280.97,158.46,12.81,109.7
CUST-4740,ORD-2477,2023-03-05,Europe,High Value,1,226.74,226.74,136.16,77.12,13.47
CUST-2846,ORD-2478,2022-03-19,Africa,High Value,1,396.55,396.55,274.93,22.59,99.02
CUST-2478,ORD-2479,2023-07-22,Asia,Low Value,4,361.8,1447.21,743.08,47.64,656.5
CUST-1771,ORD-2480,2022-03-21,Africa,Low Value,2,452.15,904.31,412.89,43.76,447.65
CUST-6525,ORD-2481,2022-11-02,Europe,High Value,1,190.76,190.76,120.94,47.33,22.48
CUST-9770,ORD-2482,2022-02-27,Asia,Low Value,3,294.67,884.0,449.77,57.65,376.57
CUST-1193,ORD-2483,2023-06-14,North America,Low Value,4,387.94,1551.75,886.15,45.47,620.13
CUST-3007,ORD-2484,2022-07-27,North America,Low Value,2,451.12,902.25,588.32,56.66,257.27
CUST-2185,ORD-2485,2023-05-26,Europe,Mid Value,4,438.44,1753.77,805.41,45.08,903.28
CUST-3394,ORD-2486,2022-05-15,Asia,Low Value,1,243.45,243.45,118.16,5.9,119.38
CUST-5005,ORD-2487,2023-06-06,North America,Low Value,3,455.29,1365.88,648.17,52.05,665.65
CUST-8429,ORD-2488,2023-08-04,Africa,High Value,3,233.15,699.44,355.62,46.64,297.18
CUST-3261,ORD-2489,2022-03-24,Africa,High Value,3,453.36,1360.08,670.87,48.94,640.27
CUST-4736,ORD-2490,2023-09-13,Europe,Mid Value,1,392.95,392.95,207.93,5.12,179.9
CUST-7716,ORD-2491,2022-02-13,Africa,Mid Value,5,126.39,631.96,402.29,40.16,189.51
CUST-5875,ORD-2492,2023-04-28,Africa,Low Value,3,466.24,1398.72,644.23,70.62,683.87
CUST-9921,ORD-2493,2023-10-06,Africa,Low Value,5,136.38,681.92,319.44,29.94,332.54
CUST-5378,ORD-2494,2023-05-08,North America,High Value,3,456.04,1368.12,808.67,38.37,521.09
CUST-8815,ORD-2495,2023-05-14,Asia,Low Value,5,315.25,1576.26,914.33,14.18,647.74
CUST-4451,ORD-2496,2022-01-18,Europe,Low Value,2,340.34,680.68,386.98,38.77,254.93
CUST-8616,ORD-2497,2023-08-28,Asia,Low Value,2,72.48,144.96,83.93,34.68,26.35
CUST-3800,ORD-2498,2022-10-21,Asia,Low Value,3,51.56,154.67,98.29,71.23,-14.85
CUST-9333,ORD-2499,2022-05-28,Asia,Low Value,4,484.8,1939.21,1151.95,7.66,779.61
CUST-6410,ORD-2500,2023-04-17,North America,Low Value,4,181.73,726.9,410.15,76.34,240.41
CUST-2455,ORD-2501,2022-06-21,Africa,Low Value,1,425.3,425.3,200.08,48.23,176.99
CUST-7892,ORD-2502,2023-07-17,Europe,Low Value,2,358.15,716.3,496.89,44.72,174.68
CUST-6808,ORD-2503,2023-06-15,Asia,High Value,2,309.99,619.97,316.08,71.47,232.42
CUST-7796,ORD-2504,2022-04-30,Africa,Mid Value,4,348.9,1395.6,931.27,19.33,445.01
CUST-5796,ORD-2505,2022-03-07,North America,Low Value,3,62.91,188.72,102.8,20.68,65.24
CUST-6093,ORD-2506,2022-05-21,Asia,High Value,1,217.95,217.95,135.34,70.58,12.02
CUST-2325,ORD-2507,2023-03-22,Africa,Low Value,2,311.4,622.79,350.96,74.71,197.12
CUST-5976,ORD-2508,2023-05-21,North America,Low Value,1,436.43,436.43,235.04,67.84,133.56
CUST-2159,ORD-2509,2022-07-08,Africa,Mid Value,2,363.05,726.1,438.26,8.09,279.75
CUST-5650,ORD-2510,2022-06-07,Europe,High Value,5,141.35,706.74,412.75,53.91,240.08
CUST-5987,ORD-2511,2023-09-02,Africa,Low Value,5,492.76,2463.82,1251.89,38.84,1173.1
CUST-5697,ORD-2512,2023-11-01,Africa,Mid Value,1,328.66,328.66,175.52,65.59,87.55
CUST-1340,ORD-2513,2022-09-03,Europe,Mid Value,4,260.63,1042.53,478.1,16.86,547.57
CUST-4828,ORD-2514,2022-02-02,Europe,Low Value,4,395.06,1580.25,787.59,74.02,718.63
CUST-2968,ORD-2515,2022-12-27,Africa,Low Value,2,309.3,618.59,330.3,30.16,258.13
CUST-1703,ORD-2516,2022-11-26,Europe,High Value,5,360.79,1803.97,1250.21,29.24,524.52
CUST-6482,ORD-2517,2023-05-27,Africa,High Value,5,316.22,1581.12,919.85,18.38,642.89
CUST-7376,ORD-2518,2022-03-12,Asia,Low Value,1,105.84,105.84,66.17,5.52,34.15
CUST-2800,ORD-2519,2022-11-09,Africa,Low Value,1,280.81,280.81,173.65,28.46,78.7
CUST-6463,ORD-2520,2023-12-29,North America,Mid Value,4,155.89,623.55,433.51,16.12,173.92
CUST-5912,ORD-2521,2022-03-20,Europe,High Value,4,293.74,1174.95,691.95,60.36,422.64
CUST-5648,ORD-2522,2022-06-18,Asia,Low Value,4,80.24,320.97,191.42,61.75,67.8
CUST-1855,ORD-2523,2022-06-29,Europe,Low Value,3,131.34,394.03,206.87,67.09,120.06
CUST-3866,ORD-2524,2023-09-20,Europe,High Value,5,408.19,2040.93,1237.89,5.41,797.64
CUST-1182,ORD-2525,2022-09-17,Europe,Low Value,5,214.53,1072.65,685.89,31.36,355.4
CUST-4112,ORD-2526,2023-05-01,North America,Mid Value,1,343.42,343.42,163.4,5.44,174.58
CUST-6670,ORD-2527,2022-01-05,North America,Mid Value,5,258.97,1294.84,738.1,43.08,513.66
CUST-5492,ORD-2528,2022-10-24,Africa,Low Value,1,183.53,183.53,101.95,73.18,8.41
CUST-6823,ORD-2529,2023-09-12,North America,High Value,3,257.68,773.05,369.83,35.59,367.64
CUST-2517,ORD-2530,2022-12-26,Europe,Mid Value,4,410.58,1642.3,879.16,70.52,692.62
CUST-6002,ORD-2531,2022-04-27,Asia,High Value,3,155.17,465.5,271.76,76.07,117.68
CUST-2356,ORD-2532,2022-12-23,Asia,High Value,4,222.29,889.17,544.59,22.84,321.74
CUST-4629,ORD-2533,2023-03-15,Asia,High Value,4,117.24,468.96,244.9,5.76,218.3
CUST-4628,ORD-2534,2022-11-27,Europe,Mid Value,1,188.57,188.57,107.31,60.47,20.79
CUST-9210,ORD-2535,2023-06-09,North America,Mid Value,4,444.85,1779.41,1127.29,48.43,603.69
CUST-7132,ORD-2536,2023-10-16,Asia,Low Value,3,397.15,1191.44,661.92,31.04,498.49
CUST-7588,ORD-2537,2022-07-07,Europe,High Value,2,199.34,398.67,273.17,32.57,92.93
CUST-4311,ORD-2538,2022-10-08,Europe,Mid Value,1,83.55,83.55,38.24,11.07,34.24
CUST-7048,ORD-2539,2023-05-26,Asia,Mid Value,4,221.59,886.34,456.52,70.33,359.5
CUST-7246,ORD-2540,2023-04-11,Asia,Low Value,4,390.43,1561.71,754.85,23.15,783.7
CUST-1987,ORD-2541,2022-04-25,Africa,Mid Value,5,41.02,205.12,120.06,12.28,72.78
CUST-4321,ORD-2542,2022-08-24,Africa,Mid Value,1,377.76,377.76,186.74,63.47,127.55
CUST-5615,ORD-2543,2022-12-04,Europe,Mid Value,1,346.36,346.36,220.1,41.38,84.88
CUST-9365,ORD-2544,2023-06-06,Africa,Low Value,3,51.03,153.09,104.04,62.22,-13.16
CUST-4741,ORD-2545,2022-07-18,Africa,Low Value,2,325.11,650.21,326.28,72.64,251.3
CUST-4052,ORD-2546,2022-02-19,Asia,High Value,3,163.35,490.06,331.62,33.66,124.78
CUST-7574,ORD-2547,2022-05-22,Africa,Mid Value,3,105.1,315.29,191.68,9.09,114.53
CUST-1726,ORD-2548,2023-06-12,Europe,Low Value,3,204.74,614.23,306.53,23.99,283.71
CUST-4760,ORD-2549,2023-05-29,Asia,Low Value,2,118.59,237.17,150.4,8.83,77.94
CUST-6806,ORD-2550,2023-11-01,Africa,Low Value,3,415.79,1247.36,589.65,16.19,641.52
CUST-2875,ORD-2551,2022-01-30,Africa,High Value,1,376.16,376.16,234.36,68.67,73.13
CUST-7993,ORD-2552,2022-03-23,Africa,High Value,2,490.76,981.52,653.02,75.61,252.89
CUST-5033,ORD-2553,2022-01-31,North America,High Value,4,276.36,1105.42,760.08,55.77,289.57
CUST-6443,ORD-2554,2022-11-29,Africa,High Value,5,62.82,314.09,145.62,59.89,108.58
CUST-1989,ORD-2555,2023-10-22,Africa,High Value,5,196.53,982.64,457.41,59.86,465.38
CUST-4744,ORD-2556,2022-06-26,Europe,Mid Value,1,422.55,422.55,288.43,14.25,119.86
CUST-9611,ORD-2557,2023-01-05,Africa,Mid Value,5,210.49,1052.47,681.37,8.53,362.57
CUST-1593,ORD-2558,2023-07-01,North America,Low Value,5,238.72,1193.62,768.17,57.38,368.07
CUST-2774,ORD-2559,2023-06-19,Asia,High Value,5,217.75,1088.73,692.06,7.81,388.87
CUST-1935,ORD-2560,2022-04-16,Africa,High Value,4,132.98,531.93,334.76,65.88,131.29
CUST-4808,ORD-2561,2022-04-07,Africa,Low Value,5,55.13,275.67,166.31,49.34,60.02
CUST-1331,ORD-2562,2022-08-18,Europe,Mid Value,3,106.67,320.01,209.02,13.51,97.47
CUST-8922,ORD-2563,2022-08-15,Africa,High Value,1,194.69,194.69,89.27,54.45,50.97
CUST-3702,ORD-2564,2023-01-06,Africa,High Value,1,137.81,137.81,87.52,50.47,-0.18
CUST-6889,ORD-2565,2022-04-10,Africa,High Value,1,294.91,294.91,175.69,33.22,86.0
CUST-6054,ORD-2566,2023-03-21,Africa,Mid Value,4,314.67,1258.7,851.97,66.33,340.4
CUST-4868,ORD-2567,2023-04-13,Asia,Mid Value,4,293.63,1174.53,803.49,27.85,343.2
CUST-5200,ORD-2568,2022-02-24,Europe,High Value,5,60.76,303.81,155.04,33.34,115.42
CUST-1201,ORD-2569,2022-07-14,Asia,High Value,3,340.09,1020.28,660.49,57.25,302.54
CUST-3497,ORD-2570,2023-06-04,North America,Low Value,5,204.6,1022.99,705.1,61.4,256.49
CUST-2842,ORD-2571,2023-02-28,Africa,Low Value,1,441.52,441.52,228.11,25.52,187.88
CUST-5658,ORD-2572,2022-11-11,North America,Mid Value,3,272.29,816.88,541.41,6.26,269.22
CUST-8544,ORD-2573,2022-05-08,Asia,Low Value,1,60.57,60.57,36.14,18.22,6.21
CUST-8718,ORD-2574,2022-02-01,North America,High Value,3,24.42,73.27,40.21,24.74,8.33
CUST-1770,ORD-2575,2022-04-03,Africa,Mid Value,2,357.21,714.41,468.58,72.88,172.95
CUST-4155,ORD-2576,2023-06-03,North America,Low Value,4,212.25,848.98,566.76,72.02,210.2
CUST-2628,ORD-2577,2022-09-15,Asia,Mid Value,4,158.24,632.95,329.55,54.55,248.85
CUST-1386,ORD-2578,2022-08-08,Africa,High Value,1,234.65,234.65,152.2,58.2,24.25
CUST-7031,ORD-2579,2022-04-16,Europe,Low Value,1,54.75,54.75,25.32,51.59,-22.16
CUST-7439,ORD-2580,2023-07-02,Asia,Low Value,2,208.15,416.3,230.81,63.44,122.06
CUST-7401,ORD-2581,2023-02-20,Africa,Low Value,5,171.06,855.28,399.8,31.34,424.14
CUST-5008,ORD-2582,2023-07-11,Europe,High Value,3,404.09,1212.27,634.57,46.0,531.69
CUST-3466,ORD-2583,2022-11-05,North America,Mid Value,2,103.93,207.86,142.92,55.3,9.64
CUST-3282,ORD-2584,2023-01-01,North America,Low Value,2,383.03,766.06,485.44,40.13,240.49
CUST-2856,ORD-2585,2023-06-05,North America,Mid Value,1,260.19,260.19,166.24,62.95,31.01
CUST-8980,ORD-2586,2023-04-04,Africa,Mid Value,1,59.31,59.31,28.68,74.94,-44.32
CUST-2998,ORD-2587,2023-08-22,North America,Mid Value,5,485.45,2427.23,1443.4,54.79,929.04
CUST-6476,ORD-2588,2023-01-05,North America,High Value,5,372.42,1862.1,1018.96,10.6,832.54
CUST-5669,ORD-2589,2022-11-27,Europe,High Value,1,144.85,144.85,91.77,50.77,2.31
CUST-5318,ORD-2590,2023-11-20,Europe,Low Value,4,299.24,1196.97,585.64,57.22,554.1
CUST-8064,ORD-2591,2023-10-04,Europe,Low Value,5,451.97,2259.85,1176.2,26.24,1057.4
CUST-8446,ORD-2592,2023-12-08,Africa,Mid Value,2,466.79,933.57,629.83,29.13,274.61
CUST-2431,ORD-2593,2022-01-11,Asia,Mid Value,1,370.96,370.96,182.68,49.65,138.63
CUST-6624,ORD-2594,2023-05-22,North America,Mid Value,3,369.28,1107.85,673.68,58.03,376.13
CUST-8461,ORD-2595,2023-02-23,North America,High Value,3,153.13,459.4,242.93,70.36,146.12
CUST-2819,ORD-2596,2022-05-02,Africa,High Value,4,495.09,1980.34,931.69,62.19,986.46
CUST-2130,ORD-2597,2022-08-23,North America,Low Value,1,136.87,136.87,69.25,15.05,52.58
CUST-7563,ORD-2598,2022-11-27,Africa,Mid Value,2,62.92,125.83,83.97,31.11,10.75
CUST-3658,ORD-2599,2023-06-27,Africa,Mid Value,4,489.14,1956.57,1325.84,16.16,614.57
CUST-4500,ORD-2600,2022-12-14,Africa,High Value,2,93.37,186.73,103.63,61.77,21.33
CUST-9566,ORD-2601,2023-02-16,Asia,Low Value,3,270.37,811.12,490.91,24.98,295.23
CUST-3120,ORD-2602,2022-08-12,Africa,Mid Value,2,244.76,489.51,283.98,14.26,191.27
CUST-5020,ORD-2603,2022-06-02,Asia,Mid Value,3,427.14,1281.42,666.24,12.22,602.96
CUST-4259,ORD-2604,2022-07-31,Asia,Low Value,5,210.4,1051.98,564.07,13.59,474.32
CUST-2823,ORD-2605,2022-04-02,North America,Mid Value,3,261.05,783.14,455.56,23.53,304.05
CUST-2474,ORD-2606,2022-11-27,Europe,High Value,3,40.99,122.98,76.72,63.68,-17.42
CUST-3242,ORD-2607,2023-04-12,Asia,Low Value,4,119.76,479.05,257.47,22.83,198.75
CUST-4243,ORD-2608,2023-10-03,Asia,Mid Value,4,419.84,1679.35,1049.14,26.1,604.11
CUST-7990,ORD-2609,2023-12-10,Europe,Mid Value,1,249.61,249.61,172.29,71.05,6.27
CUST-6160,ORD-2610,2023-07-08,Asia,High Value,1,130.85,130.85,59.68,38.17,32.99
CUST-4134,ORD-2611,2022-08-16,Europe,High Value,3,197.08,591.23,290.27,43.16,257.8
CUST-3070,ORD-2612,2022-07-13,North America,High Value,5,156.85,784.23,532.54,5.2,246.48
CUST-1359,ORD-2613,2023-06-14,Africa,Mid Value,1,286.99,286.99,134.28,11.16,141.55
CUST-2141,ORD-2614,2022-08-31,Europe,Mid Value,3,44.69,134.08,85.98,60.54,-12.44
CUST-2635,ORD-2615,2023-01-24,Africa,Mid Value,4,127.99,511.94,310.23,30.01,171.7
CUST-5000,ORD-2616,2022-10-03,Europe,Low Value,1,190.38,190.38,87.94,16.22,86.23
CUST-4361,ORD-2617,2023-03-26,Africa,High Value,1,465.54,465.54,209.58,37.16,218.8
CUST-7583,ORD-2618,2023-10-01,North America,Low Value,3,319.17,957.52,551.05,8.38,398.09
CUST-8835,ORD-2619,2023-08-10,Asia,High Value,3,262.04,786.13,376.82,58.2,351.1
CUST-1006,ORD-2620,2023-07-28,North America,Mid Value,2,111.6,223.19,149.1,11.01,63.07
CUST-4267,ORD-2621,2023-04-23,Asia,Low Value,2,287.77,575.54,328.17,9.12,238.25
CUST-7564,ORD-2622,2023-04-25,Africa,Low Value,5,465.92,2329.62,1184.87,36.48,1108.27
CUST-5928,ORD-2623,2022-10-15,Africa,High Value,1,291.83,291.83,143.59,49.03,99.2
CUST-3606,ORD-2624,2023-11-29,Asia,Low Value,2,99.09,198.18,130.59,62.29,5.3
CUST-6906,ORD-2625,2023-11-21,Europe,Low Value,3,498.62,1495.85,941.91,10.32,543.61
CUST-4273,ORD-2626,2023-11-09,North America,Mid Value,1,259.45,259.45,163.32,30.11,66.02
CUST-8611,ORD-2627,2023-11-26,Europe,High Value,2,173.39,346.77,163.44,25.14,158.19
CUST-1913,ORD-2628,2023-06-24,Africa,Low Value,5,261.62,1308.1,792.88,60.78,454.44
CUST-3011,ORD-2629,2022-11-26,North America,Mid Value,5,146.57,732.86,489.09,32.71,211.06
CUST-2442,ORD-2630,2023-04-15,North America,Low Value,5,34.58,172.9,110.91,52.09,9.9
CUST-6546,ORD-2631,2023-06-18,Europe,Mid Value,5,446.97,2234.85,1071.7,41.7,1121.45
CUST-2829,ORD-2632,2023-04-12,Asia,Low Value,3,225.86,677.58,465.71,47.72,164.14
CUST-9767,ORD-2633,2023-02-24,Asia,Mid Value,5,381.39,1906.94,891.37,32.42,983.15
CUST-7468,ORD-2634,2023-08-31,North America,Mid Value,4,486.2,1944.81,1145.93,22.94,775.93
CUST-1929,ORD-2635,2022-05-02,Asia,High Value,5,323.64,1618.21,1110.5,9.48,498.23
CUST-4699,ORD-2636,2022-11-04,Africa,Mid Value,2,351.98,703.95,461.49,18.01,224.46
CUST-2054,ORD-2637,2022-11-30,Europe,Low Value,1,472.76,472.76,293.21,17.95,161.6
CUST-6744,ORD-2638,2023-02-24,Europe,Mid Value,2,267.95,535.89,355.88,75.11,104.9
CUST-2900,ORD-2639,2022-11-22,Europe,Mid Value,1,173.55,173.55,107.31,75.3,-9.06
CUST-7980,ORD-2640,2023-10-11,North America,Low Value,3,462.26,1386.79,643.11,24.19,719.5
CUST-8069,ORD-2641,2023-07-27,North America,Low Value,1,53.12,53.12,28.56,12.92,11.63
CUST-4415,ORD-2642,2022-09-07,Asia,Mid Value,4,123.01,492.05,273.96,26.13,191.96
CUST-1442,ORD-2643,2022-04-05,Europe,Low Value,5,183.81,919.04,539.1,64.73,315.2
CUST-7218,ORD-2644,2022-10-23,Africa,Mid Value,2,395.41,790.83,401.27,70.31,319.25
CUST-5652,ORD-2645,2022-07-03,Africa,Mid Value,1,453.87,453.87,304.23,42.58,107.06
CUST-8939,ORD-2646,2022-09-17,Europe,Mid Value,2,236.86,473.72,240.26,45.51,187.95
CUST-8833,ORD-2647,2023-10-29,North America,Low Value,5,157.34,786.71,483.35,39.4,263.95
CUST-8597,ORD-2648,2022-07-05,North America,High Value,3,189.54,568.62,380.5,18.71,169.42
CUST-5458,ORD-2649,2023-02-13,North America,High Value,5,335.14,1675.71,1061.07,8.73,605.91
CUST-7591,ORD-2650,2022-03-10,Africa,Mid Value,3,95.84,287.53,139.17,51.6,96.76
CUST-3309,ORD-2651,2023-09-19,Europe,Mid Value,2,282.77,565.53,389.0,64.9,111.63
CUST-7268,ORD-2652,2022-01-08,Africa,Low Value,3,302.45,907.36,429.16,61.2,417.0
CUST-1910,ORD-2653,2022-09-22,Europe,High Value,3,359.77,1079.31,539.67,72.52,467.12
CUST-5340,ORD-2654,2023-04-29,Africa,High Value,3,309.87,929.61,450.69,66.02,412.9
CUST-5009,ORD-2655,2023-09-09,Africa,High Value,3,66.54,199.62,123.11,26.57,49.94
CUST-7628,ORD-2656,2023-01-06,Asia,Low Value,3,350.62,1051.87,685.66,13.76,352.45
CUST-3169,ORD-2657,2023-11-08,Africa,Low Value,1,30.44,30.44,15.51,37.31,-22.37
CUST-3172,ORD-2658,2022-03-24,Europe,Low Value,3,207.35,622.04,432.2,31.12,158.72
CUST-6668,ORD-2659,2023-10-08,Africa,Mid Value,3,220.19,660.57,320.25,59.64,280.68
CUST-7313,ORD-2660,2022-07-30,Asia,Low Value,5,75.98,379.91,200.96,10.1,168.85
CUST-9315,ORD-2661,2022-11-09,Asia,Mid Value,5,24.73,123.66,70.8,75.73,-22.87
CUST-9036,ORD-2662,2023-08-27,Europe,Mid Value,5,54.16,270.79,176.61,76.79,17.39
CUST-7789,ORD-2663,2022-12-03,Asia,Mid Value,3,234.22,702.67,382.35,11.63,308.7
CUST-1785,ORD-2664,2023-05-05,Asia,Mid Value,5,135.37,676.85,335.02,37.55,304.28
CUST-7139,ORD-2665,2023-02-07,North America,Low Value,1,53.11,53.11,30.07,72.44,-49.4
CUST-7344,ORD-2666,2023-10-01,Europe,Low Value,2,143.07,286.15,162.85,19.05,104.25
CUST-3416,ORD-2667,2022-07-10,Asia,High Value,5,273.83,1369.17,621.68,56.92,690.58
CUST-9988,ORD-2668,2023-11-02,Asia,High Value,5,376.23,1881.13,856.33,58.34,966.46
CUST-5154,ORD-2669,2022-12-01,Asia,Mid Value,1,217.76,217.76,113.11,22.52,82.13
CUST-6619,ORD-2670,2023-06-06,Europe,High Value,4,314.31,1257.25,798.73,5.46,453.05
CUST-2936,ORD-2671,2023-09-11,North America,High Value,4,306.45,1225.79,663.76,54.84,507.19
CUST-4807,ORD-2672,2022-03-28,Africa,High Value,1,450.23,450.23,226.38,51.29,172.56
CUST-8151,ORD-2673,2023-08-02,North America,Mid Value,5,106.11,530.55,253.73,53.73,223.09
CUST-4236,ORD-2674,2022-03-03,Europe,High Value,2,248.69,497.37,258.7,16.73,221.94
CUST-3352,ORD-2675,2023-01-22,Europe,Low Value,5,323.28,1616.39,921.92,50.28,644.19
CUST-2932,ORD-2676,2022-05-26,Europe,Mid Value,1,269.47,269.47,127.55,45.63,96.29
CUST-9556,ORD-2677,2022-06-02,Africa,Low Value,1,236.16,236.16,107.16,38.94,90.07
CUST-5916,ORD-2678,2023-09-11,Europe,Mid Value,3,487.26,1461.78,704.33,63.27,694.19
CUST-6498,ORD-2679,2023-10-22,North America,Low Value,1,472.17,472.17,299.59,34.12,138.46
CUST-1946,ORD-2680,2023-11-29,Asia,High Value,3,313.5,940.5,532.86,31.5,376.14
CUST-2439,ORD-2681,2022-12-15,Asia,Mid Value,1,231.0,231.0,129.66,45.58,55.76
CUST-8730,ORD-2682,2022-06-27,Europe,Low Value,3,382.58,1147.75,522.16,75.81,549.78
CUST-5857,ORD-2683,2023-05-02,Europe,Mid Value,3,266.21,798.63,501.33,30.82,266.48
CUST-1340,ORD-2684,2023-10-23,Africa,Low Value,5,497.87,2489.37,1245.87,38.4,1205.1
CUST-1382,ORD-2685,2022-09-04,Asia,High Value,3,349.25,1047.75,495.29,24.97,527.49
CUST-9491,ORD-2686,2022-09-11,Africa,Mid Value,4,52.72,210.87,139.28,55.97,15.62
CUST-1138,ORD-2687,2023-05-15,Africa,Mid Value,1,212.92,212.92,121.66,32.31,58.95
CUST-1358,ORD-2688,2023-06-25,Africa,Low Value,2,370.53,741.05,472.22,56.95,211.88
CUST-5931,ORD-2689,2022-12-18,Africa,Low Value,1,424.34,424.34,278.14,15.93,130.27
CUST-4456,ORD-2690,2023-05-27,North America,High Value,5,410.42,2052.09,1418.31,24.78,609.0
CUST-2627,ORD-2691,2022-01-13,Europe,Low Value,5,489.07,2445.37,1481.71,20.47,943.19
CUST-7626,ORD-2692,2023-07-13,Europe,Low Value,3,254.78,764.33,357.0,63.31,344.03
CUST-6004,ORD-2693,2022-05-31,Africa,Low Value,5,87.23,436.16,257.08,11.72,167.36
CUST-7652,ORD-2694,2022-02-19,Africa,High Value,5,333.08,1665.38,961.56,23.9,679.93
CUST-7416,ORD-2695,2022-08-03,North America,High Value,1,53.96,53.96,25.06,43.05,-14.15
CUST-4170,ORD-2696,2023-10-06,Africa,Mid Value,4,487.29,1949.16,1026.38,11.59,911.2
CUST-4835,ORD-2697,2023-01-07,North America,High Value,4,384.1,1536.38,849.69,5.83,680.87
CUST-9017,ORD-2698,2022-04-23,North America,Low Value,3,491.43,1474.29,722.76,56.84,694.69
CUST-3151,ORD-2699,2022-09-09,Africa,Mid Value,5,201.08,1005.41,454.64,51.02,499.75
CUST-7905,ORD-2700,2022-12-07,Europe,High Value,5,27.58,137.91,88.16,5.63,44.12
CUST-3834,ORD-2701,2022-02-22,North America,High Value,4,270.22,1080.88,716.52,8.64,355.71
CUST-3567,ORD-2702,2022-05-10,Europe,Low Value,3,78.17,234.5,118.96,21.45,94.09
CUST-2307,ORD-2703,2022-07-12,Europe,Low Value,5,346.22,1731.11,780.64,72.96,877.5
CUST-9848,ORD-2704,2023-08-14,North America,High Value,3,258.82,776.47,522.17,53.95,200.35
CUST-3660,ORD-2705,2022-02-26,Asia,Mid Value,1,381.65,381.65,184.53,65.38,131.75
CUST-4730,ORD-2706,2022-04-07,North America,Low Value,5,159.71,798.57,439.86,61.96,296.75
CUST-7207,ORD-2707,2022-07-17,Asia,High Value,5,418.0,2090.0,1131.72,78.73,879.55
CUST-4162,ORD-2708,2023-10-09,North America,High Value,5,332.39,1661.97,816.14,76.26,769.57
CUST-2140,ORD-2709,2022-05-27,North America,Low Value,4,494.1,1976.4,1185.25,10.05,781.1
CUST-9458,ORD-2710,2023-11-15,Europe,Mid Value,4,105.71,422.83,287.37,6.7,128.76
CUST-2708,ORD-2711,2023-07-29,Europe,Mid Value,5,44.56,222.81,128.88,42.28,51.65
CUST-4630,ORD-2712,2023-07-31,Africa,Mid Value,5,428.5,2142.52,1485.25,25.38,631.89
CUST-4211,ORD-2713,2022-10-22,Europe,Low Value,1,182.46,182.46,90.81,42.84,48.81
CUST-7538,ORD-2714,2023-12-24,Europe,Low Value,1,227.0,227.0,150.3,11.8,64.9
CUST-1475,ORD-2715,2023-09-13,Europe,Low Value,3,464.32,1392.96,716.3,73.16,603.5
CUST-8684,ORD-2716,2023-11-15,Europe,Mid Value,3,231.53,694.6,356.08,63.06,275.47
CUST-2207,ORD-2717,2022-01-12,Africa,Mid Value,4,163.05,652.2,312.68,46.41,293.11
CUST-2960,ORD-2718,2022-11-29,Europe,Low Value,2,48.56,97.12,64.67,39.88,-7.43
CUST-1557,ORD-2719,2022-08-08,Asia,Low Value,1,232.61,232.61,146.84,40.14,45.63
CUST-1882,ORD-2720,2023-02-02,Asia,Low Value,3,334.38,1003.13,537.09,51.24,414.8
CUST-5761,ORD-2721,2022-12-08,Africa,Mid Value,1,149.2,149.2,80.18,45.9,23.13
CUST-6867,ORD-2722,2023-05-27,Europe,High Value,1,364.53,364.53,241.03,41.17,82.34
CUST-7963,ORD-2723,2022-06-21,Asia,High Value,2,249.57,499.13,340.36,55.94,102.83
CUST-8166,ORD-2724,2023-04-13,North America,Mid Value,1,431.89,431.89,259.4,62.37,110.12
CUST-8929,ORD-2725,2022-06-15,Asia,Low Value,2,97.63,195.27,107.73,53.22,34.32
CUST-6347,ORD-2726,2023-11-30,Europe,Low Value,2,383.4,766.8,355.25,34.35,377.2
CUST-8269,ORD-2727,2022-06-19,Asia,Low Value,1,467.63,467.63,225.23,36.07,206.32
CUST-9125,ORD-2728,2023-07-18,North America,Low Value,1,375.87,375.87,182.47,12.39,181.02
CUST-3454,ORD-2729,2023-05-27,Asia,Mid Value,3,214.85,644.55,334.65,36.09,273.81
CUST-5494,ORD-2730,2022-07-08,Europe,High Value,1,130.62,130.62,67.17,63.93,-0.49
CUST-2946,ORD-2731,2022-04-30,North America,High Value,1,67.22,67.22,39.37,9.99,17.86
CUST-3808,ORD-2732,2022-04-15,Africa,Mid Value,1,328.34,328.34,225.25,18.16,84.93
CUST-7642,ORD-2733,2023-11-05,North America,Low Value,3,88.57,265.71,176.81,68.2,20.71
CUST-4825,ORD-2734,2022-02-10,Asia,High Value,2,422.39,844.77,487.68,47.6,309.5
CUST-4536,ORD-2735,2023-11-08,Africa,Mid Value,3,481.15,1443.46,655.8,55.34,732.32
CUST-7068,ORD-2736,2022-11-17,North America,Low Value,1,85.18,85.18,39.79,29.12,16.27
CUST-4802,ORD-2737,2022-12-01,North America,High Value,5,200.51,1002.53,666.77,41.66,294.1
CUST-5699,ORD-2738,2022-06-09,North America,Mid Value,1,469.89,469.89,244.77,62.12,163.0
CUST-2970,ORD-2739,2022-09-21,Europe,High Value,3,245.94,737.81,390.69,70.7,276.42
CUST-6806,ORD-2740,2023-06-14,Africa,High Value,3,277.0,831.0,402.99,78.07,349.95
CUST-7142,ORD-2741,2023-11-16,Africa,Mid Value,4,378.81,1515.23,766.37,68.83,680.03
CUST-3819,ORD-2742,2023-04-22,North America,Mid Value,5,121.06,605.28,309.78,10.06,285.44
CUST-1364,ORD-2743,2022-12-18,Africa,High Value,3,489.99,1469.97,812.93,30.75,626.29
CUST-5258,ORD-2744,2023-06-29,Asia,High Value,2,394.82,789.65,478.36,61.17,250.12
CUST-4119,ORD-2745,2022-07-29,Asia,Mid Value,1,97.46,97.46,52.46,36.35,8.65
CUST-2863,ORD-2746,2023-05-11,North America,Low Value,2,73.31,146.63,82.47,37.73,26.43
CUST-1115,ORD-2747,2023-01-17,Asia,Low Value,3,468.78,1406.33,696.8,64.57,644.96
CUST-8084,ORD-2748,2023-11-07,North America,Low Value,3,348.81,1046.44,485.65,67.51,493.28
CUST-9016,ORD-2749,2023-04-26,Asia,Low Value,2,38.51,77.02,41.37,64.36,-28.7
CUST-3384,ORD-2750,2022-01-05,North America,Mid Value,2,88.15,176.31,82.09,31.6,62.62
CUST-4935,ORD-2751,2022-02-03,North America,Low Value,4,42.96,171.83,90.2,22.1,59.53
CUST-8742,ORD-2752,2022-05-25,Africa,High Value,1,487.56,487.56,321.5,31.91,134.16
CUST-6442,ORD-2753,2022-12-17,Africa,Low Value,2,258.97,517.94,280.58,57.6,179.75
CUST-3490,ORD-2754,2023-08-06,North America,Mid Value,1,241.83,241.83,120.51,32.35,88.97
CUST-7980,ORD-2755,2023-04-10,Africa,Low Value,5,478.77,2393.87,1617.1,9.15,767.62
CUST-8661,ORD-2756,2022-12-14,Africa,Low Value,3,262.23,786.68,479.74,65.06,241.87
CUST-2724,ORD-2757,2022-05-05,Europe,Mid Value,2,268.52,537.04,374.35,9.76,152.93
CUST-9182,ORD-2758,2022-09-28,Asia,Low Value,5,492.37,2461.83,1292.62,79.71,1089.51
CUST-3767,ORD-2759,2022-12-23,Africa,Mid Value,3,73.49,220.46,110.25,69.62,40.59
CUST-2137,ORD-2760,2023-06-11,North America,Low Value,4,493.16,1972.65,1034.63,76.73,861.3
CUST-5117,ORD-2761,2023-05-13,Europe,Mid Value,3,99.53,298.58,195.01,67.49,36.07
CUST-4420,ORD-2762,2022-06-02,Europe,Low Value,2,247.0,494.0,241.01,12.58,240.4
CUST-6845,ORD-2763,2022-02-22,Africa,High Value,5,182.05,910.27,464.48,36.41,409.38
CUST-5778,ORD-2764,2022-05-29,North America,High Value,5,478.6,2393.01,1496.61,73.1,823.31
CUST-4906,ORD-2765,2023-05-18,North America,Mid Value,5,253.04,1265.21,802.77,11.82,450.62
CUST-4637,ORD-2766,2023-03-26,North America,Mid Value,3,31.05,93.14,64.24,27.89,1.01
CUST-3953,ORD-2767,2022-08-07,North America,Mid Value,1,126.41,126.41,87.86,40.03,-1.48
CUST-6929,ORD-2768,2023-09-17,North America,High Value,1,226.79,226.79,139.68,38.74,48.37
CUST-1276,ORD-2769,2022-10-04,Asia,Mid Value,3,344.67,1034.0,559.08,75.79,399.13
CUST-2999,ORD-2770,2023-03-28,North America,Low Value,2,289.71,579.43,326.36,34.63,218.43
CUST-2227,ORD-2771,2023-03-04,North America,Mid Value,3,427.96,1283.87,718.73,22.92,542.22
CUST-7337,ORD-2772,2022-03-24,Asia,Mid Value,1,417.65,417.65,228.39,38.37,150.89
CUST-4735,ORD-2773,2022-08-06,Africa,Low Value,3,303.44,910.33,486.63,34.7,389.0
CUST-1695,ORD-2774,2023-06-11,Europe,Low Value,5,294.23,1471.16,723.77,51.75,695.64
CUST-5152,ORD-2775,2023-02-08,Asia,High Value,2,153.52,307.04,166.27,79.56,61.2
CUST-8901,ORD-2776,2022-10-17,Europe,Low Value,2,479.79,959.59,664.33,46.36,248.9
CUST-8470,ORD-2777,2023-02-24,Europe,Low Value,4,56.89,227.55,152.58,39.67,35.3
CUST-8537,ORD-2778,2022-12-05,Asia,Mid Value,3,210.57,631.72,381.77,49.54,200.41
CUST-3841,ORD-2779,2023-12-12,North America,High Value,5,337.2,1686.01,839.97,78.48,767.55
CUST-5208,ORD-2780,2023-11-01,Europe,Low Value,3,473.92,1421.75,952.1,51.86,417.79
CUST-9733,ORD-2781,2023-02-23,North America,High Value,4,260.73,1042.94,550.64,14.22,478.08
CUST-2088,ORD-2782,2022-07-26,Africa,Low Value,4,450.04,1800.17,1055.67,73.45,671.04
CUST-4363,ORD-2783,2023-11-17,Asia,High Value,3,70.3,210.91,142.99,49.31,18.61
CUST-1024,ORD-2784,2023-11-27,Europe,Low Value,3,275.16,825.48,440.54,16.86,368.09
CUST-7144,ORD-2785,2022-09-22,North America,Mid Value,3,171.7,515.11,349.42,22.29,143.41
CUST-6668,ORD-2786,2022-02-05,Europe,High Value,1,401.93,401.93,204.5,14.04,183.4
CUST-5236,ORD-2787,2023-01-08,Africa,High Value,4,233.6,934.39,637.42,77.06,219.91
CUST-9068,ORD-2788,2023-05-03,Africa,Low Value,2,248.12,496.24,267.81,10.31,218.12
CUST-3235,ORD-2789,2022-09-16,Europe,High Value,1,51.1,51.1,27.78,62.33,-39.01
CUST-8295,ORD-2790,2023-06-15,Asia,Low Value,5,230.24,1151.22,677.21,30.32,443.69
CUST-9392,ORD-2791,2022-01-23,Africa,High Value,2,58.8,117.6,63.12,11.08,43.39
CUST-9448,ORD-2792,2022-04-14,North America,High Value,2,163.79,327.58,184.26,37.54,105.78
CUST-4747,ORD-2793,2022-08-29,Africa,Mid Value,2,80.9,161.81,93.09,5.02,63.69
CUST-4175,ORD-2794,2023-12-17,North America,Mid Value,4,180.55,722.2,413.65,66.3,242.26
CUST-5897,ORD-2795,2022-09-10,Europe,High Value,5,129.15,645.73,445.73,45.64,154.35
CUST-6037,ORD-2796,2022-05-22,North America,Mid Value,1,156.89,156.89,81.65,38.88,36.35
CUST-8427,ORD-2797,2023-10-17,Europe,High Value,5,91.23,456.13,237.71,67.19,151.23
CUST-9605,ORD-2798,2023-03-27,Africa,Low Value,1,231.01,231.01,152.35,43.95,34.71
CUST-3014,ORD-2799,2022-11-03,Asia,High Value,4,258.84,1035.35,567.37,49.65,418.33
CUST-2381,ORD-2800,2023-05-15,Africa,High Value,5,421.59,2107.95,987.15,66.11,1054.69
CUST-2098,ORD-2801,2023-09-14,Africa,Mid Value,2,278.64,557.27,317.82,59.04,180.41
CUST-4426,ORD-2802,2022-01-08,Africa,Mid Value,5,129.8,649.02,381.34,54.43,213.25
CUST-4655,ORD-2803,2022-03-10,Africa,Low Value,4,373.23,1492.92,902.36,57.81,532.75
CUST-8938,ORD-2804,2023-12-03,Asia,Low Value,4,162.68,650.71,331.07,24.72,294.93
CUST-1187,ORD-2805,2023-11-22,Africa,Low Value,4,383.07,1532.28,1062.35,13.79,456.13
CUST-6409,ORD-2806,2023-07-29,North America,High Value,1,205.84,205.84,130.55,51.7,23.58
CUST-3092,ORD-2807,2022-03-09,Asia,Low Value,5,266.56,1332.82,839.72,21.8,471.3
CUST-3130,ORD-2808,2023-12-19,Asia,Low Value,2,261.8,523.61,349.88,8.57,165.15
CUST-6242,ORD-2809,2023-02-12,North America,Mid Value,2,478.71,957.41,437.09,24.07,496.25
CUST-9549,ORD-2810,2023-06-02,Europe,Mid Value,3,93.76,281.28,169.69,59.02,52.57
CUST-6647,ORD-2811,2022-04-29,Africa,Low Value,4,470.51,1882.03,1231.71,58.13,592.19
CUST-6185,ORD-2812,2022-01-31,Asia,Low Value,2,289.75,579.51,265.76,72.74,241.01
CUST-6776,ORD-2813,2023-06-02,Africa,High Value,4,496.97,1987.88,1270.33,55.64,661.91
CUST-8913,ORD-2814,2023-04-28,Africa,High Value,2,295.11,590.21,411.63,37.98,140.6
CUST-8547,ORD-2815,2022-07-26,North America,Mid Value,5,335.06,1675.3,1002.42,24.54,648.34
CUST-8823,ORD-2816,2023-10-31,North America,Low Value,3,379.8,1139.39,633.7,61.88,443.81
CUST-8355,ORD-2817,2023-08-02,North America,Low Value,4,414.46,1657.84,934.03,35.9,687.91
CUST-7465,ORD-2818,2023-01-22,Africa,Low Value,1,249.23,249.23,154.49,66.16,28.58
CUST-2497,ORD-2819,2023-02-16,Asia,Low Value,1,345.73,345.73,204.84,68.87,72.01
CUST-3555,ORD-2820,2023-01-05,Asia,Low Value,2,315.14,630.29,407.73,31.37,191.19
CUST-6409,ORD-2821,2022-12-19,Europe,High Value,5,215.4,1077.01,598.18,30.79,448.04
CUST-3951,ORD-2822,2022-12-02,Africa,High Value,4,413.98,1655.93,917.93,73.52,664.47
CUST-2238,ORD-2823,2022-10-16,Europe,Low Value,3,112.38,337.13,214.58,34.79,87.75
CUST-5727,ORD-2824,2022-05-20,Europe,High Value,5,100.22,501.11,306.37,58.01,136.73
CUST-4965,ORD-2825,2022-10-27,Europe,High Value,2,373.49,746.98,481.45,33.34,232.2
CUST-6686,ORD-2826,2022-01-13,Europe,Low Value,5,325.99,1629.96,1095.0,59.85,475.12
CUST-4701,ORD-2827,2023-10-26,Europe,High Value,3,172.48,517.43,266.92,18.02,232.49
CUST-3780,ORD-2828,2023-03-04,Africa,Low Value,5,324.86,1624.31,858.87,67.69,697.75
CUST-8398,ORD-2829,2023-02-04,North America,High Value,4,389.91,1559.64,907.3,78.74,573.6
CUST-2588,ORD-2830,2022-04-19,Europe,Low Value,2,124.14,248.29,169.48,62.43,16.37
CUST-3368,ORD-2831,2023-04-30,Asia,Low Value,3,299.07,897.21,590.97,31.93,274.31
CUST-6789,ORD-2832,2022-12-22,Africa,High Value,2,415.84,831.68,471.65,46.64,313.38
CUST-1436,ORD-2833,2022-05-29,Europe,High Value,4,217.39,869.58,515.9,55.22,298.45
CUST-3828,ORD-2834,2023-12-17,Asia,Mid Value,3,294.43,883.3,554.78,19.47,309.05
CUST-2556,ORD-2835,2022-11-03,Europe,Low Value,3,57.7,173.09,100.51,26.22,46.36
CUST-8570,ORD-2836,2023-06-17,North America,Low Value,2,418.62,837.25,397.37,65.13,374.75
CUST-8480,ORD-2837,2022-03-01,Africa,Low Value,5,402.14,2010.7,1082.13,75.9,852.68
CUST-1182,ORD-2838,2023-03-11,North America,Low Value,5,239.0,1195.01,551.98,25.42,617.61
CUST-8190,ORD-2839,2022-01-21,Asia,High Value,1,77.24,77.24,47.69,16.07,13.48
CUST-7687,ORD-2840,2023-01-17,Europe,High Value,1,336.99,336.99,180.05,78.62,78.32
CUST-6565,ORD-2841,2022-09-02,North America,Mid Value,3,295.03,885.09,561.67,29.0,294.42
CUST-8241,ORD-2842,2022-03-14,North America,Low Value,2,461.35,922.7,514.34,63.39,344.98
CUST-8651,ORD-2843,2023-03-25,Europe,Mid Value,3,154.31,462.92,213.59,33.43,215.91
CUST-6575,ORD-2844,2022-03-17,Africa,Mid Value,2,35.52,71.03,38.71,76.18,-43.85
CUST-2589,ORD-2845,2023-11-29,Asia,Mid Value,4,142.28,569.1,287.21,49.97,231.93
CUST-9851,ORD-2846,2023-08-13,Africa,Mid Value,1,225.4,225.4,113.5,36.13,75.76
CUST-1159,ORD-2847,2023-01-25,Asia,Mid Value,3,94.61,283.84,154.52,18.37,110.94
CUST-7555,ORD-2848,2023-07-31,Asia,High Value,4,490.27,1961.09,1362.14,24.17,574.78
CUST-9244,ORD-2849,2022-12-08,North America,High Value,5,126.75,633.74,437.29,69.27,127.18
CUST-7846,ORD-2850,2022-10-17,Europe,Mid Value,1,345.37,345.37,224.79,9.27,111.31
CUST-3307,ORD-2851,2023-07-22,Africa,High Value,2,237.97,475.95,243.38,16.76,215.8
CUST-2228,ORD-2852,2022-11-27,North America,High Value,5,286.47,1432.35,918.11,19.45,494.79
CUST-8226,ORD-2853,2022-09-16,North America,Mid Value,5,467.69,2338.43,1061.28,10.3,1266.86
CUST-6590,ORD-2854,2023-03-02,North America,High Value,4,275.15,1100.58,510.77,56.42,533.39
CUST-7919,ORD-2855,2023-12-03,Africa,High Value,3,166.51,499.53,329.15,78.6,91.78
CUST-6585,ORD-2856,2022-01-06,North America,Low Value,3,125.99,377.97,223.4,15.44,139.13
CUST-7046,ORD-2857,2022-01-06,Europe,Mid Value,4,448.16,1792.63,973.98,64.92,753.72
CUST-5945,ORD-2858,2022-07-10,North America,Low Value,5,493.63,2468.14,1567.55,18.24,882.35
CUST-8927,ORD-2859,2022-05-28,North America,Low Value,1,140.88,140.88,67.42,78.03,-4.58
CUST-8016,ORD-2860,2023-02-09,Asia,Mid Value,5,366.53,1832.64,956.04,43.03,833.58
CUST-8758,ORD-2861,2022-09-15,North America,Low Value,4,262.76,1051.04,664.16,68.56,318.32
CUST-6086,ORD-2862,2023-12-31,Africa,Low Value,5,355.32,1776.6,891.48,17.79,867.32
CUST-8161,ORD-2863,2023-04-24,Africa,High Value,5,482.82,2414.11,1448.86,71.39,893.86
CUST-2884,ORD-2864,2022-03-31,Europe,Low Value,5,152.52,762.61,428.52,11.12,322.96
CUST-2809,ORD-2865,2022-01-10,Africa,Mid Value,5,375.17,1875.87,939.04,6.72,930.11
CUST-4167,ORD-2866,2022-03-28,Africa,High Value,1,230.21,230.21,154.73,58.17,17.32
CUST-7352,ORD-2867,2022-05-31,North America,High Value,2,333.22,666.43,372.46,12.99,280.99
CUST-7056,ORD-2868,2023-09-17,Europe,High Value,2,215.19,430.39,258.11,69.94,102.34
CUST-3437,ORD-2869,2022-01-30,Africa,Mid Value,3,360.0,1080.0,554.32,51.6,474.09
CUST-7468,ORD-2870,2022-05-08,Europe,Mid Value,2,182.0,364.0,195.36,29.82,138.82
CUST-6951,ORD-2871,2022-03-19,Europe,Mid Value,2,254.41,508.82,235.2,25.8,247.82
CUST-6276,ORD-2872,2023-02-25,Asia,Low Value,2,360.22,720.44,411.23,11.14,298.07
CUST-9859,ORD-2873,2022-02-24,Asia,Low Value,5,40.5,202.5,108.58,56.5,37.41
CUST-8818,ORD-2874,2023-04-25,North America,High Value,5,177.48,887.41,472.42,73.78,341.22
CUST-5728,ORD-2875,2022-11-01,Africa,High Value,1,282.17,282.17,189.75,61.76,30.66
CUST-3624,ORD-2876,2023-06-30,North America,Mid Value,5,55.58,277.92,173.97,51.45,52.5
CUST-6738,ORD-2877,2022-04-15,North America,Mid Value,5,357.52,1787.58,1008.77,13.9,764.9
CUST-5232,ORD-2878,2022-06-21,Europe,Low Value,2,410.38,820.76,409.42,67.07,344.26
CUST-6793,ORD-2879,2023-05-14,Europe,Low Value,1,98.4,98.4,68.22,77.4,-47.23
CUST-5523,ORD-2880,2022-01-22,Europe,Mid Value,1,372.06,372.06,174.38,24.71,172.97
CUST-6571,ORD-2881,2022-10-14,North America,Mid Value,2,330.18,660.35,319.63,36.53,304.2
CUST-3224,ORD-2882,2023-01-26,Africa,Low Value,2,217.22,434.44,224.86,6.05,203.53
CUST-9389,ORD-2883,2023-09-09,North America,High Value,1,99.19,99.19,68.31,67.39,-36.51
CUST-7091,ORD-2884,2022-05-29,North America,High Value,4,478.34,1913.37,994.42,6.56,912.39
CUST-9662,ORD-2885,2022-09-29,North America,Low Value,2,242.73,485.45,278.09,41.49,165.87
CUST-7361,ORD-2886,2022-10-26,Asia,Low Value,2,108.15,216.3,138.49,48.24,29.57
CUST-2948,ORD-2887,2022-06-21,Asia,High Value,1,364.72,364.72,248.85,9.17,106.71
CUST-8094,ORD-2888,2022-02-16,Africa,Low Value,4,311.79,1247.16,749.89,18.18,479.1
CUST-7318,ORD-2889,2023-09-18,Asia,High Value,4,411.78,1647.1,899.43,64.31,683.36
CUST-4796,ORD-2890,2022-07-26,North America,High Value,3,498.13,1494.38,1040.65,23.94,429.79
CUST-1234,ORD-2891,2023-03-29,Asia,Low Value,4,41.54,166.14,75.85,59.35,30.94
CUST-4607,ORD-2892,2023-01-30,Asia,Mid Value,2,374.87,749.74,493.36,61.19,195.19
CUST-9043,ORD-2893,2022-10-28,North America,Mid Value,5,494.78,2473.91,1284.85,35.55,1153.52
CUST-1522,ORD-2894,2023-12-09,Africa,Mid Value,1,278.35,278.35,182.14,9.78,86.43
CUST-6904,ORD-2895,2023-11-07,Asia,Mid Value,2,363.54,727.07,356.66,5.81,364.6
CUST-5888,ORD-2896,2022-06-25,North America,Mid Value,1,231.73,231.73,124.37,41.94,65.42
CUST-6832,ORD-2897,2022-04-20,North America,Mid Value,4,191.25,765.01,354.96,10.36,399.69
CUST-8122,ORD-2898,2023-11-15,North America,Mid Value,1,354.3,354.3,177.12,59.49,117.7
CUST-6842,ORD-2899,2022-07-21,Europe,Low Value,2,494.28,988.57,593.83,33.56,361.17
CUST-2316,ORD-2900,2022-06-17,North America,Low Value,5,64.0,320.0,204.92,56.25,58.83
CUST-2124,ORD-2901,2023-09-06,Asia,Mid Value,2,222.62,445.24,301.78,35.61,107.84
CUST-6621,ORD-2902,2022-03-27,Asia,Low Value,3,471.5,1414.49,678.84,52.13,683.52
CUST-6423,ORD-2903,2023-10-16,North America,High Value,1,74.14,74.14,35.97,67.48,-29.3
CUST-3587,ORD-2904,2023-12-26,Europe,Mid Value,2,332.45,664.9,455.25,71.33,138.31
CUST-6672,ORD-2905,2022-02-20,Europe,High Value,4,226.48,905.92,581.14,6.27,318.51
CUST-2378,ORD-2906,2022-04-22,Europe,Low Value,4,200.91,803.63,470.08,53.41,280.14
CUST-4374,ORD-2907,2023-04-08,Asia,Mid Value,2,120.53,241.06,137.21,47.31,56.54
CUST-2519,ORD-2908,2023-03-18,Europe,High Value,3,104.64,313.92,153.64,52.78,107.5
CUST-6777,ORD-2909,2022-09-28,Africa,Low Value,1,267.82,267.82,145.91,9.36,112.55
CUST-8935,ORD-2910,2023-07-31,Africa,Mid Value,3,201.17,603.51,327.8,10.24,265.47
CUST-7093,ORD-2911,2022-12-10,Europe,Mid Value,5,255.94,1279.71,783.29,42.27,454.14
CUST-9418,ORD-2912,2022-07-02,Africa,High Value,2,114.05,228.1,136.8,9.28,82.02
CUST-6355,ORD-2913,2023-05-18,North America,High Value,3,188.1,564.29,262.35,63.23,238.71
CUST-5968,ORD-2914,2022-01-10,Europe,High Value,5,498.28,2491.4,1649.61,62.94,778.86
CUST-6574,ORD-2915,2023-05-09,Europe,Low Value,3,196.67,590.02,403.8,13.8,172.42
CUST-5072,ORD-2916,2022-08-22,Europe,High Value,5,218.1,1090.5,703.43,39.13,347.94
CUST-3257,ORD-2917,2022-10-25,North America,High Value,4,29.54,118.16,58.44,49.62,10.1
CUST-9588,ORD-2918,2022-09-01,North America,High Value,4,202.8,811.19,399.95,69.46,341.78
CUST-5424,ORD-2919,2023-05-24,Europe,Mid Value,2,386.43,772.86,488.08,79.13,205.64
CUST-4237,ORD-2920,2022-12-17,Asia,High Value,3,267.49,802.46,449.55,6.29,346.62
CUST-4893,ORD-2921,2022-09-24,Asia,High Value,4,335.38,1341.53,864.88,40.73,435.92
CUST-3005,ORD-2922,2023-09-22,Africa,Low Value,1,287.15,287.15,134.63,65.25,87.27
CUST-3016,ORD-2923,2023-10-18,North America,Low Value,4,70.64,282.54,177.75,64.69,40.1
CUST-2772,ORD-2924,2022-07-20,Africa,High Value,4,179.43,717.72,399.07,45.64,273.01
CUST-9353,ORD-2925,2022-08-27,Africa,Low Value,3,353.23,1059.7,485.07,18.67,555.95
CUST-4976,ORD-2926,2022-11-30,Europe,Low Value,5,283.01,1415.05,829.63,46.93,538.49
CUST-2751,ORD-2927,2023-02-19,Asia,Low Value,1,343.98,343.98,214.91,34.37,94.71
CUST-9967,ORD-2928,2023-04-29,Africa,Mid Value,1,192.89,192.89,112.27,35.68,44.93
CUST-8430,ORD-2929,2023-03-13,Europe,High Value,5,112.97,564.85,271.54,29.65,263.67
CUST-8170,ORD-2930,2022-09-03,North America,High Value,3,418.31,1254.93,820.7,15.84,418.4
CUST-7469,ORD-2931,2022-01-08,Africa,High Value,4,200.62,802.5,424.74,60.37,317.39
CUST-4220,ORD-2932,2022-06-01,Asia,Low Value,5,334.41,1672.03,1137.59,58.14,476.3
CUST-1539,ORD-2933,2023-01-27,North America,Low Value,1,203.0,203.0,137.37,45.71,19.91
CUST-2461,ORD-2934,2022-07-30,Europe,Low Value,1,465.08,465.08,232.58,31.61,200.89
CUST-6184,ORD-2935,2023-01-02,North America,Mid Value,4,496.13,1984.52,1129.38,66.7,788.45
CUST-9547,ORD-2936,2023-11-01,Africa,Low Value,4,331.49,1325.94,642.21,16.99,666.74
CUST-1234,ORD-2937,2023-07-24,North America,Mid Value,2,309.03,618.07,382.85,37.59,197.62
CUST-2548,ORD-2938,2022-03-27,North America,High Value,5,423.6,2117.98,1404.18,54.01,659.79
CUST-8480,ORD-2939,2022-02-24,North America,Low Value,4,267.79,1071.17,655.65,66.61,348.9
CUST-5213,ORD-2940,2023-12-14,Asia,Mid Value,2,437.36,874.73,450.59,53.72,370.42
CUST-2673,ORD-2941,2023-09-26,Africa,Mid Value,3,218.21,654.63,307.07,13.83,333.73
CUST-7708,ORD-2942,2023-03-22,Europe,Low Value,1,35.31,35.31,16.5,12.6,6.21
CUST-8982,ORD-2943,2023-09-12,Asia,Mid Value,5,464.76,2323.82,1400.64,8.78,914.4
CUST-3100,ORD-2944,2022-10-31,Africa,Low Value,3,366.33,1099.0,756.48,47.0,295.53
CUST-4748,ORD-2945,2022-05-12,Europe,Mid Value,5,265.17,1325.84,827.09,23.22,475.54
CUST-4173,ORD-2946,2023-02-25,Europe,High Value,5,473.55,2367.74,1497.97,16.96,852.81
CUST-2815,ORD-2947,2023-01-20,Europe,High Value,4,445.65,1782.59,948.92,11.37,822.3
CUST-4841,ORD-2948,2022-07-17,Africa,High Value,2,72.04,144.09,85.95,53.13,5.0
CUST-9016,ORD-2949,2022-02-16,Europe,Low Value,5,319.71,1598.55,845.87,61.51,691.17
CUST-8011,ORD-2950,2022-07-22,Europe,High Value,3,278.29,834.87,563.88,69.33,201.65
CUST-5493,ORD-2951,2022-09-18,Asia,High Value,5,392.71,1963.54,948.64,49.66,965.24
CUST-1674,ORD-2952,2023-11-21,Europe,High Value,2,164.37,328.74,199.87,31.57,97.3
CUST-9088,ORD-2953,2022-01-24,North America,Low Value,1,23.9,23.9,15.12,40.28,-31.5
CUST-9578,ORD-2954,2023-11-18,Asia,Mid Value,5,108.99,544.96,340.39,52.71,151.85
CUST-3158,ORD-2955,2022-12-06,Asia,Low Value,3,121.25,363.75,187.09,58.48,118.19
CUST-3661,ORD-2956,2023-02-16,Africa,Low Value,1,159.88,159.88,91.37,53.36,15.14
CUST-3064,ORD-2957,2022-09-18,Europe,High Value,1,197.79,197.79,121.81,77.14,-1.16
CUST-4253,ORD-2958,2022-10-13,North America,Mid Value,4,359.15,1436.59,980.81,61.27,394.51
CUST-5979,ORD-2959,2023-05-28,North America,High Value,4,55.64,222.55,127.95,61.3,33.31
CUST-8703,ORD-2960,2022-03-27,Europe,High Value,5,253.54,1267.71,665.71,66.49,535.52
CUST-9931,ORD-2961,2023-03-06,Europe,Low Value,3,259.35,778.05,425.3,39.53,313.21
CUST-2401,ORD-2962,2023-08-04,Africa,Low Value,4,315.62,1262.47,738.96,24.8,498.71
CUST-4259,ORD-2963,2022-01-31,North America,Low Value,2,169.06,338.13,234.69,66.22,37.22
CUST-4923,ORD-2964,2023-12-11,Asia,High Value,2,144.7,289.4,175.69,39.81,73.9
CUST-5214,ORD-2965,2023-08-26,Africa,Mid Value,1,252.26,252.26,123.28,50.54,78.45
CUST-4227,ORD-2966,2023-03-16,Africa,Mid Value,1,336.61,336.61,222.43,37.22,76.96
CUST-3745,ORD-2967,2022-12-15,Asia,High Value,1,41.4,41.4,20.51,34.7,-13.81
CUST-7091,ORD-2968,2023-02-16,Africa,Mid Value,2,160.92,321.84,147.94,55.34,118.55
CUST-4866,ORD-2969,2023-06-12,Europe,High Value,4,397.91,1591.64,756.11,54.9,780.62
CUST-6818,ORD-2970,2022-11-06,Asia,Mid Value,4,252.41,1009.64,652.77,28.18,328.7
CUST-3222,ORD-2971,2023-01-31,Asia,High Value,5,476.88,2384.38,1610.59,19.17,754.62
CUST-3792,ORD-2972,2022-12-04,North America,Mid Value,3,436.42,1309.26,676.95,14.85,617.46
CUST-5063,ORD-2973,2023-11-05,Asia,Low Value,2,185.09,370.19,212.68,13.53,143.97
CUST-2524,ORD-2974,2023-03-13,Africa,Low Value,1,368.61,368.61,220.91,66.33,81.37
CUST-9224,ORD-2975,2023-12-05,North America,Low Value,3,151.67,455.0,252.38,26.46,176.16
CUST-7198,ORD-2976,2023-10-25,Africa,Low Value,1,104.14,104.14,48.56,55.89,-0.31
CUST-5025,ORD-2977,2022-12-31,Europe,High Value,3,442.89,1328.67,616.72,26.56,685.39
CUST-3566,ORD-2978,2022-04-23,Europe,Mid Value,3,188.12,564.36,316.09,55.01,193.26
CUST-3803,ORD-2979,2022-06-25,North America,High Value,4,117.64,470.56,305.61,78.81,86.14
CUST-4709,ORD-2980,2022-05-29,North America,Low Value,5,483.19,2415.94,1138.29,9.95,1267.71
CUST-7155,ORD-2981,2022-06-27,Africa,Mid Value,5,34.89,174.47,87.48,54.03,32.96
CUST-1719,ORD-2982,2023-01-17,Europe,High Value,1,196.11,196.11,101.48,26.19,68.44
CUST-7516,ORD-2983,2022-08-11,North America,Low Value,2,38.44,76.88,45.34,11.22,20.32
CUST-5579,ORD-2984,2022-09-16,Europe,Mid Value,5,261.97,1309.84,603.57,10.92,695.34
CUST-1972,ORD-2985,2022-07-08,Europe,Mid Value,2,212.56,425.13,282.71,32.87,109.54
CUST-4718,ORD-2986,2022-11-02,Europe,Low Value,1,365.92,365.92,207.73,45.55,112.65
CUST-8395,ORD-2987,2023-01-13,Africa,Low Value,2,477.94,955.87,546.1,53.55,356.23
CUST-5402,ORD-2988,2023-08-25,Africa,Mid Value,3,269.45,808.35,429.74,47.56,331.04
CUST-5552,ORD-2989,2022-12-09,Europe,Low Value,3,156.99,470.98,236.9,72.35,161.73
CUST-3207,ORD-2990,2022-06-05,Europe,High Value,1,438.64,438.64,237.27,16.52,184.86
CUST-5426,ORD-2991,2023-12-13,Europe,Low Value,2,310.18,620.36,420.82,67.18,132.36
CUST-7919,ORD-2992,2022-02-24,Asia,Low Value,2,285.67,571.35,270.56,44.62,256.16
CUST-9835,ORD-2993,2023-03-18,Asia,Low Value,1,110.52,110.52,51.41,69.54,-10.44
CUST-9386,ORD-2994,2023-11-16,Africa,Mid Value,5,39.48,197.42,94.49,37.0,65.93
CUST-9680,ORD-2995,2022-07-19,Europe,Mid Value,4,241.47,965.9,622.27,41.14,302.49
CUST-3204,ORD-2996,2023-02-07,Asia,Low Value,5,273.46,1367.31,631.84,36.67,698.8
CUST-6345,ORD-2997,2023-09-06,North America,Mid Value,4,81.0,324.02,172.8,12.23,138.99
CUST-4276,ORD-2998,2023-10-25,North America,Low Value,2,48.51,97.02,53.96,15.88,27.18
CUST-2102,ORD-2999,2023-09-15,Europe,High Value,4,123.72,494.87,285.43,43.81,165.63
CUST-6243,ORD-3000,2023-08-26,Asia,Mid Value,4,50.29,201.15,90.68,44.99,65.48
CUST-7614,ORD-3001,2022-06-26,North America,Low Value,2,46.95,93.89,53.68,40.08,0.13
CUST-9707,ORD-3002,2023-03-25,Africa,Mid Value,3,233.2,699.6,348.91,5.96,344.72
CUST-6223,ORD-3003,2023-06-25,North America,High Value,4,408.92,1635.67,776.07,42.92,816.68
CUST-9584,ORD-3004,2022-10-28,Africa,High Value,1,338.71,338.71,197.58,15.03,126.1
CUST-1630,ORD-3005,2023-12-08,North America,Low Value,5,346.12,1730.59,1100.72,47.48,582.39
CUST-7683,ORD-3006,2022-11-03,North America,Mid Value,2,145.97,291.94,199.6,26.62,65.72
CUST-1277,ORD-3007,2022-09-24,Asia,High Value,2,25.33,50.66,34.36,79.36,-63.06
CUST-1232,ORD-3008,2022-08-02,North America,Mid Value,4,236.31,945.24,519.65,31.94,393.65
CUST-6690,ORD-3009,2023-08-17,North America,Low Value,3,201.02,603.06,377.52,66.56,158.97
CUST-8659,ORD-3010,2023-10-02,Africa,High Value,3,474.67,1424.02,888.45,23.42,512.15
CUST-1025,ORD-3011,2023-04-28,Africa,High Value,5,54.57,272.85,150.89,19.21,102.74
CUST-8468,ORD-3012,2022-09-19,North America,Mid Value,5,392.68,1963.41,931.74,21.58,1010.09
CUST-7410,ORD-3013,2022-03-08,Europe,High Value,3,205.0,615.0,335.48,29.98,249.53
CUST-9652,ORD-3014,2023-07-28,North America,Low Value,3,418.22,1254.65,875.86,68.67,310.13
CUST-4764,ORD-3015,2022-05-13,North America,Low Value,3,257.56,772.67,454.91,62.3,255.46
CUST-7599,ORD-3016,2023-10-11,Asia,High Value,4,413.84,1655.36,886.2,37.66,731.51
CUST-6102,ORD-3017,2023-06-24,North America,Low Value,1,244.09,244.09,155.23,19.11,69.75
CUST-8006,ORD-3018,2023-05-27,North America,High Value,5,212.89,1064.46,661.65,8.65,394.16
CUST-4483,ORD-3019,2022-07-30,Africa,High Value,2,482.58,965.16,573.98,51.39,339.79
CUST-2994,ORD-3020,2023-12-18,Africa,High Value,3,197.05,591.16,360.23,58.01,172.92
CUST-9682,ORD-3021,2022-09-10,Africa,High Value,3,406.54,1219.63,727.19,50.46,441.98
CUST-2072,ORD-3022,2022-02-07,Africa,Mid Value,1,52.18,52.18,35.95,42.59,-26.37
CUST-7707,ORD-3023,2022-02-12,North America,High Value,3,50.07,150.21,86.72,77.96,-14.47
CUST-1215,ORD-3024,2023-09-21,Europe,Low Value,5,230.29,1151.46,688.05,6.85,456.56
CUST-8605,ORD-3025,2023-02-09,Asia,Mid Value,3,301.07,903.22,512.95,79.13,311.14
CUST-3606,ORD-3026,2023-12-03,Asia,Low Value,1,312.1,312.1,187.27,25.72,99.1
CUST-9350,ORD-3027,2022-02-15,Europe,High Value,4,37.47,149.86,100.81,33.74,15.31
CUST-5781,ORD-3028,2023-03-30,Europe,Low Value,5,354.44,1772.18,948.01,61.44,762.73
CUST-4313,ORD-3029,2023-11-09,Asia,Mid Value,4,82.36,329.46,189.1,22.03,118.32
CUST-8763,ORD-3030,2022-11-01,North America,Low Value,2,478.57,957.13,538.05,58.24,360.84
CUST-6939,ORD-3031,2023-12-16,Asia,Mid Value,1,180.1,180.1,98.97,29.94,51.2
CUST-3295,ORD-3032,2022-08-21,Europe,High Value,2,145.49,290.99,190.67,75.54,24.77
CUST-6685,ORD-3033,2022-09-02,North America,High Value,2,159.81,319.62,162.36,17.88,139.38
CUST-2696,ORD-3034,2023-12-22,Asia,Low Value,2,469.93,939.86,540.4,74.88,324.58
CUST-2946,ORD-3035,2022-10-22,North America,Low Value,2,251.76,503.53,342.98,64.33,96.21
CUST-3783,ORD-3036,2023-01-18,North America,High Value,1,228.65,228.65,112.11,17.77,98.77
CUST-4644,ORD-3037,2022-06-07,Europe,High Value,4,291.63,1166.52,526.29,34.07,606.16
CUST-6241,ORD-3038,2023-02-09,Africa,Low Value,3,466.77,1400.3,722.98,12.82,664.49
CUST-7420,ORD-3039,2022-01-01,Asia,High Value,2,168.0,336.01,228.68,49.98,57.35
CUST-8557,ORD-3040,2022-08-05,Europe,Mid Value,3,106.79,320.38,151.19,77.04,92.15
CUST-3645,ORD-3041,2023-05-22,Asia,Mid Value,3,305.84,917.51,444.32,10.94,462.24
CUST-7589,ORD-3042,2023-08-04,Africa,Low Value,2,256.0,512.01,271.41,24.36,216.24
CUST-7353,ORD-3043,2022-01-30,Africa,Low Value,5,49.74,248.72,159.79,61.65,27.29
CUST-2932,ORD-3044,2023-09-19,Africa,High Value,3,270.53,811.59,517.65,39.37,254.57
CUST-2757,ORD-3045,2023-06-04,Africa,High Value,5,289.96,1449.8,683.97,30.42,735.41
CUST-6085,ORD-3046,2022-10-02,Asia,Mid Value,4,353.19,1412.77,965.57,50.09,397.11
CUST-6637,ORD-3047,2023-05-07,North America,Low Value,3,497.86,1493.58,761.29,27.05,705.25
CUST-2116,ORD-3048,2022-02-05,North America,Low Value,1,222.36,222.36,115.66,29.66,77.03
CUST-1492,ORD-3049,2022-11-07,Africa,Low Value,4,264.9,1059.59,579.18,65.46,414.96
CUST-9811,ORD-3050,2022-02-13,Africa,Low Value,4,56.0,224.0,136.33,34.37,53.3
CUST-8888,ORD-3051,2022-06-04,North America,Mid Value,5,419.16,2095.81,1216.26,57.54,822.01
CUST-7474,ORD-3052,2022-03-18,Europe,Mid Value,2,67.11,134.23,91.57,16.31,26.36
CUST-5958,ORD-3053,2023-08-13,Africa,Low Value,1,468.24,468.24,276.8,34.91,156.53
CUST-3743,ORD-3054,2023-09-05,North America,Mid Value,1,187.28,187.28,124.4,46.39,16.48
CUST-8866,ORD-3055,2023-03-14,Europe,Low Value,5,182.04,910.2,427.38,25.05,457.77
CUST-8160,ORD-3056,2023-03-08,North America,Mid Value,5,177.73,888.66,590.05,36.62,261.99
CUST-6451,ORD-3057,2023-06-26,Europe,High Value,4,476.24,1904.94,951.38,61.99,891.57
CUST-6258,ORD-3058,2022-02-08,Asia,Mid Value,5,490.45,2452.26,1325.79,17.11,1109.36
CUST-9548,ORD-3059,2022-08-27,Europe,Low Value,2,487.16,974.31,516.36,42.56,415.4
CUST-8186,ORD-3060,2022-01-13,Africa,High Value,4,358.3,1433.19,765.78,24.63,642.77
CUST-7102,ORD-3061,2022-05-02,Europe,Low Value,4,73.31,293.23,199.3,35.77,58.16
CUST-1619,ORD-3062,2022-05-24,Europe,High Value,4,205.45,821.82,460.54,33.15,328.12
CUST-1882,ORD-3063,2023-11-15,Africa,High Value,1,158.87,158.87,82.13,54.15,22.58
CUST-9988,ORD-3064,2023-03-31,Asia,Mid Value,1,360.03,360.03,188.51,62.54,108.98
CUST-4642,ORD-3065,2023-01-03,Europe,Mid Value,4,256.47,1025.9,667.69,42.48,315.73
CUST-2296,ORD-3066,2022-09-04,Asia,High Value,2,315.92,631.84,369.49,17.49,244.86
CUST-9436,ORD-3067,2022-02-14,North America,High Value,3,24.19,72.57,40.81,70.15,-38.39
CUST-3895,ORD-3068,2023-01-10,North America,High Value,4,395.77,1583.1,1079.2,18.97,484.93
CUST-7593,ORD-3069,2022-10-18,Africa,Low Value,5,476.98,2384.92,1627.72,48.38,708.83
CUST-1929,ORD-3070,2022-07-26,Asia,Mid Value,3,341.3,1023.9,654.3,44.55,325.05
CUST-6366,ORD-3071,2023-06-03,Africa,Low Value,1,428.93,428.93,248.57,26.5,153.86
CUST-9711,ORD-3072,2022-08-30,Africa,Mid Value,1,249.56,249.56,119.58,76.47,53.51
CUST-4212,ORD-3073,2023-09-14,Europe,Low Value,3,29.7,89.1,55.86,55.75,-22.51
CUST-3409,ORD-3074,2022-04-24,North America,Mid Value,5,495.43,2477.13,1619.49,40.25,817.39
CUST-9199,ORD-3075,2022-10-29,Africa,High Value,1,48.24,48.24,31.98,38.26,-22.01
CUST-4423,ORD-3076,2022-10-03,Europe,High Value,1,112.53,112.53,67.01,11.93,33.59
CUST-7976,ORD-3077,2022-04-06,Europe,Mid Value,4,45.17,180.69,109.17,63.55,7.96
CUST-8594,ORD-3078,2022-10-21,Asia,High Value,2,319.98,639.96,401.46,11.27,227.23
CUST-6158,ORD-3079,2023-12-02,North America,High Value,5,299.95,1499.75,1002.56,20.05,477.14
CUST-4667,ORD-3080,2022-12-26,Asia,Low Value,4,120.64,482.57,222.63,17.34,242.59
CUST-6973,ORD-3081,2022-10-15,Asia,Mid Value,2,479.19,958.39,566.22,10.11,382.06
CUST-7236,ORD-3082,2022-06-03,Africa,High Value,1,458.47,458.47,248.62,67.22,142.64
CUST-9277,ORD-3083,2023-07-24,Asia,Mid Value,2,154.31,308.62,203.16,72.97,32.49
CUST-3468,ORD-3084,2023-02-27,Africa,Low Value,1,336.26,336.26,162.56,51.91,121.78
CUST-7217,ORD-3085,2022-02-19,Asia,Mid Value,4,430.51,1722.05,1166.56,70.83,484.66
CUST-4619,ORD-3086,2022-07-26,Europe,Low Value,1,192.7,192.7,92.69,55.63,44.38
CUST-2636,ORD-3087,2023-07-18,North America,Low Value,2,141.72,283.44,133.88,56.38,93.19
CUST-9155,ORD-3088,2023-10-24,North America,Low Value,4,142.97,571.88,306.89,71.71,193.29
CUST-4583,ORD-3089,2023-07-19,North America,High Value,2,413.82,827.64,578.26,11.89,237.49
CUST-5009,ORD-3090,2022-08-01,Europe,Low Value,2,242.27,484.55,294.82,9.1,180.62
CUST-4326,ORD-3091,2022-03-07,Europe,Mid Value,3,363.36,1090.09,497.74,9.02,583.32
CUST-9148,ORD-3092,2022-08-20,Asia,Mid Value,1,332.14,332.14,170.16,36.34,125.64
CUST-3217,ORD-3093,2023-10-25,Asia,High Value,1,166.99,166.99,81.37,75.98,9.64
CUST-5967,ORD-3094,2023-12-18,Asia,High Value,2,119.88,239.75,107.95,70.24,61.56
CUST-3369,ORD-3095,2022-11-16,Asia,Low Value,1,80.38,80.38,46.52,63.65,-29.79
CUST-4638,ORD-3096,2022-05-17,North America,Low Value,5,31.47,157.33,85.79,35.29,36.25
CUST-6722,ORD-3097,2023-10-09,Asia,Low Value,1,59.0,59.0,35.6,66.81,-43.41
CUST-5444,ORD-3098,2023-07-20,Europe,High Value,4,143.0,571.99,288.34,21.39,262.27
CUST-8618,ORD-3099,2022-03-06,Europe,High Value,1,362.53,362.53,238.46,48.9,75.17
CUST-4947,ORD-3100,2023-05-29,Europe,Mid Value,5,94.36,471.81,257.51,60.94,153.35
CUST-2676,ORD-3101,2022-05-12,Africa,Low Value,2,271.23,542.46,309.6,11.93,220.93
CUST-2196,ORD-3102,2022-11-30,Africa,Low Value,1,137.66,137.66,87.16,70.56,-20.05
CUST-3787,ORD-3103,2022-02-01,Africa,Mid Value,4,265.67,1062.67,522.35,59.55,480.78
CUST-8432,ORD-3104,2023-05-13,Asia,Mid Value,5,380.01,1900.03,979.63,45.0,875.4
CUST-8927,ORD-3105,2022-08-31,North America,Mid Value,3,147.67,443.01,216.5,9.68,216.84
CUST-4318,ORD-3106,2022-07-11,North America,Mid Value,2,186.99,373.98,240.1,57.09,76.79
CUST-9858,ORD-3107,2022-05-22,Asia,Low Value,2,367.04,734.08,348.23,38.54,347.3
CUST-7689,ORD-3108,2023-10-22,Asia,High Value,2,282.24,564.48,323.03,60.25,181.21
CUST-3176,ORD-3109,2023-08-24,Africa,Low Value,5,65.39,326.96,208.43,7.73,110.8
CUST-4743,ORD-3110,2023-07-15,Europe,Mid Value,1,383.91,383.91,221.5,48.11,114.31
CUST-9792,ORD-3111,2023-10-10,Europe,High Value,1,153.17,153.17,88.41,38.53,26.24
CUST-5422,ORD-3112,2022-07-10,Africa,Low Value,1,204.83,204.83,95.43,37.24,72.16
CUST-4824,ORD-3113,2022-05-29,Africa,Mid Value,1,137.68,137.68,88.91,43.82,4.96
CUST-3451,ORD-3114,2023-08-22,North America,High Value,2,280.81,561.62,337.54,14.28,209.81
CUST-1628,ORD-3115,2023-02-20,Africa,High Value,3,359.73,1079.19,665.73,75.16,338.3
CUST-8778,ORD-3116,2023-06-04,Europe,High Value,2,405.54,811.09,520.27,57.85,232.96
CUST-4696,ORD-3117,2022-01-16,Europe,Low Value,3,462.62,1387.86,819.05,11.36,557.44
CUST-4674,ORD-3118,2022-04-16,Asia,Mid Value,3,192.42,577.27,333.18,10.96,233.14
CUST-4929,ORD-3119,2022-10-10,North America,Low Value,1,467.65,467.65,287.98,20.8,158.88
CUST-3765,ORD-3120,2022-04-14,Asia,Low Value,4,316.14,1264.55,853.58,22.98,388.0
CUST-5369,ORD-3121,2022-12-27,North America,Low Value,5,207.01,1035.03,630.98,41.91,362.14
CUST-9307,ORD-3122,2023-10-20,Asia,High Value,4,445.9,1783.6,1154.14,45.23,584.23
CUST-5956,ORD-3123,2022-02-04,North America,Mid Value,3,298.22,894.67,510.02,15.94,368.71
CUST-1692,ORD-3124,2022-04-23,Africa,Low Value,4,238.06,952.22,568.85,78.01,305.36
CUST-4162,ORD-3125,2022-11-04,Europe,Mid Value,3,25.52,76.56,37.9,66.86,-28.2
CUST-2105,ORD-3126,2022-02-22,Africa,High Value,2,364.4,728.81,416.97,52.51,259.32
CUST-4008,ORD-3127,2022-03-22,North America,Low Value,2,57.13,114.25,55.67,25.84,32.74
CUST-3161,ORD-3128,2023-09-08,North America,Mid Value,1,158.91,158.91,90.06,73.28,-4.43
CUST-9345,ORD-3129,2023-01-04,Asia,High Value,5,481.61,2408.07,1122.73,28.64,1256.69
CUST-4699,ORD-3130,2022-08-30,North America,Low Value,2,94.5,189.0,112.28,28.94,47.78
CUST-4786,ORD-3131,2022-01-31,Africa,Low Value,5,169.66,848.28,442.54,31.47,374.28
CUST-5200,ORD-3132,2023-12-05,North America,Mid Value,1,467.52,467.52,308.76,8.6,150.17
CUST-2913,ORD-3133,2022-12-27,North America,Mid Value,5,182.09,910.44,495.34,9.64,405.46
CUST-6520,ORD-3134,2022-08-21,Asia,Low Value,2,177.76,355.53,241.56,40.69,73.28
CUST-2772,ORD-3135,2023-09-02,North America,Low Value,2,331.02,662.04,376.18,71.13,214.72
CUST-3780,ORD-3136,2022-02-03,Asia,High Value,4,83.05,332.21,219.99,75.68,36.53
CUST-8423,ORD-3137,2022-08-31,Europe,High Value,4,486.92,1947.68,1021.21,63.18,863.3
CUST-3871,ORD-3138,2022-02-28,Asia,Low Value,4,152.01,608.04,342.27,35.33,230.44
CUST-1660,ORD-3139,2023-06-13,North America,Mid Value,5,397.13,1985.65,1208.1,28.29,749.26
CUST-7242,ORD-3140,2022-03-19,Europe,Mid Value,2,158.05,316.11,162.69,21.18,132.24
CUST-2132,ORD-3141,2023-12-19,North America,Low Value,1,152.18,152.18,93.49,45.38,13.31
CUST-1699,ORD-3142,2022-10-29,Asia,High Value,3,47.61,142.82,74.57,41.18,27.06
CUST-8470,ORD-3143,2023-11-09,Africa,Low Value,2,77.27,154.55,88.26,40.02,26.27
CUST-7297,ORD-3144,2022-04-22,Europe,Mid Value,4,270.54,1082.18,493.3,28.72,560.16
CUST-8812,ORD-3145,2023-02-17,Africa,Low Value,4,296.88,1187.54,557.6,48.64,581.29
CUST-5557,ORD-3146,2022-11-13,Africa,Low Value,5,411.6,2058.02,1042.96,50.59,964.47
CUST-3179,ORD-3147,2022-05-25,Europe,High Value,4,48.9,195.61,127.47,70.64,-2.49
CUST-9275,ORD-3148,2023-10-30,Africa,Mid Value,5,190.95,954.76,587.27,62.11,305.39
CUST-2422,ORD-3149,2023-11-21,Africa,Mid Value,1,116.08,116.08,78.16,29.74,8.17
CUST-4180,ORD-3150,2023-10-10,Africa,Low Value,4,191.78,767.12,518.71,33.47,214.95
CUST-5316,ORD-3151,2022-01-18,Africa,Mid Value,5,190.07,950.34,516.67,22.96,410.71
CUST-7696,ORD-3152,2022-12-17,Europe,Mid Value,4,190.05,760.22,411.95,17.81,330.45
CUST-1614,ORD-3153,2022-06-04,North America,Mid Value,5,168.62,843.12,555.56,13.17,274.39
CUST-5570,ORD-3154,2023-05-21,Africa,Mid Value,2,386.71,773.42,430.49,7.56,335.37
CUST-1270,ORD-3155,2022-12-26,Europe,High Value,5,351.06,1755.3,1166.04,36.33,552.93
CUST-3468,ORD-3156,2022-11-28,Europe,High Value,3,183.91,551.72,318.05,76.93,156.73
CUST-4607,ORD-3157,2023-06-12,Europe,High Value,1,90.31,90.31,50.23,45.35,-5.27
CUST-4075,ORD-3158,2022-01-12,Europe,High Value,2,268.77,537.55,279.4,60.66,197.49
CUST-1289,ORD-3159,2022-03-16,Asia,High Value,1,461.05,461.05,222.05,34.83,204.17
CUST-9120,ORD-3160,2022-07-31,North America,Mid Value,2,79.31,158.62,92.23,33.83,32.55
CUST-7614,ORD-3161,2023-11-22,North America,Low Value,4,381.45,1525.82,810.68,14.39,700.75
CUST-4252,ORD-3162,2023-10-03,Africa,Low Value,5,307.7,1538.51,788.27,27.49,722.75
CUST-8415,ORD-3163,2022-10-10,Europe,High Value,4,302.52,1210.09,595.87,74.65,539.57
CUST-7771,ORD-3164,2022-07-14,Asia,Mid Value,1,468.64,468.64,256.42,41.77,170.45
CUST-1278,ORD-3165,2022-01-30,Europe,High Value,1,478.85,478.85,282.03,20.33,176.5
CUST-1580,ORD-3166,2022-01-09,Africa,Low Value,2,137.04,274.09,180.69,54.78,38.61
CUST-5958,ORD-3167,2022-11-05,North America,Mid Value,1,408.07,408.07,267.3,35.41,105.36
CUST-9445,ORD-3168,2023-03-21,Africa,Mid Value,5,317.98,1589.92,1055.33,67.05,467.53
CUST-5276,ORD-3169,2022-11-06,Africa,Mid Value,1,216.25,216.25,128.46,11.96,75.82
CUST-8997,ORD-3170,2023-11-08,Africa,Low Value,4,339.5,1357.99,801.06,44.14,512.79
CUST-5776,ORD-3171,2023-12-06,Africa,Low Value,5,478.86,2394.32,1619.24,65.09,709.99
CUST-1824,ORD-3172,2023-03-02,Africa,High Value,1,268.1,268.1,139.98,69.03,59.08
CUST-4832,ORD-3173,2023-12-05,Africa,High Value,3,471.24,1413.71,687.58,34.73,691.41
CUST-9891,ORD-3174,2023-08-14,Africa,Low Value,3,328.59,985.76,463.99,60.58,461.19
CUST-6445,ORD-3175,2023-11-22,North America,High Value,4,251.8,1007.19,675.08,77.43,254.68
CUST-2380,ORD-3176,2022-04-01,North America,Low Value,2,329.2,658.4,357.48,51.64,249.28
CUST-7534,ORD-3177,2023-04-01,Europe,Mid Value,2,309.22,618.44,355.41,65.87,197.16
CUST-4156,ORD-3178,2023-03-20,Europe,High Value,1,222.41,222.41,144.74,48.03,29.64
CUST-5307,ORD-3179,2023-12-28,Asia,Low Value,5,289.98,1449.9,787.72,64.27,597.92
CUST-6634,ORD-3180,2022-03-20,Asia,Low Value,2,357.56,715.12,476.98,75.55,162.59
CUST-9575,ORD-3181,2023-04-20,North America,Low Value,3,422.66,1267.97,672.56,58.36,537.05
CUST-6810,ORD-3182,2022-04-13,North America,High Value,2,166.08,332.16,210.29,16.58,105.29
CUST-9533,ORD-3183,2023-09-15,Asia,High Value,3,27.03,81.09,50.02,11.14,19.93
CUST-6934,ORD-3184,2023-04-01,North America,Mid Value,2,284.58,569.17,284.78,65.91,218.49
CUST-4109,ORD-3185,2022-11-10,Asia,High Value,4,254.86,1019.43,490.47,24.38,504.58
CUST-5082,ORD-3186,2022-09-04,Europe,High Value,5,46.02,230.08,109.95,70.64,49.48
CUST-4240,ORD-3187,2022-08-22,North America,High Value,1,323.6,323.6,198.28,19.71,105.61
CUST-7028,ORD-3188,2023-08-17,North America,Mid Value,3,471.87,1415.62,641.61,73.33,700.68
CUST-2849,ORD-3189,2023-10-06,Asia,Mid Value,2,213.07,426.14,262.15,65.39,98.6
CUST-9497,ORD-3190,2022-08-23,Africa,Mid Value,1,449.29,449.29,290.01,71.09,88.18
CUST-3749,ORD-3191,2023-01-22,Africa,High Value,3,410.29,1230.87,646.98,22.45,561.44
CUST-7680,ORD-3192,2023-09-03,Europe,Low Value,3,97.62,292.87,186.39,70.89,35.59
CUST-1205,ORD-3193,2022-02-07,North America,High Value,4,397.89,1591.58,782.02,49.07,760.49
CUST-8352,ORD-3194,2022-06-10,North America,Mid Value,2,268.02,536.04,369.93,11.3,154.81
CUST-5591,ORD-3195,2023-04-07,Asia,High Value,1,460.94,460.94,234.17,74.83,151.95
CUST-4450,ORD-3196,2023-03-25,Africa,High Value,2,110.92,221.85,126.92,19.6,75.33
CUST-8214,ORD-3197,2022-04-27,Africa,Low Value,2,80.02,160.04,111.25,21.01,27.78
CUST-4811,ORD-3198,2022-08-29,Europe,Low Value,5,135.81,679.07,459.59,57.8,161.68
CUST-6141,ORD-3199,2022-01-26,Africa,High Value,3,48.62,145.86,89.69,48.73,7.45
CUST-9501,ORD-3200,2023-10-10,Africa,Mid Value,3,173.64,520.92,282.49,72.72,165.7
CUST-3708,ORD-3201,2023-07-16,Africa,High Value,5,155.84,779.22,487.03,28.02,264.17
CUST-2991,ORD-3202,2022-10-25,Asia,High Value,5,219.78,1098.92,620.96,8.13,469.82
CUST-9463,ORD-3203,2022-06-03,Africa,High Value,2,242.23,484.46,231.19,79.62,173.64
CUST-4273,ORD-3204,2023-10-14,Europe,Mid Value,3,89.47,268.4,174.19,28.46,65.75
CUST-5538,ORD-3205,2023-04-13,Africa,Mid Value,1,317.3,317.3,211.93,17.14,88.23
CUST-9712,ORD-3206,2022-02-18,Europe,Mid Value,4,127.31,509.25,281.06,78.83,149.37
CUST-4722,ORD-3207,2023-10-16,Asia,Mid Value,5,78.53,392.63,242.03,47.22,103.38
CUST-4551,ORD-3208,2022-02-15,Asia,Mid Value,1,360.23,360.23,164.84,16.16,179.23
CUST-3832,ORD-3209,2023-11-06,Europe,High Value,1,30.91,30.91,15.44,67.69,-52.21
CUST-6679,ORD-3210,2022-10-12,Asia,Mid Value,2,196.82,393.63,233.25,75.91,84.47
CUST-7579,ORD-3211,2023-09-20,North America,High Value,5,89.31,446.57,231.55,71.1,143.92
CUST-1152,ORD-3212,2022-03-23,North America,High Value,1,443.74,443.74,304.45,19.9,119.4
CUST-6754,ORD-3213,2022-02-13,North America,High Value,4,415.74,1662.96,1096.32,8.95,557.68
CUST-3800,ORD-3214,2023-12-07,North America,Low Value,1,49.05,49.05,30.11,32.85,-13.9
CUST-6310,ORD-3215,2022-09-30,North America,Mid Value,4,284.22,1136.87,795.48,31.61,309.78
CUST-3610,ORD-3216,2023-01-29,Asia,Mid Value,4,161.77,647.08,330.54,35.44,281.1
CUST-2104,ORD-3217,2023-08-18,Europe,High Value,4,112.42,449.69,305.69,64.92,79.07
CUST-8361,ORD-3218,2022-02-27,Asia,Low Value,5,169.54,847.69,446.01,5.72,395.96
CUST-5199,ORD-3219,2023-07-19,Africa,Mid Value,4,411.63,1646.5,986.5,55.61,604.39
CUST-4854,ORD-3220,2022-01-01,North America,High Value,5,47.77,238.85,133.42,78.89,26.55
CUST-8263,ORD-3221,2022-08-04,North America,Low Value,1,331.15,331.15,185.71,34.94,110.5
CUST-2914,ORD-3222,2022-11-13,Asia,High Value,4,458.42,1833.67,1174.7,41.38,617.59
CUST-8365,ORD-3223,2022-08-16,Africa,Low Value,3,235.07,705.2,378.61,52.1,274.49
CUST-4072,ORD-3224,2023-04-18,Asia,High Value,1,452.73,452.73,261.17,26.42,165.14
CUST-1406,ORD-3225,2023-04-29,Europe,Mid Value,3,455.26,1365.79,686.9,58.89,620.01
CUST-1166,ORD-3226,2023-11-02,North America,High Value,3,312.61,937.82,601.02,20.22,316.58
CUST-1508,ORD-3227,2022-10-14,Asia,High Value,2,238.8,477.61,280.82,9.86,186.92
CUST-2661,ORD-3228,2023-05-26,Europe,Low Value,5,374.08,1870.39,960.94,65.1,844.35
CUST-4664,ORD-3229,2023-08-01,North America,Low Value,2,459.79,919.57,474.94,18.24,426.39
CUST-4489,ORD-3230,2023-04-03,North America,Mid Value,5,346.42,1732.08,906.55,59.86,765.68
CUST-1680,ORD-3231,2022-04-05,North America,High Value,2,120.61,241.22,150.72,70.35,20.15
CUST-3524,ORD-3232,2023-05-08,Africa,Low Value,1,413.63,413.63,247.67,8.43,157.53
CUST-3120,ORD-3233,2022-05-30,Asia,Mid Value,3,476.74,1430.21,937.59,58.0,434.62
CUST-6260,ORD-3234,2022-01-23,North America,Mid Value,1,216.93,216.93,128.62,53.47,34.85
CUST-5357,ORD-3235,2022-08-03,North America,Low Value,5,354.84,1774.22,934.41,51.79,788.01
CUST-2363,ORD-3236,2023-02-03,Europe,Low Value,3,268.72,806.16,556.83,27.15,222.18
CUST-3292,ORD-3237,2023-02-14,Asia,High Value,3,73.76,221.29,148.6,8.42,64.27
CUST-2538,ORD-3238,2022-05-11,Europe,Mid Value,5,187.92,939.62,488.33,12.39,438.91
CUST-4408,ORD-3239,2022-05-28,Asia,Low Value,1,98.64,98.64,66.89,25.47,6.28
CUST-8742,ORD-3240,2023-01-16,North America,Mid Value,3,343.32,1029.95,648.9,35.46,345.58
CUST-9752,ORD-3241,2022-04-19,Africa,High Value,1,299.41,299.41,165.77,73.86,59.78
CUST-2903,ORD-3242,2023-07-06,Europe,Low Value,1,36.1,36.1,20.46,56.31,-40.67
CUST-1174,ORD-3243,2022-05-01,Africa,Mid Value,1,49.57,49.57,27.84,6.96,14.77
CUST-3230,ORD-3244,2022-10-22,Africa,Low Value,3,145.18,435.54,282.76,73.98,78.8
CUST-5287,ORD-3245,2022-04-30,Africa,High Value,4,377.53,1510.13,745.82,59.03,705.29
CUST-5160,ORD-3246,2023-04-01,Asia,High Value,2,80.88,161.76,75.17,41.94,44.65
CUST-8106,ORD-3247,2023-06-14,Asia,High Value,5,118.29,591.46,339.86,39.73,211.87
CUST-4171,ORD-3248,2022-06-18,Africa,High Value,1,455.66,455.66,238.13,74.99,142.54
CUST-2567,ORD-3249,2023-12-11,North America,Low Value,3,282.15,846.44,500.23,46.25,299.96
CUST-2151,ORD-3250,2022-05-23,North America,Low Value,5,318.01,1590.04,1104.36,42.71,442.97
CUST-8619,ORD-3251,2022-02-06,Africa,Mid Value,4,238.77,955.07,590.1,63.1,301.87
CUST-7033,ORD-3252,2023-11-29,Europe,Mid Value,4,163.89,655.56,452.21,49.48,153.87
CUST-9560,ORD-3253,2022-09-18,Europe,Low Value,3,139.58,418.75,265.07,23.66,130.01
CUST-5946,ORD-3254,2022-08-19,Asia,Low Value,1,302.83,302.83,142.02,79.92,80.89
CUST-9234,ORD-3255,2022-09-11,Europe,Mid Value,4,246.07,984.27,661.75,26.06,296.46
CUST-2907,ORD-3256,2022-11-25,North America,Low Value,4,213.46,853.82,426.68,56.23,370.91
CUST-4490,ORD-3257,2022-10-24,Africa,High Value,4,353.3,1413.22,941.48,41.73,430.01
CUST-3535,ORD-3258,2022-01-10,Europe,High Value,3,213.99,641.98,409.12,14.14,218.73
CUST-5173,ORD-3259,2023-03-22,Africa,High Value,5,37.63,188.15,124.12,76.92,-12.89
CUST-2293,ORD-3260,2022-08-18,Europe,Mid Value,2,423.04,846.08,434.37,30.18,381.53
CUST-5769,ORD-3261,2023-06-20,Asia,Low Value,3,172.83,518.5,337.98,54.28,126.24
CUST-5796,ORD-3262,2022-03-19,North America,Mid Value,1,474.27,474.27,285.79,60.33,128.15
CUST-7871,ORD-3263,2023-03-01,Asia,Mid Value,3,442.19,1326.56,624.11,34.6,667.85
CUST-3972,ORD-3264,2022-07-12,Africa,Low Value,3,132.28,396.84,266.79,24.56,105.5
CUST-4922,ORD-3265,2023-02-05,North America,Mid Value,2,483.43,966.85,647.02,9.42,310.41
CUST-5997,ORD-3266,2022-04-19,North America,High Value,2,429.71,859.42,509.63,76.37,273.42
CUST-8032,ORD-3267,2022-09-20,Asia,Low Value,2,492.81,985.62,555.06,48.66,381.9
CUST-1992,ORD-3268,2022-11-25,Europe,High Value,5,345.42,1727.08,950.13,58.73,718.22
CUST-9112,ORD-3269,2022-12-29,Asia,High Value,3,466.75,1400.25,841.11,40.16,518.98
CUST-6287,ORD-3270,2023-01-13,Africa,Low Value,1,351.24,351.24,231.97,22.49,96.78
CUST-3240,ORD-3271,2022-12-07,Europe,High Value,2,430.44,860.89,509.2,79.66,272.03
CUST-2476,ORD-3272,2022-09-16,Asia,High Value,2,313.01,626.01,302.0,77.55,246.46
CUST-7426,ORD-3273,2022-12-01,Asia,High Value,3,466.0,1398.01,736.11,69.5,592.4
CUST-1389,ORD-3274,2022-03-26,Europe,Low Value,1,268.68,268.68,165.79,73.71,29.18
CUST-1999,ORD-3275,2023-06-06,Europe,Low Value,2,373.55,747.11,457.01,48.13,241.97
CUST-2855,ORD-3276,2023-07-25,Europe,Low Value,3,460.14,1380.42,800.27,32.58,547.57
CUST-9125,ORD-3277,2022-11-04,Asia,Mid Value,4,222.75,890.99,454.51,30.74,405.74
CUST-9850,ORD-3278,2022-09-19,Europe,High Value,5,32.67,163.36,84.57,75.03,3.77
CUST-3763,ORD-3279,2023-09-23,Europe,Mid Value,3,74.26,222.79,127.23,76.91,18.65
CUST-4663,ORD-3280,2023-11-11,Europe,Mid Value,2,486.52,973.03,533.83,38.04,401.17
CUST-5986,ORD-3281,2023-12-02,North America,High Value,1,439.14,439.14,232.3,50.53,156.31
CUST-2481,ORD-3282,2023-03-28,Africa,Low Value,4,252.04,1008.16,662.73,65.4,280.04
CUST-8256,ORD-3283,2022-09-08,Europe,Mid Value,1,481.23,481.23,277.19,57.69,146.35
CUST-4731,ORD-3284,2022-11-20,Africa,Low Value,1,109.09,109.09,62.81,70.23,-23.95
CUST-8262,ORD-3285,2022-08-17,Europe,Low Value,1,73.26,73.26,40.81,50.65,-18.19
CUST-1451,ORD-3286,2023-12-03,Europe,High Value,3,308.69,926.07,574.37,48.69,303.01
CUST-4093,ORD-3287,2023-09-28,North America,Mid Value,3,203.42,610.25,301.41,33.18,275.66
CUST-1882,ORD-3288,2023-08-19,North America,Mid Value,5,183.09,915.45,627.9,10.5,277.05
CUST-5408,ORD-3289,2022-10-24,Europe,Low Value,4,372.39,1489.57,709.26,9.17,771.14
CUST-5068,ORD-3290,2023-12-28,Europe,High Value,1,92.01,92.01,57.74,16.38,17.88
CUST-4277,ORD-3291,2022-08-25,Europe,Mid Value,2,393.66,787.31,492.92,9.33,285.06
CUST-9566,ORD-3292,2023-09-17,Africa,Low Value,1,192.54,192.54,92.13,45.14,55.27
CUST-8951,ORD-3293,2022-08-05,Europe,Low Value,4,493.63,1974.54,1378.74,35.27,560.53
CUST-5690,ORD-3294,2022-09-03,Africa,Low Value,1,408.2,408.2,187.19,6.97,214.04
CUST-5595,ORD-3295,2023-03-24,North America,High Value,3,330.19,990.56,536.06,6.64,447.86
CUST-5559,ORD-3296,2022-11-15,Africa,High Value,3,130.13,390.4,217.14,44.23,129.04
CUST-8291,ORD-3297,2023-03-08,Europe,Low Value,4,479.08,1916.34,1246.96,46.18,623.19
CUST-9160,ORD-3298,2023-02-08,North America,Low Value,5,35.8,178.98,81.88,7.8,89.31
CUST-1112,ORD-3299,2022-02-06,Asia,High Value,1,127.21,127.21,74.96,55.25,-3.0
CUST-6131,ORD-3300,2023-07-30,North America,Low Value,4,37.65,150.61,75.46,14.44,60.71
CUST-4197,ORD-3301,2022-12-08,Asia,Low Value,2,483.93,967.86,574.08,42.09,351.69
CUST-1139,ORD-3302,2023-01-24,Africa,High Value,2,438.3,876.59,536.11,16.91,323.57
CUST-2424,ORD-3303,2022-02-03,North America,Low Value,5,477.01,2385.06,1093.63,7.93,1283.5
CUST-3949,ORD-3304,2022-02-08,North America,Low Value,3,363.22,1089.65,508.72,20.93,560.0
CUST-4168,ORD-3305,2023-08-02,North America,Low Value,4,33.16,132.65,62.52,39.81,30.32
CUST-9708,ORD-3306,2022-07-28,Africa,High Value,1,467.12,467.12,309.73,60.79,96.59
CUST-7043,ORD-3307,2022-06-01,Europe,High Value,4,222.06,888.23,605.48,24.92,257.84
CUST-7989,ORD-3308,2022-12-31,Africa,High Value,5,196.74,983.68,550.3,56.38,377.0
CUST-8236,ORD-3309,2022-07-18,North America,Mid Value,4,156.38,625.53,418.29,69.7,137.54
CUST-7261,ORD-3310,2023-08-24,Europe,Mid Value,5,157.66,788.31,448.59,25.23,314.49
CUST-1887,ORD-3311,2022-03-20,North America,Mid Value,5,404.3,2021.51,1112.4,44.17,864.94
CUST-4104,ORD-3312,2023-04-22,North America,Mid Value,5,143.06,715.31,416.89,35.71,262.71
CUST-1049,ORD-3313,2023-03-10,Asia,High Value,4,126.64,506.55,328.02,7.06,171.48
CUST-4951,ORD-3314,2022-02-01,North America,Low Value,2,355.05,710.1,359.27,34.39,316.44
CUST-4560,ORD-3315,2022-03-28,Africa,High Value,1,157.98,157.98,83.01,33.29,41.68
CUST-1018,ORD-3316,2023-07-05,Africa,Mid Value,5,26.3,131.51,87.09,51.64,-7.22
CUST-5821,ORD-3317,2023-01-28,Africa,High Value,3,467.25,1401.74,951.78,69.98,379.99
CUST-7340,ORD-3318,2023-09-05,Europe,Low Value,5,170.51,852.55,409.87,55.39,387.3
CUST-9058,ORD-3319,2022-09-01,Asia,Mid Value,4,386.9,1547.6,969.16,31.65,546.79
CUST-3606,ORD-3320,2022-08-20,Asia,Low Value,5,245.11,1225.57,554.45,38.67,632.45
CUST-8846,ORD-3321,2023-08-03,North America,Low Value,3,84.36,253.07,129.46,71.54,52.08
CUST-9643,ORD-3322,2022-07-11,North America,Low Value,2,337.73,675.45,315.54,52.93,306.98
CUST-7432,ORD-3323,2023-06-24,Asia,Mid Value,4,131.15,524.59,303.66,34.24,186.7
CUST-4765,ORD-3324,2022-09-27,Europe,High Value,4,158.2,632.8,339.08,50.01,243.71
CUST-3438,ORD-3325,2022-03-18,Africa,Mid Value,4,35.56,142.22,68.89,53.32,20.0
CUST-7358,ORD-3326,2022-06-16,North America,Mid Value,3,27.87,83.62,37.64,41.17,4.81
CUST-9319,ORD-3327,2022-10-11,Asia,High Value,4,266.54,1066.15,583.29,69.9,412.96
CUST-6941,ORD-3328,2023-12-05,Europe,High Value,2,47.74,95.48,50.0,65.95,-20.47
CUST-8644,ORD-3329,2022-03-30,Africa,High Value,1,120.52,120.52,55.64,44.33,20.55
CUST-5855,ORD-3330,2023-06-28,North America,High Value,1,463.43,463.43,307.23,76.88,79.33
CUST-7547,ORD-3331,2023-10-11,Africa,Low Value,5,59.77,298.85,165.17,76.49,57.19
CUST-8196,ORD-3332,2022-06-05,Africa,Mid Value,1,159.58,159.58,102.72,77.45,-20.6
CUST-6911,ORD-3333,2022-09-07,Asia,Mid Value,3,368.73,1106.2,614.51,21.54,470.16
CUST-7481,ORD-3334,2022-04-05,Asia,Mid Value,1,444.48,444.48,207.52,12.75,224.21
CUST-3761,ORD-3335,2022-01-17,Africa,High Value,3,42.18,126.54,69.42,51.43,5.69
CUST-5456,ORD-3336,2022-04-27,Africa,Mid Value,3,109.01,327.03,219.61,59.57,47.85
CUST-7361,ORD-3337,2022-11-29,North America,Low Value,5,206.18,1030.92,465.92,28.02,536.98
CUST-6693,ORD-3338,2023-06-06,Europe,Mid Value,1,193.28,193.28,130.24,45.33,17.72
CUST-6788,ORD-3339,2022-03-21,Europe,Mid Value,5,158.49,792.46,486.72,53.59,252.16
CUST-1201,ORD-3340,2023-10-08,Africa,Low Value,4,136.31,545.23,381.07,39.75,124.41
CUST-7160,ORD-3341,2023-03-08,Asia,Low Value,2,148.96,297.91,202.29,45.6,50.02
CUST-1517,ORD-3342,2022-07-22,Europe,Mid Value,1,84.04,84.04,56.08,10.64,17.33
CUST-8737,ORD-3343,2022-04-26,Africa,High Value,4,98.4,393.59,180.81,79.56,133.22
CUST-2988,ORD-3344,2022-08-08,Asia,High Value,4,311.25,1244.99,647.47,33.4,564.12
CUST-4802,ORD-3345,2022-09-10,North America,Mid Value,5,160.25,801.26,435.63,20.39,345.23
CUST-6808,ORD-3346,2022-06-18,Europe,Mid Value,5,211.85,1059.24,661.98,41.0,356.26
CUST-8162,ORD-3347,2022-11-12,North America,Mid Value,2,217.74,435.49,266.59,28.81,140.09
CUST-7241,ORD-3348,2023-12-18,Asia,Mid Value,2,72.67,145.35,71.65,34.36,39.34
CUST-9399,ORD-3349,2023-01-07,Africa,High Value,2,413.36,826.71,524.31,47.22,255.19
CUST-6633,ORD-3350,2023-08-06,North America,Mid Value,2,479.05,958.11,468.42,25.88,463.8
CUST-6755,ORD-3351,2022-06-05,Africa,Low Value,5,146.5,732.5,413.21,54.99,264.3
CUST-7309,ORD-3352,2023-09-06,Europe,High Value,3,161.32,483.95,287.8,37.38,158.77
CUST-5117,ORD-3353,2022-01-13,North America,High Value,5,352.71,1763.57,1177.48,11.31,574.77
CUST-9345,ORD-3354,2023-05-23,Europe,Low Value,3,58.68,176.05,107.01,71.52,-2.48
CUST-2518,ORD-3355,2023-04-10,Europe,Mid Value,5,455.52,2277.58,1568.59,40.8,668.18
CUST-7163,ORD-3356,2022-08-08,Europe,Mid Value,5,77.88,389.41,272.05,74.22,43.14
CUST-3600,ORD-3357,2022-01-15,Europe,Mid Value,2,371.39,742.78,428.74,33.55,280.5
CUST-3195,ORD-3358,2022-04-27,Europe,Mid Value,3,159.93,479.78,222.08,45.7,212.01
CUST-4554,ORD-3359,2022-11-27,Asia,Mid Value,4,175.17,700.67,320.26,70.52,309.89
CUST-3849,ORD-3360,2022-02-25,North America,Low Value,4,87.61,350.42,232.65,39.67,78.11
CUST-2742,ORD-3361,2022-12-17,Africa,Mid Value,4,330.24,1320.97,759.51,52.48,508.98
CUST-2306,ORD-3362,2022-05-12,Africa,Low Value,2,401.6,803.19,435.09,23.53,344.58
CUST-4849,ORD-3363,2022-08-14,Asia,Low Value,4,476.12,1904.46,992.44,22.86,889.16
CUST-8519,ORD-3364,2022-11-04,Africa,Low Value,5,179.14,895.72,466.17,45.7,383.85
CUST-5195,ORD-3365,2023-04-20,Africa,Mid Value,2,318.17,636.33,297.93,50.99,287.41
CUST-6178,ORD-3366,2022-08-10,Africa,Mid Value,4,219.2,876.79,460.97,54.18,361.63
CUST-3555,ORD-3367,2022-06-22,North America,High Value,2,287.76,575.53,351.76,62.65,161.12
CUST-3305,ORD-3368,2022-12-06,Africa,High Value,5,98.21,491.04,268.25,74.19,148.59
CUST-8619,ORD-3369,2023-05-21,North America,Low Value,2,299.24,598.48,411.13,23.01,164.34
CUST-3642,ORD-3370,2022-06-06,Africa,High Value,4,427.56,1710.24,1055.29,51.46,603.49
CUST-7409,ORD-3371,2022-05-31,Africa,Low Value,2,434.55,869.11,578.82,38.23,252.05
CUST-5757,ORD-3372,2023-11-28,North America,High Value,1,252.03,252.03,120.6,11.69,119.73
CUST-3994,ORD-3373,2022-06-27,Asia,Mid Value,4,133.16,532.63,299.67,39.02,193.94
CUST-9751,ORD-3374,2023-06-17,Africa,Mid Value,5,421.61,2108.03,970.45,64.3,1073.28
CUST-2271,ORD-3375,2022-04-22,Europe,Low Value,3,499.73,1499.18,1010.08,10.93,478.17
CUST-2813,ORD-3376,2023-11-14,Europe,Low Value,2,201.04,402.07,195.7,50.47,155.91
CUST-9801,ORD-3377,2022-05-18,Asia,Mid Value,2,463.7,927.39,604.06,35.76,287.58
CUST-3461,ORD-3378,2022-08-21,Europe,Mid Value,4,492.06,1968.24,1340.28,54.05,573.91
CUST-5120,ORD-3379,2022-11-28,North America,Mid Value,4,209.89,839.58,470.56,66.6,302.42
CUST-7124,ORD-3380,2023-06-26,Africa,High Value,1,363.82,363.82,199.13,45.62,119.06
CUST-9475,ORD-3381,2022-11-03,Africa,High Value,5,298.92,1494.62,896.82,27.8,570.01
CUST-5396,ORD-3382,2022-06-10,Africa,High Value,2,366.65,733.31,465.71,11.76,255.83
CUST-1816,ORD-3383,2023-02-06,Africa,High Value,2,93.99,187.99,114.94,26.65,46.4
CUST-8304,ORD-3384,2023-08-13,Europe,Low Value,3,196.03,588.08,264.8,32.35,290.92
CUST-8331,ORD-3385,2022-10-05,Europe,Low Value,2,50.14,100.29,64.83,53.1,-17.64
CUST-1082,ORD-3386,2022-11-16,Europe,High Value,2,314.34,628.69,306.07,34.13,288.49
CUST-2920,ORD-3387,2023-06-17,North America,Low Value,1,464.81,464.81,261.42,35.2,168.19
CUST-8817,ORD-3388,2023-05-12,Europe,High Value,3,288.94,866.81,451.25,26.79,388.77
CUST-3093,ORD-3389,2022-12-29,Europe,High Value,2,53.76,107.52,73.33,32.22,1.98
CUST-8071,ORD-3390,2023-01-07,Africa,Mid Value,2,466.58,933.16,537.06,24.95,371.15
CUST-8967,ORD-3391,2023-10-17,Europe,High Value,5,83.82,419.12,243.31,60.06,115.74
CUST-9367,ORD-3392,2022-02-05,Asia,Low Value,2,443.81,887.62,416.33,78.72,392.57
CUST-6285,ORD-3393,2022-10-30,Asia,High Value,1,362.83,362.83,244.67,60.1,58.06
CUST-5937,ORD-3394,2023-03-14,Africa,Mid Value,2,325.46,650.91,331.81,10.52,308.58
CUST-1369,ORD-3395,2023-12-27,Europe,Low Value,2,301.69,603.37,333.96,52.45,216.96
CUST-2818,ORD-3396,2022-02-01,Asia,Mid Value,4,82.95,331.81,231.04,57.72,43.04
CUST-3101,ORD-3397,2022-07-05,Asia,High Value,2,260.41,520.81,249.19,63.37,208.25
CUST-4490,ORD-3398,2022-06-23,North America,High Value,3,114.41,343.24,216.11,62.2,64.92
CUST-2779,ORD-3399,2023-07-20,Africa,High Value,4,294.46,1177.83,606.62,43.13,528.08
CUST-8674,ORD-3400,2023-11-04,Asia,High Value,3,234.72,704.17,390.78,24.68,288.71
CUST-2364,ORD-3401,2022-09-07,Asia,Low Value,3,346.24,1038.73,576.03,14.04,448.66
CUST-8294,ORD-3402,2022-10-06,Africa,High Value,1,491.6,491.6,335.79,5.63,150.18
CUST-4676,ORD-3403,2023-11-14,Europe,Mid Value,2,193.29,386.57,174.96,5.11,206.5
CUST-3426,ORD-3404,2023-11-26,Africa,Low Value,3,316.02,948.07,513.66,75.22,359.19
CUST-9264,ORD-3405,2022-01-02,North America,Low Value,2,434.92,869.83,576.79,50.6,242.44
CUST-9089,ORD-3406,2022-07-13,North America,Low Value,2,64.6,129.21,87.56,48.06,-6.41
CUST-3962,ORD-3407,2022-06-15,North America,Mid Value,1,404.12,404.12,213.31,33.25,157.56
CUST-1859,ORD-3408,2022-04-20,Asia,Mid Value,1,134.92,134.92,68.88,64.89,1.16
CUST-5138,ORD-3409,2023-01-15,Europe,Mid Value,3,279.33,838.0,473.73,21.51,342.75
CUST-3424,ORD-3410,2023-08-06,North America,Mid Value,3,495.92,1487.76,946.9,60.36,480.51
CUST-5017,ORD-3411,2023-11-07,Africa,High Value,4,492.34,1969.38,962.06,32.21,975.11
CUST-9560,ORD-3412,2022-10-12,North America,High Value,2,171.58,343.17,221.73,58.08,63.36
CUST-9342,ORD-3413,2023-02-25,Asia,Mid Value,2,83.25,166.49,96.26,57.98,12.25
CUST-2134,ORD-3414,2022-04-23,North America,Mid Value,1,470.33,470.33,228.2,28.65,213.48
CUST-6166,ORD-3415,2022-08-16,Europe,High Value,1,448.89,448.89,277.39,75.07,96.44
CUST-6119,ORD-3416,2023-04-16,North America,High Value,3,315.7,947.09,574.93,43.07,329.08
CUST-6694,ORD-3417,2023-06-12,Europe,Mid Value,4,35.56,142.23,86.13,24.33,31.77
CUST-7136,ORD-3418,2023-05-11,Europe,Low Value,4,380.61,1522.46,972.39,55.53,494.53
CUST-6485,ORD-3419,2022-01-31,Africa,Low Value,1,97.21,97.21,48.15,61.31,-12.25
CUST-5164,ORD-3420,2022-06-11,Europe,Mid Value,1,472.65,472.65,295.11,76.3,101.24
CUST-3346,ORD-3421,2023-12-06,Asia,Low Value,4,228.86,915.44,615.02,10.5,289.93
CUST-6039,ORD-3422,2023-12-23,Asia,High Value,4,315.26,1261.02,734.64,45.5,480.88
CUST-5897,ORD-3423,2023-01-13,Europe,Low Value,3,154.92,464.76,265.61,41.78,157.37
CUST-9252,ORD-3424,2023-03-22,Europe,Mid Value,4,248.04,992.15,644.35,28.27,319.53
CUST-6041,ORD-3425,2023-03-03,North America,Low Value,2,382.23,764.45,371.95,62.59,329.91
CUST-4901,ORD-3426,2023-11-27,North America,Low Value,4,256.17,1024.67,548.42,19.57,456.68
CUST-2337,ORD-3427,2023-05-19,Africa,Low Value,5,426.65,2133.27,1415.31,29.58,688.38
CUST-2184,ORD-3428,2023-06-11,North America,High Value,4,362.25,1449.01,833.1,62.46,553.45
CUST-5426,ORD-3429,2023-12-22,Asia,High Value,1,57.13,57.13,37.71,40.8,-21.38
CUST-2551,ORD-3430,2023-11-15,North America,High Value,1,311.28,311.28,159.68,15.21,136.4
CUST-2629,ORD-3431,2023-06-16,Africa,Mid Value,5,314.05,1570.24,859.54,72.07,638.63
CUST-2526,ORD-3432,2023-08-05,Africa,Low Value,2,202.83,405.66,266.08,59.81,79.78
CUST-2361,ORD-3433,2023-06-04,Europe,High Value,4,174.91,699.63,343.43,47.21,308.99
CUST-5370,ORD-3434,2022-02-03,Africa,High Value,4,50.19,200.74,135.24,50.7,14.8
CUST-6283,ORD-3435,2023-11-22,Europe,Low Value,5,234.16,1170.78,617.54,51.95,501.28
CUST-8610,ORD-3436,2023-05-05,Asia,Mid Value,3,181.57,544.7,377.57,42.45,124.68
CUST-2993,ORD-3437,2023-09-12,Asia,Low Value,3,476.51,1429.53,939.1,60.86,429.57
CUST-1869,ORD-3438,2023-02-27,North America,Mid Value,2,343.6,687.21,387.51,58.65,241.04
CUST-2014,ORD-3439,2023-04-13,Africa,Low Value,4,240.83,963.32,612.25,5.21,345.86
CUST-1602,ORD-3440,2022-01-24,Asia,High Value,4,382.21,1528.86,900.21,13.29,615.35
CUST-1690,ORD-3441,2022-08-04,Europe,High Value,4,393.81,1575.24,1044.87,6.9,523.47
CUST-9685,ORD-3442,2022-02-24,Africa,High Value,1,250.62,250.62,145.24,17.67,87.71
CUST-1489,ORD-3443,2022-01-26,Africa,Mid Value,3,56.36,169.09,117.86,10.42,40.81
CUST-7864,ORD-3444,2022-10-08,Europe,Low Value,5,394.66,1973.32,953.86,19.53,999.93
CUST-8240,ORD-3445,2022-11-23,Africa,Mid Value,1,63.34,63.34,39.21,45.39,-21.26
CUST-8786,ORD-3446,2022-07-05,Africa,High Value,1,426.8,426.8,218.27,55.23,153.3
CUST-9024,ORD-3447,2023-05-10,Asia,Mid Value,3,180.4,541.19,269.41,73.89,197.89
CUST-1294,ORD-3448,2022-01-12,Europe,Mid Value,4,326.36,1305.42,720.68,60.45,524.3
CUST-6488,ORD-3449,2023-10-03,Asia,Mid Value,2,375.39,750.79,406.83,7.36,336.6
CUST-5027,ORD-3450,2023-03-10,Europe,Low Value,5,36.89,184.46,85.14,40.15,59.16
CUST-3912,ORD-3451,2022-07-27,North America,Mid Value,3,204.61,613.84,341.87,55.67,216.3
CUST-5744,ORD-3452,2022-05-13,Africa,Mid Value,2,309.99,619.98,426.53,28.63,164.81
CUST-2873,ORD-3453,2022-12-05,Africa,Mid Value,3,427.11,1281.33,726.15,32.67,522.51
CUST-4258,ORD-3454,2022-07-15,Asia,High Value,3,364.53,1093.59,574.63,65.21,453.75
CUST-3817,ORD-3455,2022-09-19,Africa,High Value,3,450.15,1350.44,928.12,8.53,413.8
CUST-9636,ORD-3456,2022-10-09,Africa,Low Value,3,59.71,179.12,103.25,45.47,30.4
CUST-4641,ORD-3457,2023-01-04,Asia,High Value,4,54.47,217.9,113.69,65.34,38.87
CUST-5458,ORD-3458,2022-04-13,Asia,Low Value,1,362.49,362.49,234.08,64.81,63.61
CUST-6307,ORD-3459,2023-09-24,Europe,High Value,3,211.29,633.88,320.68,14.04,299.16
CUST-9933,ORD-3460,2022-07-02,North America,Low Value,2,251.18,502.37,257.18,68.36,176.82
CUST-3041,ORD-3461,2023-02-27,Asia,Low Value,2,310.07,620.14,329.35,10.8,280.0
CUST-1679,ORD-3462,2022-01-09,Europe,Low Value,2,493.25,986.5,541.29,74.3,370.91
CUST-6738,ORD-3463,2023-07-11,Asia,High Value,1,52.24,52.24,31.12,21.22,-0.1
CUST-6668,ORD-3464,2022-09-01,Europe,Mid Value,1,72.27,72.27,41.83,13.64,16.8
CUST-8697,ORD-3465,2023-09-16,North America,High Value,2,418.07,836.14,531.73,10.55,293.86
CUST-9033,ORD-3466,2023-07-21,Europe,Mid Value,4,29.85,119.41,75.14,30.76,13.51
CUST-1062,ORD-3467,2023-01-28,Europe,High Value,1,236.22,236.22,108.99,31.14,96.09
CUST-8829,ORD-3468,2023-06-11,Africa,Mid Value,1,391.58,391.58,189.32,44.46,157.8
CUST-8352,ORD-3469,2022-02-06,Asia,High Value,4,113.73,454.92,229.19,59.97,165.76
CUST-7915,ORD-3470,2022-06-27,Europe,Low Value,3,109.76,329.29,197.38,43.23,88.68
CUST-9326,ORD-3471,2023-10-01,Asia,Low Value,1,168.92,168.92,113.82,78.42,-23.32
CUST-4644,ORD-3472,2023-09-21,Europe,Low Value,2,92.0,184.01,97.75,20.77,65.48
CUST-5970,ORD-3473,2022-03-13,Africa,Mid Value,2,345.71,691.41,477.72,20.79,192.9
CUST-9003,ORD-3474,2022-12-18,Africa,Mid Value,4,116.07,464.26,228.98,57.87,177.41
CUST-4278,ORD-3475,2023-09-15,North America,Low Value,2,128.89,257.78,175.6,28.56,53.62
CUST-8296,ORD-3476,2022-05-29,Europe,Mid Value,5,295.97,1479.84,962.27,17.87,499.7
CUST-4074,ORD-3477,2023-11-28,Africa,Low Value,2,484.32,968.65,530.1,64.43,374.11
CUST-9312,ORD-3478,2022-04-15,Asia,High Value,4,458.66,1834.65,920.22,21.97,892.47
CUST-8552,ORD-3479,2023-10-21,Europe,Mid Value,4,434.96,1739.83,953.12,61.17,725.54
CUST-2637,ORD-3480,2022-08-09,Europe,Mid Value,4,274.84,1099.37,553.46,20.5,525.41
CUST-6103,ORD-3481,2023-01-09,North America,High Value,5,162.92,814.6,480.85,75.46,258.3
CUST-1644,ORD-3482,2023-06-02,Asia,Mid Value,1,358.77,358.77,213.0,27.13,118.63
CUST-3032,ORD-3483,2022-09-17,North America,Mid Value,3,207.0,620.99,398.71,61.23,161.06
CUST-3761,ORD-3484,2022-10-26,Europe,Mid Value,2,393.4,786.79,457.89,68.11,260.8
CUST-3068,ORD-3485,2022-02-11,North America,High Value,1,27.77,27.77,14.89,14.2,-1.32
CUST-1241,ORD-3486,2023-05-07,Europe,Low Value,4,274.18,1096.72,743.46,10.1,343.15
CUST-3668,ORD-3487,2023-03-15,Europe,Low Value,1,181.93,181.93,85.42,49.88,46.64
CUST-1802,ORD-3488,2022-02-16,North America,High Value,1,139.54,139.54,91.01,51.51,-2.97
CUST-6059,ORD-3489,2022-03-26,North America,High Value,5,337.68,1688.41,932.67,51.71,704.04
CUST-1195,ORD-3490,2023-11-17,Europe,High Value,4,336.02,1344.08,665.69,39.21,639.18
CUST-3187,ORD-3491,2022-02-27,North America,Low Value,4,37.79,151.17,72.57,75.1,3.49
CUST-3330,ORD-3492,2023-12-12,North America,High Value,2,474.9,949.79,479.83,56.91,413.06
CUST-5841,ORD-3493,2022-07-28,Europe,Low Value,2,193.69,387.38,186.13,10.57,190.68
CUST-4606,ORD-3494,2022-09-05,Asia,High Value,2,460.36,920.71,519.96,63.88,336.88
CUST-9468,ORD-3495,2022-07-30,North America,Mid Value,2,300.19,600.37,322.65,25.66,252.06
CUST-1060,ORD-3496,2022-02-08,North America,Low Value,1,333.24,333.24,179.67,59.23,94.35
CUST-4927,ORD-3497,2022-09-09,Africa,Low Value,1,481.05,481.05,235.34,9.44,236.27
CUST-7296,ORD-3498,2023-10-05,Asia,High Value,2,414.65,829.31,509.97,62.5,256.84
CUST-3591,ORD-3499,2023-02-17,North America,Mid Value,2,87.22,174.43,105.0,45.71,23.73
CUST-9758,ORD-3500,2023-03-22,Europe,Low Value,2,22.51,45.01,31.31,59.06,-45.35
CUST-7121,ORD-3501,2022-02-21,Africa,High Value,3,168.12,504.37,248.1,42.07,214.19
CUST-2200,ORD-3502,2023-01-09,Africa,Mid Value,2,254.5,509.0,335.18,65.08,108.74
CUST-3854,ORD-3503,2023-06-10,Africa,Low Value,3,371.43,1114.3,510.87,76.03,527.4
CUST-8024,ORD-3504,2022-06-05,North America,High Value,2,337.3,674.61,315.94,60.69,297.98
CUST-7972,ORD-3505,2023-06-26,Europe,Mid Value,4,170.17,680.68,416.59,60.81,203.28
CUST-1136,ORD-3506,2022-03-31,Africa,Low Value,5,280.16,1400.79,772.7,21.25,606.84
CUST-2029,ORD-3507,2023-11-10,Asia,Low Value,1,332.45,332.45,168.76,31.59,132.1
CUST-3594,ORD-3508,2022-12-17,Africa,Mid Value,4,266.6,1066.4,480.62,14.38,571.41
CUST-8206,ORD-3509,2022-03-10,Africa,High Value,5,350.71,1753.54,1079.81,44.93,628.8
CUST-1661,ORD-3510,2022-06-12,Asia,High Value,3,252.9,758.71,425.04,38.49,295.18
CUST-3472,ORD-3511,2022-08-30,Africa,Mid Value,1,274.25,274.25,135.12,27.1,112.02
CUST-1086,ORD-3512,2023-05-10,Africa,Low Value,3,471.57,1414.72,980.48,10.19,424.05
CUST-7219,ORD-3513,2023-01-18,Asia,Mid Value,3,206.8,620.39,333.59,74.85,211.94
CUST-9143,ORD-3514,2022-02-21,North America,Mid Value,1,382.74,382.74,201.23,50.41,131.1
CUST-7968,ORD-3515,2023-10-16,Asia,Mid Value,5,180.64,903.22,521.68,29.37,352.17
CUST-3773,ORD-3516,2022-03-04,North America,Low Value,1,179.29,179.29,93.11,31.08,55.11
CUST-2700,ORD-3517,2023-05-24,North America,Mid Value,2,464.8,929.6,481.71,34.66,413.24
CUST-3700,ORD-3518,2022-10-19,North America,Mid Value,3,355.36,1066.09,737.28,65.87,262.94
CUST-7815,ORD-3519,2022-04-01,Asia,Low Value,2,465.9,931.8,480.14,20.78,430.87
CUST-2647,ORD-3520,2023-10-26,Asia,Low Value,1,497.4,497.4,299.12,69.24,129.04
CUST-7038,ORD-3521,2023-02-28,North America,Mid Value,1,20.1,20.1,9.23,28.35,-17.49
CUST-6164,ORD-3522,2023-10-31,Asia,High Value,5,491.91,2459.56,1201.71,70.33,1187.52
CUST-6520,ORD-3523,2022-12-31,North America,Mid Value,3,68.42,205.25,93.5,72.19,39.57
CUST-4687,ORD-3524,2022-05-30,Asia,Low Value,4,53.8,215.19,125.59,57.25,32.35
CUST-1596,ORD-3525,2022-09-28,Europe,Low Value,1,388.55,388.55,222.6,72.1,93.84
CUST-5545,ORD-3526,2023-08-04,Asia,Low Value,4,188.09,752.35,400.8,61.03,290.52
CUST-9676,ORD-3527,2022-04-26,Asia,High Value,3,460.55,1381.65,863.63,15.84,502.18
CUST-9837,ORD-3528,2023-12-05,Asia,Low Value,2,281.36,562.73,341.26,76.71,144.75
CUST-5757,ORD-3529,2023-05-31,North America,High Value,3,205.33,616.0,369.65,19.26,227.09
CUST-5384,ORD-3530,2023-08-10,North America,Low Value,5,55.25,276.25,147.54,42.1,86.62
CUST-9912,ORD-3531,2022-08-29,Europe,Low Value,4,243.03,972.1,516.95,33.76,421.39
CUST-5733,ORD-3532,2022-01-30,Europe,Mid Value,4,153.39,613.56,410.08,31.11,172.37
CUST-8081,ORD-3533,2022-05-23,Africa,High Value,2,56.77,113.55,66.54,63.77,-16.76
CUST-9690,ORD-3534,2022-11-22,Europe,Mid Value,2,341.79,683.57,354.13,26.82,302.62
CUST-8117,ORD-3535,2023-11-26,North America,High Value,1,489.12,489.12,286.53,45.33,157.27
CUST-5729,ORD-3536,2022-01-16,Europe,Low Value,3,201.88,605.64,312.93,30.25,262.46
CUST-2673,ORD-3537,2022-04-21,Europe,Low Value,5,162.69,813.44,403.73,72.01,337.7
CUST-9306,ORD-3538,2023-12-14,Asia,High Value,1,63.18,63.18,32.89,16.63,13.66
CUST-8178,ORD-3539,2022-04-17,Europe,Mid Value,3,127.11,381.33,231.55,18.16,131.62
CUST-3294,ORD-3540,2023-01-14,Africa,High Value,2,156.79,313.57,181.55,13.34,118.69
CUST-4630,ORD-3541,2022-06-11,Asia,High Value,5,185.2,926.02,454.79,61.83,409.39
CUST-1146,ORD-3542,2022-10-10,North America,High Value,2,324.3,648.61,439.09,17.11,192.4
CUST-4453,ORD-3543,2022-09-26,Africa,Low Value,2,75.14,150.28,86.35,44.98,18.95
CUST-5507,ORD-3544,2023-04-29,North America,High Value,4,48.04,192.17,124.61,62.51,5.05
CUST-6783,ORD-3545,2023-10-29,Africa,Low Value,3,466.68,1400.04,745.76,13.66,640.61
CUST-8751,ORD-3546,2022-03-14,Asia,Mid Value,1,403.61,403.61,278.25,74.79,50.58
CUST-6628,ORD-3547,2022-07-16,Africa,Low Value,4,153.55,614.19,391.87,26.3,196.02
CUST-9328,ORD-3548,2022-08-31,Africa,Mid Value,3,326.62,979.86,552.28,64.42,363.16
CUST-4360,ORD-3549,2023-08-21,Europe,Mid Value,3,304.4,913.19,616.93,64.52,231.75
CUST-4005,ORD-3550,2022-09-16,North America,Mid Value,3,376.65,1129.94,711.14,31.13,387.67
CUST-4552,ORD-3551,2022-05-29,Asia,Low Value,5,432.46,2162.31,1205.77,46.29,910.24
CUST-1018,ORD-3552,2023-01-25,Africa,High Value,4,191.72,766.88,531.86,52.31,182.71
CUST-3242,ORD-3553,2023-02-20,North America,Low Value,1,337.2,337.2,176.91,36.17,124.13
CUST-7318,ORD-3554,2023-03-02,North America,Mid Value,4,404.98,1619.92,832.87,31.84,755.21
CUST-6097,ORD-3555,2023-12-03,Europe,High Value,2,355.66,711.32,479.19,68.91,163.22
CUST-9640,ORD-3556,2022-08-05,North America,Low Value,3,462.63,1387.88,869.98,20.14,497.75
CUST-2948,ORD-3557,2022-03-27,Asia,Mid Value,2,257.45,514.9,276.18,64.62,174.1
CUST-6618,ORD-3558,2022-08-04,Europe,Mid Value,4,405.27,1621.07,823.42,20.28,777.37
CUST-5236,ORD-3559,2023-02-27,Africa,High Value,1,456.68,456.68,225.83,57.51,173.34
CUST-7901,ORD-3560,2022-11-16,Asia,Low Value,2,287.39,574.77,303.69,26.57,244.5
CUST-2920,ORD-3561,2022-04-28,Asia,High Value,2,28.3,56.6,27.25,74.55,-45.2
CUST-5188,ORD-3562,2023-02-19,Asia,High Value,5,412.64,2063.22,1003.42,50.4,1009.4
CUST-1238,ORD-3563,2023-08-22,Europe,High Value,4,426.1,1704.39,1097.89,45.01,561.48
CUST-1204,ORD-3564,2022-02-09,North America,High Value,2,211.93,423.86,197.49,27.14,199.23
CUST-6552,ORD-3565,2022-06-10,Asia,Low Value,4,129.96,519.83,291.01,43.15,185.67
CUST-5927,ORD-3566,2023-12-04,North America,High Value,1,489.51,489.51,269.84,9.94,209.73
CUST-5390,ORD-3567,2023-06-21,North America,Mid Value,2,284.78,569.56,393.02,15.75,160.78
CUST-3687,ORD-3568,2023-02-24,Asia,Mid Value,1,267.77,267.77,151.66,27.13,88.98
CUST-5951,ORD-3569,2023-10-26,North America,Mid Value,2,474.12,948.23,464.84,76.19,407.2
CUST-7160,ORD-3570,2022-04-05,Europe,High Value,3,215.89,647.66,305.76,40.09,301.81
CUST-6388,ORD-3571,2023-03-18,Europe,Mid Value,5,427.11,2135.53,1352.02,35.03,748.47
CUST-6126,ORD-3572,2023-07-12,Africa,Low Value,5,356.31,1781.56,867.5,62.94,851.12
CUST-1816,ORD-3573,2023-10-12,North America,High Value,5,484.5,2422.52,1658.2,57.03,707.29
CUST-1192,ORD-3574,2023-04-11,North America,High Value,1,225.75,225.75,133.15,54.8,37.81
CUST-2776,ORD-3575,2022-10-15,Africa,High Value,4,455.66,1822.64,1003.23,50.43,768.99
CUST-4645,ORD-3576,2023-11-07,Europe,Low Value,5,293.06,1465.31,910.08,14.75,540.48
CUST-7314,ORD-3577,2023-02-16,Africa,High Value,2,248.42,496.84,248.29,34.29,214.26
CUST-9442,ORD-3578,2023-02-04,Africa,High Value,2,166.72,333.44,181.91,72.59,78.94
CUST-2788,ORD-3579,2023-06-12,Africa,Mid Value,3,285.3,855.89,392.3,76.98,386.61
CUST-8374,ORD-3580,2022-01-18,North America,Mid Value,1,294.82,294.82,197.36,37.45,60.01
CUST-4700,ORD-3581,2022-05-16,North America,High Value,2,451.23,902.46,502.05,5.08,395.33
CUST-4893,ORD-3582,2023-04-09,North America,Low Value,2,357.95,715.9,457.97,42.45,215.48
CUST-7811,ORD-3583,2022-09-05,North America,Mid Value,3,416.71,1250.12,849.1,22.04,378.98
CUST-3679,ORD-3584,2023-12-11,Asia,High Value,3,389.18,1167.55,715.94,19.11,432.5
CUST-4904,ORD-3585,2022-01-01,Africa,Mid Value,4,152.79,611.16,332.43,26.28,252.44
CUST-8260,ORD-3586,2023-12-03,Africa,Mid Value,4,118.78,475.13,287.4,14.2,173.54
CUST-1504,ORD-3587,2023-01-16,North America,Low Value,4,144.07,576.28,311.24,8.44,256.6
CUST-7773,ORD-3588,2023-05-24,Europe,High Value,2,90.36,180.72,106.95,38.35,35.41
CUST-4816,ORD-3589,2023-04-05,Asia,Mid Value,3,205.26,615.79,343.63,24.69,247.46
CUST-1717,ORD-3590,2023-05-20,Asia,High Value,1,333.87,333.87,162.75,24.21,146.91
CUST-5434,ORD-3591,2023-04-21,Europe,Low Value,4,277.75,1111.0,716.62,21.62,372.76
CUST-1658,ORD-3592,2023-07-11,North America,Low Value,5,346.02,1730.11,993.27,42.25,694.6
CUST-6057,ORD-3593,2022-02-01,Asia,Mid Value,2,190.93,381.85,189.99,59.99,131.88
CUST-5008,ORD-3594,2022-04-28,Asia,Low Value,1,118.53,118.53,79.77,54.27,-15.5
CUST-5994,ORD-3595,2022-07-03,Africa,Mid Value,2,117.32,234.65,155.64,78.2,0.81
CUST-5234,ORD-3596,2022-07-10,Africa,High Value,4,308.41,1233.66,727.5,73.55,432.61
CUST-4764,ORD-3597,2023-12-29,North America,Mid Value,2,98.86,197.72,136.94,36.3,24.48
CUST-5637,ORD-3598,2022-03-15,North America,Mid Value,4,210.64,842.56,574.45,65.97,202.14
CUST-3104,ORD-3599,2023-09-15,Africa,Low Value,2,122.16,244.32,164.73,18.84,60.75
CUST-7801,ORD-3600,2022-04-13,Africa,High Value,4,338.12,1352.5,653.69,20.92,677.88
CUST-9575,ORD-3601,2023-08-09,Africa,High Value,3,315.4,946.21,495.49,57.57,393.15
CUST-3607,ORD-3602,2023-02-24,Europe,Mid Value,3,202.94,608.82,336.4,21.25,251.16
CUST-9385,ORD-3603,2023-04-18,Asia,High Value,3,81.78,245.35,161.44,38.84,45.08
CUST-4719,ORD-3604,2022-04-24,North America,High Value,3,121.67,365.02,243.76,29.15,92.1
CUST-3581,ORD-3605,2023-01-14,North America,Mid Value,3,246.66,739.98,472.01,22.45,245.52
CUST-3565,ORD-3606,2022-11-09,Europe,Mid Value,5,486.6,2433.0,1382.19,16.58,1034.23
CUST-3763,ORD-3607,2022-11-26,Africa,High Value,2,149.97,299.94,147.12,50.89,101.94
CUST-7328,ORD-3608,2022-12-05,Asia,Mid Value,3,111.77,335.31,153.84,9.21,172.26
CUST-6991,ORD-3609,2022-08-26,Africa,Low Value,5,125.93,629.64,393.42,57.69,178.53
CUST-4406,ORD-3610,2022-06-22,North America,High Value,5,359.91,1799.53,1257.04,72.1,470.39
CUST-9923,ORD-3611,2022-03-20,Europe,Mid Value,2,459.05,918.1,492.44,30.76,394.9
CUST-5780,ORD-3612,2023-04-09,Asia,High Value,2,56.08,112.16,66.42,35.99,9.75
CUST-5177,ORD-3613,2023-08-28,Asia,High Value,4,379.66,1518.63,991.13,49.29,478.21
CUST-7476,ORD-3614,2023-05-16,Asia,Low Value,4,257.41,1029.64,511.34,54.97,463.33
CUST-3604,ORD-3615,2023-07-16,Asia,Low Value,3,416.09,1248.27,820.6,45.86,381.81
CUST-9181,ORD-3616,2022-10-12,Europe,High Value,1,222.32,222.32,134.8,56.78,30.74
CUST-3382,ORD-3617,2022-08-11,North America,Low Value,4,22.5,90.02,53.33,65.64,-28.96
CUST-1531,ORD-3618,2023-08-16,Asia,Mid Value,1,347.74,347.74,222.75,79.25,45.74
CUST-7079,ORD-3619,2022-09-23,Asia,High Value,4,407.83,1631.31,832.35,34.46,764.5
CUST-1634,ORD-3620,2023-10-29,North America,Low Value,5,452.97,2264.85,1367.28,48.85,848.72
CUST-1002,ORD-3621,2023-01-08,Africa,High Value,5,293.14,1465.72,747.66,33.21,684.85
CUST-9397,ORD-3622,2022-08-21,Asia,High Value,5,78.58,392.92,194.45,22.84,175.62
CUST-6951,ORD-3623,2022-08-24,Asia,Mid Value,1,197.52,197.52,119.67,79.82,-1.96
CUST-6626,ORD-3624,2023-11-02,Africa,Mid Value,3,396.44,1189.32,615.26,6.04,568.02
CUST-8739,ORD-3625,2022-11-10,North America,Mid Value,4,257.32,1029.27,647.0,9.85,372.42
CUST-7003,ORD-3626,2023-01-15,North America,Low Value,4,355.64,1422.55,823.12,48.73,550.7
CUST-3890,ORD-3627,2023-09-06,Asia,Low Value,1,22.25,22.25,13.88,58.24,-49.87
CUST-7239,ORD-3628,2023-07-17,North America,Low Value,5,55.04,275.21,185.19,59.66,30.36
CUST-9026,ORD-3629,2023-02-24,Africa,Mid Value,3,346.96,1040.88,504.37,57.75,478.76
CUST-4306,ORD-3630,2022-02-21,Europe,High Value,4,159.3,637.19,297.37,64.15,275.68
CUST-1897,ORD-3631,2023-12-22,Africa,Mid Value,3,206.33,618.99,340.43,60.85,217.71
CUST-1670,ORD-3632,2023-10-05,Africa,Low Value,3,328.22,984.67,619.53,45.95,319.19
CUST-8291,ORD-3633,2023-05-24,Europe,Low Value,2,73.77,147.53,99.07,40.26,8.2
CUST-2505,ORD-3634,2022-07-24,Africa,Low Value,3,419.7,1259.1,577.55,59.02,622.53
CUST-7460,ORD-3635,2022-09-14,Asia,Mid Value,2,89.33,178.66,115.81,59.92,2.92
CUST-6167,ORD-3636,2022-07-04,Asia,Low Value,1,371.98,371.98,174.4,29.94,167.63
CUST-6255,ORD-3637,2022-05-25,North America,Mid Value,5,160.52,802.6,477.66,5.22,319.72
CUST-1249,ORD-3638,2023-11-21,North America,High Value,2,144.79,289.57,155.22,28.57,105.78
CUST-7457,ORD-3639,2022-01-14,Africa,Mid Value,3,414.21,1242.62,564.66,45.11,632.85
CUST-2892,ORD-3640,2022-09-03,Asia,Low Value,5,285.06,1425.28,675.97,44.46,704.85
CUST-4439,ORD-3641,2022-07-06,Asia,High Value,3,118.64,355.92,191.64,33.49,130.79
CUST-3854,ORD-3642,2022-12-03,Europe,Low Value,3,21.22,63.67,43.83,74.92,-55.09
CUST-4792,ORD-3643,2022-09-16,North America,High Value,2,487.06,974.11,476.06,40.73,457.33
CUST-6330,ORD-3644,2022-02-09,Asia,Low Value,1,227.07,227.07,117.62,15.43,94.02
CUST-8871,ORD-3645,2023-08-24,Africa,Mid Value,3,210.76,632.29,441.67,19.52,171.1
CUST-9235,ORD-3646,2023-09-29,Asia,Low Value,2,44.15,88.3,50.35,12.09,25.86
CUST-4612,ORD-3647,2023-02-22,North America,Mid Value,3,449.31,1347.94,694.95,25.12,627.87
CUST-3618,ORD-3648,2022-12-17,Africa,Mid Value,5,87.48,437.41,264.19,27.85,145.37
CUST-5678,ORD-3649,2022-01-09,North America,High Value,1,181.02,181.02,101.19,30.06,49.77
CUST-4163,ORD-3650,2022-12-16,Asia,Mid Value,3,222.13,666.39,442.87,67.71,155.81
CUST-3942,ORD-3651,2022-03-25,Asia,Mid Value,1,408.85,408.85,184.8,62.41,161.64
CUST-9411,ORD-3652,2023-06-17,Asia,Mid Value,1,192.54,192.54,134.63,42.21,15.71
CUST-2925,ORD-3653,2022-12-24,North America,High Value,5,275.1,1375.51,641.78,38.33,695.4
CUST-3972,ORD-3654,2023-01-13,Africa,Low Value,5,225.79,1128.96,659.63,33.36,435.97
CUST-1990,ORD-3655,2022-06-21,Asia,Low Value,4,169.69,678.74,423.77,6.02,248.95
CUST-2812,ORD-3656,2022-01-25,Asia,Mid Value,1,474.23,474.23,278.59,73.98,121.66
CUST-9995,ORD-3657,2023-01-28,Asia,Mid Value,3,402.5,1207.5,634.17,26.86,546.47
CUST-1489,ORD-3658,2022-04-13,Europe,Low Value,5,103.69,518.45,344.18,68.14,106.13
CUST-6876,ORD-3659,2023-12-03,Europe,Mid Value,3,286.26,858.78,478.86,60.56,319.36
CUST-4645,ORD-3660,2022-08-24,Africa,Low Value,1,402.35,402.35,211.3,13.58,177.46
CUST-8081,ORD-3661,2023-02-14,North America,High Value,5,298.3,1491.5,957.66,28.49,505.34
CUST-3891,ORD-3662,2023-07-03,Asia,Mid Value,4,257.01,1028.06,500.11,41.35,486.59
CUST-4516,ORD-3663,2022-11-28,Asia,Mid Value,1,54.59,54.59,27.36,24.66,2.56
CUST-4340,ORD-3664,2023-10-26,North America,Low Value,3,70.91,212.74,109.17,35.16,68.4
CUST-7410,ORD-3665,2023-06-16,North America,Low Value,4,137.71,550.86,307.78,26.18,216.9
CUST-1053,ORD-3666,2023-10-11,Africa,High Value,1,266.43,266.43,121.25,52.68,92.5
CUST-3575,ORD-3667,2022-01-29,North America,Mid Value,5,493.9,2469.51,1723.58,32.05,713.88
CUST-1615,ORD-3668,2023-06-27,Asia,Low Value,1,405.09,405.09,243.07,30.97,131.05
CUST-6944,ORD-3669,2022-01-19,Africa,High Value,2,72.82,145.65,100.89,25.37,19.39
CUST-8404,ORD-3670,2022-05-28,Europe,Low Value,3,364.28,1092.85,712.39,65.11,315.35
CUST-1954,ORD-3671,2023-04-16,Africa,Low Value,5,409.03,2045.13,988.98,53.45,1002.71
CUST-2629,ORD-3672,2023-05-06,Africa,High Value,5,218.85,1094.23,549.6,59.07,485.56
CUST-7859,ORD-3673,2022-10-10,Africa,High Value,2,178.47,356.94,163.7,34.54,158.7
CUST-9841,ORD-3674,2023-11-06,North America,High Value,4,300.62,1202.46,791.76,67.96,342.74
CUST-4278,ORD-3675,2022-04-23,Asia,High Value,5,269.19,1345.97,805.38,36.23,504.36
CUST-6455,ORD-3676,2023-03-31,North America,High Value,4,147.3,589.21,296.82,18.24,274.15
CUST-4801,ORD-3677,2023-10-24,Asia,High Value,4,210.74,842.97,583.77,43.3,215.89
CUST-3561,ORD-3678,2022-11-26,North America,Mid Value,4,281.33,1125.32,713.66,38.37,373.29
CUST-7539,ORD-3679,2022-09-12,Africa,High Value,1,298.36,298.36,186.89,11.88,99.59
CUST-1370,ORD-3680,2023-08-22,Asia,Mid Value,2,275.24,550.48,284.46,54.7,211.32
CUST-1857,ORD-3681,2023-02-03,North America,Low Value,3,426.13,1278.39,675.43,65.9,537.06
CUST-5886,ORD-3682,2023-09-02,Africa,Low Value,2,35.24,70.48,43.48,31.71,-4.72
CUST-8485,ORD-3683,2023-05-23,Europe,High Value,5,179.83,899.16,538.05,61.94,299.17
CUST-1383,ORD-3684,2023-10-06,North America,Low Value,2,379.92,759.84,464.89,48.94,246.02
CUST-5334,ORD-3685,2023-04-11,North America,High Value,3,332.86,998.57,668.75,25.47,304.35
CUST-5290,ORD-3686,2023-02-11,Europe,High Value,1,460.77,460.77,225.82,30.8,204.15
CUST-3725,ORD-3687,2023-09-01,North America,Mid Value,5,302.25,1511.25,724.01,75.96,711.28
CUST-7204,ORD-3688,2022-04-08,Europe,Low Value,1,326.31,326.31,192.9,21.18,112.23
CUST-7111,ORD-3689,2022-10-17,Asia,High Value,5,358.37,1791.87,1030.4,16.39,745.08
CUST-5251,ORD-3690,2023-10-19,Europe,Low Value,3,109.38,328.13,180.71,10.68,136.75
CUST-1922,ORD-3691,2022-06-05,Africa,Mid Value,1,381.56,381.56,258.0,70.67,52.89
CUST-3915,ORD-3692,2022-06-11,Europe,Low Value,3,163.95,491.84,289.99,55.41,146.44
CUST-8957,ORD-3693,2023-09-16,Asia,Mid Value,3,223.76,671.28,397.27,13.75,260.26
CUST-4046,ORD-3694,2023-11-28,Europe,Mid Value,2,26.72,53.45,28.95,62.42,-37.92
CUST-2230,ORD-3695,2023-12-18,Europe,Mid Value,5,424.91,2124.56,1138.8,52.21,933.55
CUST-8647,ORD-3696,2022-04-07,Asia,High Value,4,477.68,1910.71,1331.57,78.97,500.17
CUST-5933,ORD-3697,2023-01-12,North America,High Value,4,48.89,195.57,118.47,43.36,33.74
CUST-4940,ORD-3698,2023-07-21,North America,Low Value,1,324.9,324.9,213.22,43.73,67.94
CUST-7483,ORD-3699,2023-03-26,Africa,High Value,3,481.17,1443.52,811.06,23.7,608.76
CUST-1203,ORD-3700,2022-04-27,Africa,High Value,2,311.31,622.62,310.04,19.32,293.26
CUST-1160,ORD-3701,2023-08-28,Europe,Low Value,5,403.02,2015.08,1070.43,60.01,884.63
CUST-9960,ORD-3702,2023-12-17,North America,Mid Value,1,76.7,76.7,41.15,32.95,2.6
CUST-4748,ORD-3703,2023-05-21,North America,Mid Value,3,137.53,412.58,243.93,59.33,109.32
CUST-7718,ORD-3704,2022-07-08,Europe,Low Value,4,185.95,743.81,363.47,63.08,317.26
CUST-3581,ORD-3705,2023-04-21,Asia,High Value,4,490.96,1963.84,1073.74,72.75,817.35
CUST-2093,ORD-3706,2022-11-19,North America,Low Value,5,395.25,1976.27,939.01,37.06,1000.2
CUST-5500,ORD-3707,2023-08-19,Africa,Low Value,5,445.12,2225.59,1277.78,12.19,935.62
CUST-9799,ORD-3708,2022-06-29,Europe,High Value,5,253.8,1268.98,871.61,6.63,390.75
CUST-6710,ORD-3709,2022-06-30,Asia,Low Value,1,364.07,364.07,194.68,26.89,142.5
CUST-3875,ORD-3710,2023-11-24,Africa,High Value,5,371.15,1855.76,858.15,74.94,922.67
CUST-4191,ORD-3711,2022-10-14,North America,High Value,1,293.08,293.08,176.49,61.08,55.51
CUST-2837,ORD-3712,2023-04-20,Asia,Low Value,2,441.43,882.85,537.38,46.94,298.54
CUST-1689,ORD-3713,2023-09-10,Africa,Mid Value,3,95.96,287.88,164.06,22.97,100.85
CUST-4759,ORD-3714,2023-10-03,Europe,High Value,4,47.61,190.44,104.59,58.46,27.38
CUST-3103,ORD-3715,2022-09-19,Asia,Mid Value,1,165.95,165.95,111.71,60.56,-6.33
CUST-1365,ORD-3716,2023-06-07,Asia,High Value,3,62.37,187.11,128.1,22.28,36.73
CUST-9092,ORD-3717,2022-06-11,Europe,Mid Value,5,48.95,244.76,151.33,58.11,35.32
CUST-5172,ORD-3718,2023-05-02,North America,Low Value,4,221.16,884.65,508.95,14.02,361.69
CUST-7033,ORD-3719,2022-06-30,North America,High Value,1,116.24,116.24,54.27,12.63,49.34
CUST-3378,ORD-3720,2023-12-26,Asia,Low Value,5,399.27,1996.35,1048.6,9.14,938.61
CUST-2205,ORD-3721,2023-04-14,Asia,Low Value,3,298.3,894.89,466.48,65.76,362.64
CUST-5988,ORD-3722,2022-01-21,Asia,Low Value,2,193.08,386.17,179.4,25.3,181.47
CUST-6669,ORD-3723,2022-10-02,Africa,High Value,3,157.54,472.62,312.33,50.31,109.98
CUST-3735,ORD-3724,2022-09-17,Asia,Low Value,1,290.31,290.31,193.57,15.84,80.9
CUST-9490,ORD-3725,2022-11-29,North America,Low Value,2,228.32,456.64,309.65,38.18,108.81
CUST-1956,ORD-3726,2023-04-11,Europe,High Value,2,46.75,93.51,59.42,7.08,27.01
CUST-7623,ORD-3727,2022-04-26,Europe,Low Value,5,339.29,1696.46,1064.75,69.5,562.22
CUST-2474,ORD-3728,2023-02-17,Europe,High Value,3,259.88,779.65,443.98,45.48,290.19
CUST-5460,ORD-3729,2023-06-21,Asia,Low Value,1,152.91,152.91,101.59,71.79,-20.46
CUST-8002,ORD-3730,2023-12-24,Asia,Mid Value,2,159.4,318.8,184.12,40.08,94.6
CUST-7396,ORD-3731,2022-09-14,Europe,Low Value,5,237.34,1186.68,542.8,28.72,615.16
CUST-3828,ORD-3732,2022-06-17,Africa,Mid Value,2,417.24,834.49,497.55,35.06,301.88
CUST-3850,ORD-3733,2023-06-17,Africa,High Value,3,223.06,669.19,366.46,23.29,279.44
CUST-3964,ORD-3734,2023-08-21,Africa,Mid Value,4,423.0,1692.0,981.91,71.42,638.67
CUST-5594,ORD-3735,2022-01-15,Africa,High Value,1,223.93,223.93,125.44,27.17,71.32
CUST-7644,ORD-3736,2022-02-19,North America,Low Value,4,418.36,1673.43,960.88,26.92,685.63
CUST-3850,ORD-3737,2022-10-31,Europe,Mid Value,3,467.13,1401.4,668.67,52.37,680.36
CUST-1165,ORD-3738,2023-05-02,North America,Low Value,4,29.88,119.5,54.21,14.2,51.09
CUST-1919,ORD-3739,2023-02-20,Asia,Mid Value,3,49.88,149.64,80.06,21.44,48.14
CUST-9305,ORD-3740,2022-11-01,Africa,High Value,3,84.33,252.99,129.94,37.24,85.8
CUST-4504,ORD-3741,2022-07-15,Africa,High Value,5,78.62,393.09,201.46,18.7,172.93
CUST-1991,ORD-3742,2023-01-23,Europe,High Value,4,238.15,952.6,651.84,24.3,276.46
CUST-7047,ORD-3743,2023-03-31,Africa,High Value,2,386.74,773.47,506.43,57.49,209.55
CUST-4839,ORD-3744,2023-12-14,Europe,Low Value,3,481.44,1444.31,654.77,25.99,763.56
CUST-2258,ORD-3745,2023-12-06,Asia,Low Value,4,220.53,882.14,398.89,52.79,430.46
CUST-8609,ORD-3746,2023-10-20,Africa,Low Value,2,350.47,700.94,451.56,42.08,207.3
CUST-9706,ORD-3747,2022-11-06,Africa,Low Value,1,325.04,325.04,226.3,62.57,36.17
CUST-5804,ORD-3748,2022-05-07,North America,Low Value,2,208.73,417.46,236.41,61.3,119.75
CUST-1067,ORD-3749,2022-06-24,Europe,High Value,4,366.14,1464.56,817.64,19.82,627.1
CUST-6660,ORD-3750,2022-05-14,Europe,Low Value,4,304.14,1216.55,631.33,75.74,509.47
CUST-5478,ORD-3751,2022-03-07,Africa,Low Value,2,384.77,769.54,474.54,65.17,229.83
CUST-9210,ORD-3752,2023-01-28,North America,Low Value,2,112.95,225.9,128.29,44.95,52.66
CUST-4521,ORD-3753,2022-12-31,Africa,High Value,3,192.93,578.79,284.7,46.98,247.11
CUST-1572,ORD-3754,2022-10-06,Europe,High Value,4,342.19,1368.75,780.66,67.16,520.93
CUST-8082,ORD-3755,2022-12-29,Europe,High Value,3,79.91,239.72,130.43,41.31,67.98
CUST-8832,ORD-3756,2022-06-20,Africa,High Value,3,389.79,1169.37,786.35,40.89,342.14
CUST-6395,ORD-3757,2022-02-20,Asia,Low Value,1,84.05,84.05,54.04,52.26,-22.25
CUST-3258,ORD-3758,2022-11-24,Africa,Low Value,4,175.74,702.95,439.56,11.62,251.76
CUST-7039,ORD-3759,2023-10-27,North America,Mid Value,3,134.01,402.04,213.8,48.66,139.58
CUST-1650,ORD-3760,2023-08-15,Europe,Low Value,1,49.27,49.27,23.89,21.79,3.59
CUST-6741,ORD-3761,2022-05-25,Europe,High Value,3,149.92,449.75,299.61,13.75,136.39
CUST-7838,ORD-3762,2022-10-01,Africa,High Value,3,457.53,1372.58,735.27,66.16,571.15
CUST-3587,ORD-3763,2022-06-04,Asia,Low Value,4,32.93,131.7,78.79,33.64,19.28
CUST-8876,ORD-3764,2023-05-23,Europe,Mid Value,2,28.08,56.16,33.56,42.71,-20.12
CUST-4262,ORD-3765,2022-12-29,Africa,High Value,2,358.05,716.1,488.39,27.01,200.7
CUST-2338,ORD-3766,2022-11-21,Asia,Mid Value,4,196.1,784.39,386.65,7.32,390.42
CUST-5996,ORD-3767,2023-10-17,Africa,High Value,2,130.28,260.55,167.51,38.18,54.86
CUST-6780,ORD-3768,2022-10-25,Africa,High Value,5,264.26,1321.29,747.39,61.27,512.64
CUST-3827,ORD-3769,2023-05-09,Africa,Low Value,2,148.0,296.01,146.14,61.87,88.0
CUST-6232,ORD-3770,2023-06-30,Europe,High Value,3,208.17,624.51,411.49,74.15,138.86
CUST-3217,ORD-3771,2022-10-31,Asia,Mid Value,3,363.36,1090.08,714.04,68.03,308.01
CUST-4539,ORD-3772,2023-04-12,North America,Mid Value,1,76.12,76.12,35.02,78.68,-37.58
CUST-8845,ORD-3773,2022-08-27,North America,Low Value,4,480.63,1922.54,1206.12,47.87,668.54
CUST-5383,ORD-3774,2023-10-12,Europe,High Value,1,40.41,40.41,19.74,8.82,11.86
CUST-3961,ORD-3775,2023-06-01,Europe,Mid Value,3,407.14,1221.41,736.01,69.75,415.65
CUST-4226,ORD-3776,2022-06-25,Africa,Low Value,3,367.8,1103.41,674.13,76.4,352.88
CUST-7837,ORD-3777,2023-02-14,Africa,Mid Value,1,155.4,155.4,95.78,39.81,19.81
CUST-8031,ORD-3778,2023-12-27,Asia,Low Value,5,76.79,383.97,184.32,13.55,186.11
CUST-4716,ORD-3779,2022-12-30,Africa,Mid Value,2,429.14,858.28,514.61,6.85,336.83
CUST-4414,ORD-3780,2022-01-23,Asia,High Value,5,346.21,1731.07,822.2,51.01,857.86
CUST-2448,ORD-3781,2022-11-14,Africa,Mid Value,5,159.62,798.11,507.91,55.07,235.13
CUST-1570,ORD-3782,2023-06-09,Africa,Mid Value,5,28.13,140.63,65.52,6.22,68.89
CUST-3904,ORD-3783,2022-10-03,North America,Low Value,5,470.48,2352.38,1504.23,76.19,771.95
CUST-3505,ORD-3784,2023-08-27,Europe,Low Value,2,214.04,428.08,287.19,45.67,95.23
CUST-1917,ORD-3785,2023-09-12,Asia,Low Value,4,104.61,418.43,219.52,50.92,147.99
CUST-7982,ORD-3786,2022-08-17,North America,Mid Value,1,457.68,457.68,295.01,47.31,115.36
CUST-8427,ORD-3787,2023-10-26,Africa,Low Value,5,192.33,961.65,533.12,28.77,399.76
CUST-7336,ORD-3788,2022-04-18,North America,High Value,5,242.36,1211.8,786.98,72.54,352.28
CUST-2678,ORD-3789,2022-06-25,Asia,Low Value,1,355.34,355.34,220.86,5.29,129.19
CUST-1615,ORD-3790,2022-11-16,Europe,Low Value,1,413.32,413.32,215.87,61.04,136.41
CUST-8086,ORD-3791,2022-10-13,North America,High Value,4,68.09,272.34,135.74,32.06,104.53
CUST-5749,ORD-3792,2022-11-25,Asia,Low Value,3,451.36,1354.09,919.0,19.27,415.82
CUST-4505,ORD-3793,2023-10-19,Africa,Low Value,4,467.62,1870.48,1234.04,37.71,598.73
CUST-5529,ORD-3794,2022-12-22,North America,Mid Value,3,144.45,433.35,266.5,19.85,147.0
CUST-2135,ORD-3795,2022-01-14,Europe,Mid Value,2,258.75,517.49,278.07,70.16,169.26
CUST-9566,ORD-3796,2022-10-02,Asia,Low Value,4,431.78,1727.12,997.61,64.67,664.84
CUST-8226,ORD-3797,2022-03-12,Europe,High Value,2,253.93,507.85,299.36,69.27,139.22
CUST-6162,ORD-3798,2022-07-14,Africa,Low Value,1,251.35,251.35,118.51,67.69,65.14
CUST-1206,ORD-3799,2023-06-07,Europe,Low Value,4,316.89,1267.56,878.5,66.86,322.21
CUST-5875,ORD-3800,2022-04-16,Africa,Low Value,1,388.37,388.37,183.68,48.61,156.08
CUST-2319,ORD-3801,2022-07-15,Africa,Mid Value,5,339.5,1697.48,1070.13,72.65,554.71
CUST-2141,ORD-3802,2022-05-25,North America,High Value,1,320.75,320.75,183.86,9.44,127.46
CUST-5627,ORD-3803,2022-12-16,Africa,High Value,5,198.4,992.01,634.86,26.44,330.71
CUST-8389,ORD-3804,2023-02-28,Europe,High Value,3,322.44,967.31,498.39,20.94,447.98
CUST-3690,ORD-3805,2023-04-16,North America,Mid Value,5,69.57,347.85,190.89,14.08,142.88
CUST-8323,ORD-3806,2023-11-17,Africa,Mid Value,3,216.59,649.76,377.76,5.48,266.53
CUST-4255,ORD-3807,2022-08-04,Asia,Low Value,5,110.41,552.04,265.08,35.2,251.76
CUST-9281,ORD-3808,2022-04-03,Asia,Mid Value,5,278.03,1390.16,921.62,59.3,409.24
CUST-6213,ORD-3809,2022-09-17,Africa,Low Value,2,145.78,291.56,203.48,53.37,34.72
CUST-5108,ORD-3810,2023-07-29,North America,Mid Value,2,262.85,525.7,291.45,53.83,180.42
CUST-4020,ORD-3811,2023-06-25,North America,Low Value,1,393.12,393.12,213.94,71.61,107.57
CUST-2857,ORD-3812,2022-10-12,North America,Mid Value,2,228.32,456.63,273.3,76.8,106.53
CUST-9996,ORD-3813,2023-04-29,Europe,High Value,3,124.99,374.97,233.29,56.04,85.63
CUST-3789,ORD-3814,2023-01-07,Asia,Low Value,2,127.03,254.06,169.5,11.37,73.2
CUST-4875,ORD-3815,2022-03-11,Africa,Mid Value,1,455.0,455.0,247.17,55.75,152.08
CUST-8605,ORD-3816,2023-01-14,Africa,Mid Value,4,394.83,1579.34,1012.68,46.61,520.05
CUST-9135,ORD-3817,2022-10-06,Asia,Low Value,3,37.55,112.66,57.46,9.83,45.37
CUST-7055,ORD-3818,2022-10-29,Europe,Mid Value,4,472.51,1890.03,1172.03,24.28,693.72
CUST-4882,ORD-3819,2022-09-12,North America,High Value,3,74.03,222.09,125.86,22.83,73.41
CUST-8175,ORD-3820,2023-11-15,Asia,Low Value,1,333.41,333.41,205.19,62.96,65.26
CUST-8129,ORD-3821,2023-11-23,Africa,Low Value,2,284.72,569.44,310.32,30.89,228.23
CUST-6021,ORD-3822,2022-09-21,Europe,Low Value,4,42.4,169.61,88.81,42.55,38.26
CUST-5735,ORD-3823,2023-11-26,Africa,Low Value,4,161.68,646.73,369.61,63.93,213.2
CUST-3387,ORD-3824,2023-12-18,North America,Low Value,2,392.41,784.82,528.79,75.24,180.79
CUST-7582,ORD-3825,2023-02-28,Asia,High Value,1,167.3,167.3,103.51,45.37,18.42
CUST-6866,ORD-3826,2022-08-01,North America,Low Value,2,250.56,501.12,302.13,46.65,152.34
CUST-3566,ORD-3827,2023-11-02,Europe,High Value,5,355.02,1775.08,1118.24,12.19,644.65
CUST-1975,ORD-3828,2022-04-10,Asia,High Value,5,54.35,271.77,171.84,42.07,57.86
CUST-8212,ORD-3829,2022-04-22,North America,High Value,5,419.65,2098.25,1098.83,56.49,942.94
CUST-2262,ORD-3830,2022-11-04,North America,Low Value,4,39.96,159.84,81.23,19.18,59.43
CUST-6047,ORD-3831,2023-11-09,North America,High Value,4,145.95,583.78,337.01,13.34,233.43
CUST-8382,ORD-3832,2023-04-20,Europe,Low Value,1,386.27,386.27,188.1,69.75,128.42
CUST-7231,ORD-3833,2023-07-02,North America,High Value,3,457.7,1373.1,780.86,13.62,578.62
CUST-4327,ORD-3834,2022-04-22,Africa,Low Value,2,384.96,769.93,479.87,73.48,216.58
CUST-6630,ORD-3835,2022-03-28,Asia,Mid Value,3,128.96,386.88,174.81,25.52,186.54
CUST-3259,ORD-3836,2022-07-02,Asia,Mid Value,4,493.15,1972.59,942.48,29.75,1000.36
CUST-2257,ORD-3837,2023-08-20,North America,High Value,2,218.4,436.8,301.63,44.42,90.75
CUST-1464,ORD-3838,2022-06-14,Europe,Mid Value,4,200.7,802.79,547.49,19.11,236.19
CUST-4294,ORD-3839,2022-03-31,Africa,High Value,1,435.31,435.31,241.37,56.64,137.3
CUST-7774,ORD-3840,2023-03-31,Africa,High Value,2,51.78,103.56,61.88,44.29,-2.61
CUST-8431,ORD-3841,2022-08-26,Asia,High Value,4,286.92,1147.68,561.01,75.96,510.71
CUST-2230,ORD-3842,2023-06-18,Asia,Mid Value,5,483.5,2417.5,1287.93,73.34,1056.23
CUST-4805,ORD-3843,2023-11-10,Africa,High Value,5,68.06,340.31,220.6,62.73,56.98
CUST-7419,ORD-3844,2023-12-28,Asia,Mid Value,4,279.61,1118.43,742.63,18.86,356.94
CUST-6750,ORD-3845,2022-02-27,North America,Mid Value,3,83.58,250.74,138.24,21.03,91.47
CUST-4856,ORD-3846,2023-06-26,Africa,Low Value,1,447.19,447.19,236.01,25.14,186.04
CUST-4135,ORD-3847,2023-09-10,Asia,Mid Value,1,302.12,302.12,187.44,67.56,47.12
CUST-7953,ORD-3848,2023-02-06,North America,Low Value,4,132.61,530.44,333.9,53.6,142.94
CUST-7034,ORD-3849,2023-11-10,North America,High Value,1,167.38,167.38,116.49,18.17,32.72
CUST-5589,ORD-3850,2023-10-28,Africa,High Value,2,267.98,535.97,334.62,39.37,161.98
CUST-2546,ORD-3851,2023-06-03,North America,Low Value,1,368.17,368.17,187.78,78.12,102.27
CUST-7065,ORD-3852,2022-07-16,Africa,High Value,5,254.0,1269.99,590.54,59.92,619.53
CUST-2094,ORD-3853,2022-02-15,North America,Low Value,4,110.85,443.39,228.08,75.07,140.24
CUST-3411,ORD-3854,2023-06-14,Africa,Low Value,2,359.9,719.81,364.7,65.66,289.44
CUST-3617,ORD-3855,2023-02-01,Africa,High Value,1,76.81,76.81,36.35,59.38,-18.91
CUST-9954,ORD-3856,2023-10-27,Africa,Low Value,5,408.52,2042.58,1146.08,67.24,829.25
CUST-5145,ORD-3857,2022-03-15,Africa,Low Value,3,209.89,629.66,328.71,56.94,244.01
CUST-3775,ORD-3858,2023-02-20,North America,Low Value,1,333.3,333.3,227.07,47.55,58.68
CUST-7628,ORD-3859,2023-10-19,Africa,High Value,5,185.46,927.28,510.91,60.19,356.18
CUST-4155,ORD-3860,2023-09-06,Asia,High Value,5,341.16,1705.78,1141.43,22.21,542.14
CUST-4970,ORD-3861,2022-12-01,North America,High Value,5,446.81,2234.05,1176.64,41.78,1015.64
CUST-8972,ORD-3862,2023-09-25,Africa,High Value,5,356.67,1783.37,1173.23,76.35,533.79
CUST-9775,ORD-3863,2023-11-19,North America,High Value,3,342.28,1026.83,578.75,65.65,382.43
CUST-6415,ORD-3864,2023-07-29,North America,Mid Value,4,383.56,1534.23,702.81,74.47,756.94
CUST-5331,ORD-3865,2022-10-23,North America,Mid Value,5,260.1,1300.51,743.55,77.56,479.4
CUST-2942,ORD-3866,2022-03-25,North America,Low Value,4,125.74,502.96,254.85,49.04,199.08
CUST-7026,ORD-3867,2022-01-15,Africa,Mid Value,3,411.45,1234.35,650.33,19.71,564.31
CUST-9301,ORD-3868,2022-05-14,North America,High Value,3,331.27,993.81,617.25,60.58,315.99
CUST-1191,ORD-3869,2023-04-23,Asia,High Value,2,170.63,341.27,198.75,5.55,136.97
CUST-1861,ORD-3870,2023-09-25,North America,High Value,2,152.42,304.84,204.9,11.69,88.25
CUST-7711,ORD-3871,2022-11-15,North America,Low Value,5,259.97,1299.83,889.07,26.46,384.3
CUST-1649,ORD-3872,2023-01-27,Asia,Low Value,4,119.51,478.03,297.69,6.14,174.2
CUST-5134,ORD-3873,2023-04-24,Africa,Low Value,3,441.55,1324.66,882.07,56.25,386.34
CUST-8587,ORD-3874,2023-10-02,Asia,Low Value,1,398.52,398.52,198.77,66.24,133.5
CUST-9828,ORD-3875,2023-01-03,Europe,Low Value,2,167.99,335.98,157.85,61.53,116.6
CUST-2036,ORD-3876,2023-01-02,Asia,Low Value,2,43.71,87.43,46.62,15.84,24.97
CUST-5131,ORD-3877,2022-10-15,Africa,Mid Value,1,44.9,44.9,23.86,65.29,-44.26
CUST-3148,ORD-3878,2023-01-13,Asia,High Value,4,162.62,650.47,400.87,67.14,182.47
CUST-6457,ORD-3879,2023-11-23,North America,Mid Value,4,90.8,363.21,239.75,12.24,111.22
CUST-7079,ORD-3880,2023-04-08,Africa,Low Value,4,439.2,1756.8,920.95,41.93,793.92
CUST-3430,ORD-3881,2023-08-17,Europe,High Value,5,221.98,1109.88,617.31,56.61,435.96
CUST-2879,ORD-3882,2022-01-13,Africa,High Value,5,187.05,935.26,445.41,35.5,454.35
CUST-8542,ORD-3883,2023-06-20,North America,High Value,1,124.59,124.59,68.92,71.69,-16.03
CUST-3011,ORD-3884,2022-06-17,Europe,Mid Value,3,423.78,1271.33,640.24,44.69,586.4
CUST-4373,ORD-3885,2022-09-27,Africa,High Value,1,400.38,400.38,218.46,14.16,167.77
CUST-8357,ORD-3886,2022-03-11,Africa,Low Value,3,204.48,613.43,316.89,44.78,251.76
CUST-2289,ORD-3887,2022-11-14,North America,Low Value,1,101.29,101.29,66.06,48.31,-13.08
CUST-2447,ORD-3888,2023-01-11,Asia,Mid Value,5,476.95,2384.77,1075.57,76.52,1232.68
CUST-4199,ORD-3889,2022-03-30,Asia,Mid Value,4,171.61,686.45,367.03,36.65,282.77
CUST-7381,ORD-3890,2023-12-02,Europe,Low Value,2,390.12,780.25,540.17,71.98,168.1
CUST-8522,ORD-3891,2022-09-14,North America,Mid Value,1,242.26,242.26,150.14,29.0,63.12
CUST-7059,ORD-3892,2022-08-05,North America,High Value,1,395.19,395.19,254.12,38.92,102.14
CUST-4183,ORD-3893,2023-03-26,Asia,Mid Value,2,251.17,502.34,334.04,55.65,112.66
CUST-6462,ORD-3894,2023-06-28,Asia,High Value,1,464.27,464.27,250.92,71.41,141.94
CUST-4216,ORD-3895,2022-05-21,Europe,High Value,4,404.2,1616.81,754.22,63.06,799.53
CUST-4136,ORD-3896,2022-06-10,Asia,High Value,2,144.94,289.88,160.21,16.66,113.01
CUST-4318,ORD-3897,2022-02-01,Europe,High Value,2,226.58,453.16,277.87,19.53,155.77
CUST-3782,ORD-3898,2022-06-01,Africa,High Value,4,68.28,273.13,148.23,10.12,114.79
CUST-8657,ORD-3899,2022-09-17,Europe,Low Value,4,453.67,1814.66,1019.98,51.61,743.07
CUST-5920,ORD-3900,2023-12-29,Europe,Low Value,2,53.26,106.52,69.92,38.02,-1.42
CUST-7324,ORD-3901,2022-10-06,Europe,Low Value,4,28.76,115.02,52.8,70.69,-8.47
CUST-7327,ORD-3902,2022-10-12,Africa,High Value,4,258.29,1033.15,551.37,79.21,402.57
CUST-9417,ORD-3903,2023-09-02,Asia,Mid Value,4,309.5,1238.01,708.27,70.89,458.85
CUST-1776,ORD-3904,2023-06-26,Europe,Mid Value,2,127.14,254.29,133.45,8.5,112.34
CUST-6208,ORD-3905,2023-08-25,Asia,High Value,1,293.86,293.86,164.99,75.83,53.04
CUST-1687,ORD-3906,2022-05-28,Europe,Mid Value,3,449.87,1349.61,742.88,12.72,594.0
CUST-1529,ORD-3907,2023-10-18,Asia,High Value,2,320.54,641.07,436.55,38.54,165.98
CUST-6067,ORD-3908,2022-03-08,Europe,Mid Value,3,238.76,716.27,410.62,27.3,278.35
CUST-9080,ORD-3909,2023-07-24,Asia,High Value,4,89.33,357.3,203.33,16.73,137.24
CUST-6518,ORD-3910,2022-10-06,North America,Mid Value,4,101.09,404.37,207.69,17.84,178.83
CUST-3153,ORD-3911,2023-03-19,Africa,Mid Value,1,252.49,252.49,116.54,30.94,105.01
CUST-7094,ORD-3912,2023-02-03,Europe,Low Value,4,242.3,969.19,508.7,6.9,453.59
CUST-7974,ORD-3913,2022-05-08,Africa,Mid Value,3,270.75,812.24,371.03,9.85,431.36
CUST-5774,ORD-3914,2022-12-03,Europe,Mid Value,2,263.79,527.57,346.45,58.57,122.55
CUST-8692,ORD-3915,2023-04-27,North America,High Value,2,183.81,367.63,184.21,51.97,131.45
CUST-4103,ORD-3916,2023-12-22,North America,Mid Value,1,354.01,354.01,239.95,12.45,101.61
CUST-3440,ORD-3917,2022-07-05,Africa,Mid Value,3,121.86,365.58,245.47,37.43,82.68
CUST-5135,ORD-3918,2022-06-18,Europe,Mid Value,4,429.12,1716.47,1057.64,50.58,608.25
CUST-8124,ORD-3919,2023-11-15,Asia,Mid Value,5,113.31,566.55,377.12,12.32,177.11
CUST-6201,ORD-3920,2022-09-17,Europe,Mid Value,1,219.63,219.63,147.03,77.9,-5.31
CUST-1844,ORD-3921,2023-12-18,Asia,Low Value,1,121.16,121.16,78.04,68.64,-25.52
CUST-1446,ORD-3922,2023-10-09,Africa,Mid Value,5,316.86,1584.29,914.1,22.04,648.14
CUST-4915,ORD-3923,2023-07-12,Africa,High Value,2,249.27,498.53,342.75,43.91,111.87
CUST-4109,ORD-3924,2023-05-22,North America,High Value,2,199.67,399.34,261.34,43.08,94.92
CUST-2234,ORD-3925,2023-06-05,Asia,Mid Value,2,248.06,496.13,239.01,30.07,227.05
CUST-7587,ORD-3926,2023-04-16,Europe,Mid Value,5,222.2,1110.98,616.57,61.97,432.44
CUST-1226,ORD-3927,2022-06-10,North America,Mid Value,4,430.48,1721.92,1007.19,54.37,660.36
CUST-5143,ORD-3928,2022-10-16,Africa,Low Value,4,79.65,318.59,185.53,69.82,63.24
CUST-8185,ORD-3929,2022-12-06,North America,High Value,3,400.73,1202.18,655.05,5.38,541.75
CUST-6558,ORD-3930,2023-05-17,Europe,Low Value,3,334.56,1003.67,585.05,50.3,368.32
CUST-1186,ORD-3931,2022-04-16,Europe,Low Value,2,187.19,374.39,177.18,79.46,117.75
CUST-3535,ORD-3932,2023-04-20,Africa,Mid Value,5,461.17,2305.84,1415.35,64.19,826.31
CUST-2932,ORD-3933,2023-08-23,North America,Mid Value,1,104.93,104.93,60.28,30.82,13.83
CUST-3032,ORD-3934,2023-04-08,Asia,High Value,4,168.94,675.75,437.15,16.71,221.89
CUST-2252,ORD-3935,2023-04-28,Asia,Mid Value,5,199.92,999.62,623.11,37.12,339.39
CUST-6509,ORD-3936,2023-12-05,Asia,High Value,3,330.94,992.83,474.76,36.82,481.24
CUST-6074,ORD-3937,2022-06-02,Europe,Low Value,4,474.28,1897.11,1020.03,48.9,828.18
CUST-2881,ORD-3938,2023-10-11,North America,High Value,4,304.85,1219.42,773.19,9.95,436.28
CUST-1269,ORD-3939,2022-05-29,Asia,High Value,5,431.03,2155.13,1151.32,34.04,969.78
CUST-2630,ORD-3940,2022-07-07,North America,High Value,3,454.39,1363.16,806.62,69.11,487.43
CUST-5405,ORD-3941,2023-10-15,Africa,Low Value,5,243.9,1219.51,841.85,53.27,324.39
CUST-7139,ORD-3942,2022-05-11,Asia,Low Value,1,246.77,246.77,115.98,37.6,93.19
CUST-2574,ORD-3943,2023-03-28,North America,Mid Value,4,140.0,560.0,278.64,28.27,253.09
CUST-2695,ORD-3944,2023-05-31,Europe,Mid Value,5,308.76,1543.81,880.21,25.98,637.62
CUST-4258,ORD-3945,2023-05-06,Africa,High Value,5,77.61,388.07,246.27,61.13,80.66
CUST-4262,ORD-3946,2023-04-21,Africa,High Value,1,324.48,324.48,172.79,37.15,114.53
CUST-2445,ORD-3947,2022-09-20,Africa,Low Value,5,448.59,2242.95,1075.19,23.47,1144.29
CUST-7263,ORD-3948,2023-06-22,Africa,Low Value,4,385.18,1540.71,814.95,65.95,659.81
CUST-9411,ORD-3949,2023-04-04,Europe,Low Value,2,331.61,663.22,405.3,24.92,233.0
CUST-1052,ORD-3950,2023-06-20,Europe,High Value,2,422.43,844.87,547.59,9.83,287.44
CUST-6570,ORD-3951,2023-09-29,Asia,High Value,3,370.31,1110.93,771.27,46.11,293.56
CUST-8579,ORD-3952,2023-11-15,Europe,Low Value,1,274.24,274.24,175.6,25.93,72.7
CUST-2666,ORD-3953,2022-10-22,Europe,High Value,3,270.11,810.33,464.37,5.37,340.59
CUST-7901,ORD-3954,2023-03-11,Africa,Low Value,2,71.36,142.72,74.67,42.62,25.44
CUST-3785,ORD-3955,2022-10-02,Europe,Mid Value,1,228.52,228.52,155.82,72.09,0.61
CUST-1719,ORD-3956,2023-08-11,Africa,Low Value,5,270.78,1353.88,790.06,53.31,510.51
CUST-9597,ORD-3957,2022-11-04,North America,High Value,5,245.56,1227.8,763.94,6.36,457.5
CUST-7855,ORD-3958,2023-12-27,North America,High Value,4,392.49,1569.95,891.9,33.41,644.64
CUST-3294,ORD-3959,2023-01-11,North America,High Value,2,97.26,194.52,99.31,23.53,71.69
CUST-9263,ORD-3960,2022-06-07,North America,High Value,5,401.55,2007.76,1178.02,55.28,774.45
CUST-5482,ORD-3961,2022-07-23,North America,Low Value,1,376.0,376.0,248.15,39.27,88.58
CUST-1698,ORD-3962,2023-10-23,North America,Low Value,5,452.39,2261.97,1234.65,17.96,1009.36
CUST-8243,ORD-3963,2022-03-16,North America,Mid Value,3,199.26,597.78,368.94,39.22,189.62
CUST-6918,ORD-3964,2023-01-15,Africa,Low Value,3,104.74,314.22,144.73,74.85,94.64
CUST-1348,ORD-3965,2022-10-31,Africa,Mid Value,3,384.14,1152.43,788.41,35.81,328.2
CUST-6374,ORD-3966,2022-03-03,Africa,Low Value,3,302.45,907.34,628.32,70.27,208.75
CUST-8869,ORD-3967,2023-07-24,Africa,Low Value,3,362.0,1085.99,593.57,40.66,451.76
CUST-1307,ORD-3968,2022-04-18,Europe,High Value,4,498.44,1993.74,1145.6,61.82,786.32
CUST-4416,ORD-3969,2022-07-06,Europe,Mid Value,3,113.38,340.14,166.72,63.94,109.48
CUST-5820,ORD-3970,2022-08-17,Asia,High Value,4,217.3,869.22,433.78,62.06,373.38
CUST-4558,ORD-3971,2022-02-17,Europe,High Value,4,112.49,449.98,270.22,52.89,126.87
CUST-5478,ORD-3972,2022-09-25,Africa,Low Value,5,433.1,2165.5,1313.92,76.44,775.14
CUST-7531,ORD-3973,2023-12-28,Africa,Low Value,1,28.15,28.15,15.07,74.64,-61.56
CUST-5620,ORD-3974,2022-09-11,North America,Mid Value,3,84.91,254.72,138.44,27.71,88.57
CUST-3985,ORD-3975,2022-03-28,North America,Mid Value,1,138.98,138.98,80.13,57.1,1.75
CUST-9112,ORD-3976,2022-06-30,Asia,Low Value,2,390.24,780.47,534.58,54.86,191.03
CUST-9467,ORD-3977,2022-01-25,Europe,Mid Value,4,321.66,1286.63,627.12,20.02,639.49
CUST-3547,ORD-3978,2023-01-23,Africa,Low Value,2,206.53,413.07,242.84,24.88,145.35
CUST-1336,ORD-3979,2022-08-10,Europe,Low Value,4,96.18,384.7,178.71,28.31,177.68
CUST-3979,ORD-3980,2023-02-01,Asia,Low Value,3,174.37,523.12,295.34,29.87,197.9
CUST-4968,ORD-3981,2023-05-26,North America,Mid Value,2,376.84,753.68,414.0,69.08,270.61
CUST-1910,ORD-3982,2023-07-15,Africa,High Value,5,203.34,1016.68,499.24,61.8,455.64
CUST-2996,ORD-3983,2023-03-16,North America,Mid Value,2,242.05,484.09,237.69,65.58,180.82
CUST-4129,ORD-3984,2022-06-24,Africa,High Value,4,312.14,1248.56,702.35,73.48,472.74
CUST-6447,ORD-3985,2022-11-07,North America,Mid Value,4,458.19,1832.74,882.74,43.58,906.43
CUST-7129,ORD-3986,2022-10-01,North America,High Value,1,140.05,140.05,73.34,67.66,-0.95
CUST-6850,ORD-3987,2022-02-04,Asia,High Value,2,235.04,470.08,219.9,57.15,193.02
CUST-5204,ORD-3988,2022-08-05,Europe,Mid Value,5,168.95,844.77,442.93,39.86,361.98
CUST-8446,ORD-3989,2023-12-22,North America,Mid Value,3,243.77,731.31,426.66,19.54,285.11
CUST-9519,ORD-3990,2023-11-03,Africa,High Value,1,354.3,354.3,225.32,37.27,91.71
CUST-1314,ORD-3991,2023-02-12,Europe,Low Value,2,251.39,502.78,330.63,20.49,151.66
CUST-2134,ORD-3992,2023-06-03,Europe,High Value,1,420.58,420.58,224.78,26.54,169.26
CUST-5876,ORD-3993,2022-09-26,North America,High Value,2,285.56,571.13,391.05,26.26,153.81
CUST-9102,ORD-3994,2023-09-30,North America,Low Value,3,205.17,615.5,314.0,62.08,239.42
CUST-9347,ORD-3995,2023-04-20,North America,High Value,3,395.51,1186.54,557.85,43.08,585.61
CUST-6592,ORD-3996,2022-11-21,Europe,Low Value,5,227.04,1135.18,773.34,64.49,297.35
CUST-2724,ORD-3997,2022-12-22,Asia,Low Value,1,267.47,267.47,156.45,70.81,40.21
CUST-4343,ORD-3998,2022-03-31,North America,Mid Value,5,497.44,2487.21,1337.73,50.88,1098.6
CUST-1886,ORD-3999,2022-02-11,Europe,High Value,2,397.49,794.97,536.23,35.54,223.2
CUST-1721,ORD-4000,2022-12-31,Europe,High Value,3,430.47,1291.4,831.58,69.26,390.56
CUST-8678,ORD-4001,2023-11-02,Africa,Low Value,3,304.57,913.71,601.32,47.57,264.82
CUST-4357,ORD-4002,2022-07-21,North America,High Value,4,187.14,748.58,391.57,69.27,287.74
CUST-1870,ORD-4003,2023-01-01,Asia,Low Value,4,495.81,1983.24,1325.54,24.91,632.79
CUST-7751,ORD-4004,2022-10-15,Africa,High Value,5,137.13,685.65,419.92,47.43,218.3
CUST-1497,ORD-4005,2023-08-26,North America,High Value,1,438.95,438.95,278.52,20.88,139.55
CUST-2756,ORD-4006,2023-04-26,Africa,Low Value,2,457.42,914.85,483.14,57.38,374.34
CUST-2117,ORD-4007,2023-09-29,North America,Low Value,5,412.43,2062.13,1054.27,49.02,958.84
CUST-3828,ORD-4008,2023-05-16,Africa,High Value,3,74.76,224.28,123.81,46.7,53.77
CUST-2647,ORD-4009,2023-09-30,Asia,High Value,3,429.97,1289.92,765.96,52.93,471.03
CUST-7992,ORD-4010,2022-02-21,Africa,Low Value,3,338.61,1015.84,626.26,33.16,356.42
CUST-7771,ORD-4011,2022-04-13,Africa,Mid Value,2,346.8,693.59,398.46,19.4,275.73
CUST-1142,ORD-4012,2022-12-27,Africa,Mid Value,5,397.54,1987.68,1241.73,65.48,680.46
CUST-3761,ORD-4013,2023-02-28,North America,High Value,2,255.46,510.92,320.39,33.83,156.7
CUST-4435,ORD-4014,2023-11-30,North America,High Value,3,148.24,444.71,274.17,79.17,91.37
CUST-7622,ORD-4015,2022-07-24,Asia,High Value,4,295.97,1183.87,607.06,41.08,535.74
CUST-8069,ORD-4016,2022-01-14,Africa,Low Value,5,72.16,360.82,202.63,41.75,116.44
CUST-5512,ORD-4017,2023-09-08,Europe,High Value,4,343.91,1375.63,882.38,55.84,437.41
CUST-2848,ORD-4018,2023-09-21,Africa,High Value,5,251.81,1259.06,845.76,55.01,358.29
CUST-3696,ORD-4019,2023-04-15,Europe,High Value,3,261.12,783.36,450.66,18.54,314.16
CUST-2717,ORD-4020,2023-04-11,Europe,Mid Value,4,109.19,436.78,304.3,25.42,107.05
CUST-4072,ORD-4021,2022-10-31,Africa,High Value,4,39.82,159.26,78.62,22.36,58.27
CUST-3786,ORD-4022,2023-08-28,Europe,High Value,5,313.41,1567.05,793.07,9.01,764.97
CUST-4791,ORD-4023,2023-03-03,Europe,Low Value,4,336.24,1344.96,760.15,6.68,578.12
CUST-4871,ORD-4024,2023-10-18,Africa,Mid Value,4,259.18,1036.72,598.38,53.37,384.97
CUST-2806,ORD-4025,2022-04-20,North America,Low Value,3,387.55,1162.65,646.57,42.39,473.68
CUST-2504,ORD-4026,2023-11-06,Africa,High Value,5,290.58,1452.92,810.15,72.09,570.68
CUST-4308,ORD-4027,2023-07-19,Asia,High Value,5,427.13,2135.67,1221.2,27.56,886.91
CUST-8117,ORD-4028,2023-05-30,Europe,High Value,1,158.3,158.3,83.9,64.06,10.33
CUST-6048,ORD-4029,2022-03-09,Asia,High Value,5,136.69,683.46,329.93,12.74,340.79
CUST-9263,ORD-4030,2022-09-03,Europe,High Value,3,145.35,436.05,300.45,66.23,69.37
CUST-2690,ORD-4031,2023-01-24,North America,Low Value,4,34.65,138.6,89.91,74.09,-25.41
CUST-4303,ORD-4032,2023-10-12,Europe,High Value,1,452.3,452.3,295.68,52.05,104.57
CUST-4113,ORD-4033,2022-11-04,Africa,High Value,4,499.61,1998.44,1081.63,60.2,856.61
CUST-8850,ORD-4034,2022-12-18,Europe,Mid Value,5,411.93,2059.65,1134.81,79.08,845.76
CUST-7416,ORD-4035,2022-03-07,Asia,Mid Value,2,218.05,436.09,298.27,33.36,104.46
CUST-2504,ORD-4036,2023-04-05,Africa,High Value,4,189.89,759.55,526.54,7.2,225.81
CUST-9924,ORD-4037,2022-12-13,Asia,High Value,5,391.85,1959.24,1343.36,56.2,559.68
CUST-4924,ORD-4038,2022-11-21,North America,High Value,3,264.77,794.32,485.05,6.0,303.27
CUST-9615,ORD-4039,2023-10-29,Asia,High Value,5,470.94,2354.7,1202.5,47.62,1104.58
CUST-5485,ORD-4040,2023-08-22,Asia,High Value,1,154.2,154.2,92.71,49.81,11.68
CUST-9100,ORD-4041,2022-02-02,Asia,High Value,2,175.43,350.87,209.56,48.84,92.47
CUST-9684,ORD-4042,2022-03-09,Africa,Low Value,2,499.44,998.87,676.3,17.44,305.13
CUST-1191,ORD-4043,2022-07-06,North America,Low Value,2,489.52,979.05,516.86,10.75,451.44
CUST-9690,ORD-4044,2022-07-11,North America,Low Value,3,444.89,1334.68,667.56,73.08,594.03
CUST-5917,ORD-4045,2022-08-01,North America,Mid Value,2,214.22,428.44,221.27,45.62,161.55
CUST-6831,ORD-4046,2023-08-23,Asia,High Value,4,422.05,1688.22,862.32,29.23,796.67
CUST-5322,ORD-4047,2023-03-04,Africa,Mid Value,3,156.03,468.09,286.51,62.88,118.69
CUST-7999,ORD-4048,2022-12-17,Africa,Mid Value,5,142.28,711.41,464.63,74.12,172.66
CUST-8282,ORD-4049,2022-04-18,Africa,Mid Value,1,282.29,282.29,153.01,35.32,93.96
CUST-2874,ORD-4050,2022-08-28,Asia,Low Value,3,432.93,1298.78,641.73,12.37,644.67
CUST-5763,ORD-4051,2022-08-04,North America,High Value,1,66.79,66.79,35.78,56.95,-25.94
CUST-9464,ORD-4052,2022-06-26,Asia,High Value,3,291.35,874.04,512.75,73.06,288.23
CUST-2051,ORD-4053,2023-07-19,Africa,Mid Value,5,312.67,1563.37,963.23,78.53,521.61
CUST-8538,ORD-4054,2022-11-26,Asia,Low Value,1,298.3,298.3,175.24,66.02,57.05
CUST-8411,ORD-4055,2023-07-15,Europe,Mid Value,3,124.88,374.64,192.63,25.12,156.89
CUST-7320,ORD-4056,2023-09-18,North America,Mid Value,1,50.78,50.78,34.51,31.87,-15.59
CUST-3105,ORD-4057,2023-03-26,North America,High Value,2,449.6,899.19,503.06,15.26,380.88
CUST-1307,ORD-4058,2023-08-30,Africa,Low Value,2,295.77,591.53,334.06,58.46,199.01
CUST-8737,ORD-4059,2023-03-23,Asia,High Value,2,388.59,777.19,537.69,17.69,221.8
CUST-4359,ORD-4060,2023-06-21,Africa,Mid Value,4,194.93,779.72,520.14,37.4,222.18
CUST-4176,ORD-4061,2023-10-06,Asia,High Value,2,40.4,80.8,52.65,44.88,-16.73
CUST-2251,ORD-4062,2022-06-28,Europe,Mid Value,2,144.59,289.18,143.34,33.69,112.15
CUST-6366,ORD-4063,2023-01-30,North America,Low Value,5,55.22,276.08,182.08,16.23,77.77
CUST-2517,ORD-4064,2022-05-25,North America,High Value,1,57.56,57.56,32.45,26.74,-1.63
CUST-7226,ORD-4065,2022-07-17,Asia,High Value,1,122.94,122.94,61.76,52.46,8.72
CUST-6305,ORD-4066,2022-03-25,North America,High Value,2,324.12,648.24,452.29,59.51,136.44
CUST-6869,ORD-4067,2023-10-31,Asia,High Value,1,412.53,412.53,203.38,51.1,158.05
CUST-9039,ORD-4068,2022-03-26,Africa,High Value,3,414.25,1242.75,845.67,77.43,319.65
CUST-5891,ORD-4069,2023-04-02,Europe,Low Value,2,470.12,940.25,423.24,51.02,465.99
CUST-5992,ORD-4070,2023-04-21,Asia,Low Value,2,335.06,670.13,374.92,21.9,273.3
CUST-2961,ORD-4071,2022-09-10,Europe,High Value,4,29.53,118.13,54.04,41.83,22.26
CUST-3863,ORD-4072,2022-03-13,Africa,Mid Value,3,201.15,603.46,409.21,67.72,126.53
CUST-7603,ORD-4073,2022-08-11,Africa,Mid Value,2,73.5,147.0,70.78,29.44,46.79
CUST-5567,ORD-4074,2022-10-03,Africa,High Value,2,393.18,786.37,486.19,60.28,239.9
CUST-7513,ORD-4075,2022-09-03,Asia,High Value,1,77.45,77.45,47.07,63.89,-33.51
CUST-5005,ORD-4076,2022-12-07,Europe,Low Value,2,70.84,141.69,91.35,75.05,-24.72
CUST-1183,ORD-4077,2023-07-27,Europe,Low Value,2,33.54,67.08,42.71,35.09,-10.72
CUST-8755,ORD-4078,2023-04-16,North America,High Value,2,478.64,957.28,438.54,24.46,494.28
CUST-4358,ORD-4079,2023-03-30,Asia,High Value,2,397.14,794.28,434.55,43.1,316.63
CUST-7615,ORD-4080,2022-01-07,North America,Mid Value,4,179.99,719.96,382.03,79.53,258.4
CUST-7797,ORD-4081,2022-07-07,North America,Low Value,3,200.69,602.07,417.37,72.66,112.04
CUST-9728,ORD-4082,2022-01-04,Asia,High Value,4,48.53,194.1,124.95,26.3,42.86
CUST-8678,ORD-4083,2023-10-07,North America,Low Value,1,95.8,95.8,60.07,19.75,15.98
CUST-6698,ORD-4084,2022-05-05,North America,High Value,5,169.5,847.48,475.05,40.77,331.66
CUST-2273,ORD-4085,2022-01-15,North America,High Value,2,206.18,412.35,277.41,17.43,117.51
CUST-7653,ORD-4086,2023-06-09,Africa,High Value,1,317.59,317.59,144.25,61.85,111.49
CUST-2096,ORD-4087,2023-09-22,Asia,High Value,5,188.16,940.8,477.09,7.75,455.96
CUST-9002,ORD-4088,2022-08-28,Africa,Mid Value,2,478.21,956.42,596.57,21.85,337.99
CUST-5247,ORD-4089,2022-12-26,North America,High Value,2,184.54,369.08,213.0,6.37,149.72
CUST-6314,ORD-4090,2023-06-02,North America,Mid Value,5,471.97,2359.83,1376.85,22.01,960.98
CUST-4354,ORD-4091,2022-11-16,Africa,Mid Value,4,370.33,1481.33,820.78,8.92,651.62
CUST-1270,ORD-4092,2022-08-19,North America,High Value,5,451.95,2259.75,1110.93,55.52,1093.31
CUST-2186,ORD-4093,2022-01-30,Asia,Low Value,5,357.52,1787.58,878.69,47.77,861.11
CUST-7305,ORD-4094,2023-06-18,Europe,Low Value,3,292.92,878.76,460.14,21.04,397.58
CUST-3398,ORD-4095,2022-06-05,Africa,High Value,2,264.36,528.72,299.82,20.38,208.51
CUST-7995,ORD-4096,2023-09-22,Europe,High Value,2,159.84,319.68,209.72,26.84,83.12
CUST-8299,ORD-4097,2023-12-06,Europe,High Value,4,163.12,652.49,366.51,64.87,221.12
CUST-5182,ORD-4098,2023-02-03,Europe,Low Value,4,127.14,508.56,342.99,16.29,149.27
CUST-3230,ORD-4099,2022-12-12,Africa,Low Value,3,205.06,615.18,295.37,14.13,305.69
CUST-7511,ORD-4100,2022-07-14,North America,High Value,3,80.95,242.84,125.78,43.1,73.96
CUST-1128,ORD-4101,2022-06-17,Asia,Low Value,3,206.05,618.15,289.07,69.87,259.21
CUST-4672,ORD-4102,2023-01-12,North America,Mid Value,4,420.2,1680.79,970.67,21.81,688.31
CUST-5765,ORD-4103,2023-05-04,Asia,Low Value,5,437.74,2188.7,1034.18,12.97,1141.55
CUST-4970,ORD-4104,2022-12-28,North America,Low Value,2,328.56,657.12,426.42,41.88,188.82
CUST-8545,ORD-4105,2023-04-27,Europe,High Value,2,143.27,286.54,131.79,59.91,94.84
CUST-6552,ORD-4106,2022-09-01,Europe,Mid Value,1,135.37,135.37,77.0,51.37,6.99
CUST-1627,ORD-4107,2023-08-04,Asia,High Value,4,153.41,613.62,340.66,36.36,236.61
CUST-7589,ORD-4108,2023-08-30,Africa,Low Value,4,260.02,1040.08,520.62,8.03,511.43
CUST-3044,ORD-4109,2023-08-12,North America,Mid Value,3,488.69,1466.08,874.83,27.54,563.71
CUST-3341,ORD-4110,2022-06-20,Europe,High Value,1,72.41,72.41,39.57,73.94,-41.11
CUST-6884,ORD-4111,2023-05-28,Asia,Low Value,1,260.25,260.25,129.99,21.71,108.54
CUST-9185,ORD-4112,2023-02-10,North America,Mid Value,4,347.48,1389.91,912.67,51.05,426.19
CUST-1249,ORD-4113,2023-07-28,Asia,High Value,3,137.92,413.75,254.53,73.06,86.16
CUST-3925,ORD-4114,2022-07-26,Africa,Mid Value,2,485.17,970.35,439.6,41.61,489.13
CUST-6043,ORD-4115,2022-06-03,Africa,Low Value,3,187.53,562.59,323.75,38.47,200.37
CUST-1974,ORD-4116,2022-02-17,North America,High Value,2,467.53,935.06,484.2,15.58,435.28
CUST-8192,ORD-4117,2023-10-11,Africa,Low Value,4,306.73,1226.92,832.81,78.55,315.57
CUST-3672,ORD-4118,2022-01-01,North America,Mid Value,3,21.96,65.87,41.59,18.25,6.03
CUST-8279,ORD-4119,2023-02-11,North America,Low Value,1,169.33,169.33,102.09,41.11,26.13
CUST-8531,ORD-4120,2022-04-17,Africa,Mid Value,5,30.34,151.72,71.65,17.85,62.22
CUST-9662,ORD-4121,2022-06-22,Asia,High Value,1,203.11,203.11,138.65,31.13,33.33
CUST-2987,ORD-4122,2023-05-21,Asia,Low Value,2,467.62,935.23,454.57,71.3,409.36
CUST-1090,ORD-4123,2022-05-10,North America,High Value,4,393.93,1575.71,886.63,53.25,635.83
CUST-9721,ORD-4124,2023-02-02,Europe,High Value,3,317.66,952.99,591.1,5.74,356.15
CUST-5059,ORD-4125,2022-10-21,North America,High Value,4,278.5,1114.02,639.1,77.51,397.41
CUST-3773,ORD-4126,2023-07-06,Asia,High Value,4,198.84,795.36,533.38,63.79,198.18
CUST-9383,ORD-4127,2023-03-23,North America,Low Value,2,121.54,243.08,160.15,79.82,3.11
CUST-8409,ORD-4128,2022-01-16,Asia,Low Value,4,50.01,200.05,96.79,62.22,41.04
CUST-5440,ORD-4129,2023-10-01,Africa,High Value,3,111.27,333.81,201.76,62.36,69.69
CUST-8347,ORD-4130,2022-12-15,North America,High Value,1,188.73,188.73,87.39,57.45,43.88
CUST-2008,ORD-4131,2022-07-22,North America,Mid Value,4,269.6,1078.38,679.54,36.74,362.1
CUST-4783,ORD-4132,2022-05-14,Africa,High Value,3,118.11,354.34,224.65,28.62,101.07
CUST-7646,ORD-4133,2023-06-10,Africa,Mid Value,3,487.68,1463.03,784.37,44.39,634.28
CUST-5298,ORD-4134,2023-05-23,Europe,Mid Value,2,56.89,113.78,73.57,18.37,21.84
CUST-5668,ORD-4135,2022-03-07,Africa,High Value,4,65.5,262.0,160.65,59.18,42.17
CUST-5287,ORD-4136,2023-04-25,Europe,Low Value,2,347.65,695.3,400.5,79.8,215.0
CUST-3052,ORD-4137,2023-04-04,Africa,Mid Value,1,382.43,382.43,215.62,50.07,116.74
CUST-7009,ORD-4138,2022-12-08,Asia,Low Value,1,486.78,486.78,232.33,69.23,185.21
CUST-2716,ORD-4139,2023-12-08,North America,High Value,3,274.61,823.84,480.11,17.92,325.8
CUST-1310,ORD-4140,2023-09-18,Africa,High Value,4,99.65,398.59,194.92,66.88,136.79
CUST-5538,ORD-4141,2022-06-08,Asia,High Value,3,470.21,1410.62,866.13,73.06,471.43
CUST-2260,ORD-4142,2022-06-10,Africa,High Value,4,490.51,1962.05,1174.64,67.92,719.5
CUST-4932,ORD-4143,2022-09-11,North America,Mid Value,2,463.29,926.57,484.26,52.04,390.27
CUST-1584,ORD-4144,2023-06-11,Africa,Mid Value,1,438.39,438.39,224.35,74.48,139.57
CUST-8616,ORD-4145,2023-07-03,Africa,Low Value,1,57.24,57.24,32.57,77.11,-52.44
CUST-9551,ORD-4146,2022-06-04,North America,Low Value,2,430.34,860.68,497.58,66.15,296.95
CUST-3866,ORD-4147,2023-05-01,Africa,Mid Value,5,477.55,2387.74,1550.8,46.03,790.92
CUST-6898,ORD-4148,2023-03-08,North America,High Value,5,285.11,1425.55,749.83,67.65,608.08
CUST-3011,ORD-4149,2022-01-27,Europe,Low Value,5,390.84,1954.21,1076.49,32.9,844.83
CUST-7251,ORD-4150,2022-01-12,Africa,Mid Value,4,337.23,1348.92,722.78,30.99,595.14
CUST-5939,ORD-4151,2022-03-08,Asia,Low Value,2,158.27,316.54,173.63,31.09,111.81
CUST-5006,ORD-4152,2023-06-26,Africa,Mid Value,4,302.01,1208.04,714.89,19.94,473.21
CUST-2625,ORD-4153,2022-04-06,North America,High Value,4,446.9,1787.6,1053.55,51.72,682.32
CUST-1890,ORD-4154,2022-08-03,North America,Mid Value,2,258.26,516.53,279.1,54.61,182.82
CUST-7078,ORD-4155,2022-07-13,Asia,Low Value,4,303.27,1213.08,728.59,69.47,415.02
CUST-8036,ORD-4156,2023-10-09,Asia,Mid Value,2,275.1,550.21,332.33,57.09,160.79
CUST-9923,ORD-4157,2022-10-17,North America,Low Value,5,155.55,777.77,452.45,63.5,261.83
CUST-4961,ORD-4158,2023-06-28,Europe,Low Value,5,328.96,1644.79,926.17,56.66,661.96
CUST-3504,ORD-4159,2022-02-08,Europe,Low Value,4,264.55,1058.18,496.8,57.28,504.1
CUST-9806,ORD-4160,2022-07-25,North America,High Value,1,131.62,131.62,77.04,30.54,24.04
CUST-4806,ORD-4161,2023-07-09,Europe,High Value,2,449.78,899.56,565.08,77.44,257.04
CUST-7100,ORD-4162,2023-04-29,Asia,Mid Value,3,476.02,1428.07,719.51,52.91,655.65
CUST-2719,ORD-4163,2022-12-03,Europe,Mid Value,3,46.58,139.74,90.05,49.04,0.65
CUST-7686,ORD-4164,2023-05-11,Asia,Low Value,4,318.73,1274.91,760.62,68.54,445.75
CUST-2587,ORD-4165,2022-09-06,Africa,High Value,1,219.22,219.22,111.67,36.57,70.98
CUST-8000,ORD-4166,2022-03-15,Asia,Mid Value,2,272.46,544.92,267.41,12.22,265.29
CUST-1896,ORD-4167,2023-01-08,Africa,Mid Value,5,199.44,997.19,509.91,23.01,464.27
CUST-6558,ORD-4168,2023-12-03,Asia,High Value,4,247.69,990.77,633.87,65.61,291.3
CUST-9469,ORD-4169,2022-05-18,Asia,Low Value,2,175.25,350.5,179.67,59.89,110.94
CUST-5647,ORD-4170,2023-04-02,Europe,Mid Value,2,76.45,152.9,94.92,13.79,44.19
CUST-3432,ORD-4171,2023-03-20,Asia,Low Value,2,164.98,329.95,193.5,10.22,126.23
CUST-4904,ORD-4172,2022-12-19,North America,High Value,1,341.76,341.76,200.51,51.64,89.6
CUST-7837,ORD-4173,2023-02-15,Africa,High Value,2,44.18,88.37,58.6,75.4,-45.63
CUST-2449,ORD-4174,2023-11-09,Africa,Mid Value,1,203.71,203.71,136.22,18.12,49.37
CUST-5500,ORD-4175,2023-06-22,Asia,Mid Value,1,40.3,40.3,23.55,46.18,-29.42
CUST-6454,ORD-4176,2023-03-29,North America,High Value,2,191.01,382.02,178.14,65.9,137.98
CUST-5117,ORD-4177,2023-02-23,Asia,Low Value,5,62.05,310.27,152.12,44.65,113.49
CUST-9869,ORD-4178,2023-03-26,Asia,Low Value,2,183.03,366.05,251.54,31.33,83.18
CUST-3028,ORD-4179,2023-08-08,Europe,High Value,5,422.28,2111.41,1021.23,64.29,1025.89
CUST-7845,ORD-4180,2022-04-25,Asia,Mid Value,4,314.44,1257.74,828.65,62.84,366.25
CUST-4758,ORD-4181,2022-02-20,Asia,High Value,3,347.5,1042.5,609.97,67.29,365.25
CUST-6904,ORD-4182,2023-01-04,Europe,Mid Value,4,261.82,1047.3,501.13,75.88,470.28
CUST-5624,ORD-4183,2023-11-14,Europe,Low Value,1,462.74,462.74,314.61,16.3,131.84
CUST-9848,ORD-4184,2023-05-30,North America,Mid Value,4,279.76,1119.02,763.2,30.56,325.26
CUST-1165,ORD-4185,2022-07-29,Europe,Low Value,3,70.06,210.18,126.92,78.95,4.32
CUST-5591,ORD-4186,2023-09-19,Africa,High Value,3,467.89,1403.67,768.11,49.59,585.97
CUST-1589,ORD-4187,2023-11-10,Africa,Mid Value,5,83.87,419.35,252.4,55.26,111.69
CUST-5524,ORD-4188,2023-03-11,North America,Low Value,4,499.6,1998.41,1212.91,71.31,714.19
CUST-3821,ORD-4189,2022-08-15,Asia,Mid Value,1,228.98,228.98,138.66,56.83,33.5
CUST-7509,ORD-4190,2023-10-25,North America,Low Value,1,55.27,55.27,35.01,56.24,-35.98
CUST-8693,ORD-4191,2022-09-25,Europe,Low Value,5,434.77,2173.85,1014.72,12.84,1146.29
CUST-1071,ORD-4192,2022-04-26,Asia,High Value,5,64.58,322.92,153.59,43.01,126.32
CUST-4580,ORD-4193,2023-08-23,North America,High Value,4,103.73,414.91,216.04,55.49,143.38
CUST-8962,ORD-4194,2022-12-26,North America,Mid Value,5,220.33,1101.63,592.04,65.55,444.04
CUST-1268,ORD-4195,2022-11-25,Africa,Low Value,3,344.57,1033.71,630.05,35.99,367.66
CUST-3462,ORD-4196,2022-02-09,North America,High Value,1,78.15,78.15,38.52,14.27,25.36
CUST-2015,ORD-4197,2022-07-01,Asia,Mid Value,3,318.86,956.58,559.85,32.44,364.3
CUST-8984,ORD-4198,2023-05-05,North America,High Value,2,394.59,789.17,391.69,37.23,360.25
CUST-1406,ORD-4199,2022-07-28,North America,Mid Value,3,79.28,237.83,128.16,61.33,48.35
CUST-8384,ORD-4200,2022-09-30,Europe,High Value,1,330.83,330.83,226.25,6.48,98.1
CUST-7049,ORD-4201,2022-04-29,North America,High Value,2,480.26,960.52,647.32,33.93,279.27
CUST-7169,ORD-4202,2023-01-17,Asia,Low Value,4,484.35,1937.4,1333.46,38.59,565.34
CUST-8982,ORD-4203,2023-06-20,Africa,Low Value,2,97.6,195.2,116.7,46.26,32.24
CUST-1985,ORD-4204,2022-09-15,Africa,High Value,5,384.66,1923.29,1106.52,77.75,739.02
CUST-5485,ORD-4205,2023-04-28,Africa,Low Value,1,426.38,426.38,282.36,60.55,83.47
CUST-9901,ORD-4206,2023-05-24,Africa,High Value,5,446.7,2233.51,1049.56,21.68,1162.27
CUST-3618,ORD-4207,2022-04-02,Europe,Mid Value,3,175.37,526.1,365.44,52.52,108.14
CUST-7289,ORD-4208,2022-06-10,Asia,High Value,4,149.66,598.63,338.58,30.96,229.09
CUST-7928,ORD-4209,2022-05-29,Europe,High Value,1,42.97,42.97,26.6,65.86,-49.48
CUST-6368,ORD-4210,2022-04-27,Africa,Mid Value,4,211.75,846.99,535.39,17.83,293.76
CUST-5621,ORD-4211,2023-04-03,Europe,Mid Value,1,79.5,79.5,48.27,15.84,15.39
CUST-8566,ORD-4212,2023-07-19,North America,Low Value,5,397.4,1987.02,1337.03,12.6,637.39
CUST-5670,ORD-4213,2022-02-14,Asia,Mid Value,3,88.62,265.87,138.8,45.81,81.27
CUST-8658,ORD-4214,2022-08-22,North America,Low Value,2,413.07,826.15,481.71,14.24,330.2
CUST-2003,ORD-4215,2023-01-10,Europe,High Value,4,71.65,286.62,159.81,8.13,118.68
CUST-8504,ORD-4216,2023-07-01,North America,Mid Value,1,250.7,250.7,156.94,29.93,63.82
CUST-3466,ORD-4217,2022-07-16,Europe,High Value,1,204.62,204.62,112.29,64.86,27.47
CUST-2939,ORD-4218,2022-01-25,Europe,Low Value,4,308.74,1234.96,831.4,16.71,386.86
CUST-2635,ORD-4219,2023-01-30,Asia,Mid Value,2,269.01,538.02,308.07,31.84,198.1
CUST-9095,ORD-4220,2023-12-15,Asia,Low Value,3,307.34,922.02,538.46,37.68,345.88
CUST-7265,ORD-4221,2022-02-05,Asia,Low Value,1,20.46,20.46,11.73,70.7,-61.97
CUST-2895,ORD-4222,2023-04-19,Africa,Mid Value,1,81.2,81.2,49.18,40.73,-8.71
CUST-7524,ORD-4223,2022-08-11,Asia,Mid Value,4,268.22,1072.87,619.69,43.4,409.78
CUST-2073,ORD-4224,2023-06-14,North America,Low Value,4,130.24,520.96,356.52,24.1,140.34
CUST-6184,ORD-4225,2022-07-07,Asia,Mid Value,1,56.63,56.63,27.34,55.14,-25.85
CUST-3402,ORD-4226,2023-02-06,Asia,Low Value,1,124.5,124.5,56.44,6.92,61.13
CUST-5895,ORD-4227,2022-09-14,Asia,High Value,1,394.33,394.33,228.89,77.33,88.11
CUST-8331,ORD-4228,2023-10-16,Europe,High Value,5,280.01,1400.07,897.66,42.36,460.04
CUST-2956,ORD-4229,2022-05-16,Europe,Mid Value,1,111.24,111.24,68.08,9.64,33.52
CUST-8023,ORD-4230,2023-08-14,Asia,Mid Value,3,27.67,83.01,57.33,46.94,-21.26
CUST-4907,ORD-4231,2023-03-20,Europe,High Value,3,191.65,574.94,284.92,43.55,246.47
CUST-1807,ORD-4232,2023-02-22,Europe,Low Value,2,191.59,383.17,238.91,23.05,121.21
CUST-9378,ORD-4233,2022-10-19,Africa,Low Value,4,372.86,1491.44,975.35,20.66,495.43
CUST-5827,ORD-4234,2023-07-28,North America,Low Value,2,461.33,922.66,625.58,25.31,271.77
CUST-5524,ORD-4235,2022-05-09,Europe,Mid Value,1,198.57,198.57,115.59,14.73,68.24
CUST-3284,ORD-4236,2022-12-07,North America,Low Value,4,350.3,1401.21,757.74,44.86,598.61
CUST-6313,ORD-4237,2022-09-14,Europe,Mid Value,1,324.75,324.75,223.7,70.92,30.13
CUST-1757,ORD-4238,2023-12-25,Asia,Mid Value,4,222.6,890.39,576.86,74.23,239.3
CUST-5887,ORD-4239,2023-07-20,Europe,Mid Value,5,51.63,258.14,146.55,76.47,35.12
CUST-4854,ORD-4240,2023-11-18,Europe,High Value,5,247.26,1236.31,757.6,50.03,428.68
CUST-4558,ORD-4241,2022-04-10,North America,Low Value,5,189.99,949.93,493.63,51.62,404.69
CUST-1961,ORD-4242,2022-02-08,Asia,Mid Value,2,284.09,568.19,343.02,28.29,196.88
CUST-4847,ORD-4243,2022-09-20,Africa,Low Value,4,80.19,320.76,187.65,71.4,61.71
CUST-7726,ORD-4244,2022-05-30,North America,High Value,2,367.64,735.27,338.08,41.61,355.58
CUST-4575,ORD-4245,2023-09-25,Asia,Low Value,4,398.12,1592.48,1061.29,25.95,505.24
CUST-3418,ORD-4246,2023-11-21,Asia,High Value,1,206.46,206.46,118.21,77.43,10.83
CUST-5198,ORD-4247,2022-11-26,North America,Mid Value,5,104.13,520.66,296.74,57.9,166.02
CUST-2001,ORD-4248,2022-04-30,Europe,Mid Value,5,319.32,1596.59,831.59,39.85,725.14
CUST-6244,ORD-4249,2023-08-07,Asia,High Value,4,478.79,1915.16,955.85,10.15,949.16
CUST-8119,ORD-4250,2022-08-07,Africa,Mid Value,2,356.24,712.48,372.52,15.51,324.45
CUST-5066,ORD-4251,2022-05-03,Europe,Low Value,2,79.27,158.54,97.11,19.74,41.7
CUST-3845,ORD-4252,2022-09-01,North America,Low Value,3,210.67,632.0,299.83,72.71,259.46
CUST-9849,ORD-4253,2023-08-10,North America,High Value,5,459.38,2296.89,1224.74,77.87,994.28
CUST-6316,ORD-4254,2023-06-02,North America,Low Value,5,324.52,1622.61,1127.21,25.02,470.38
CUST-1422,ORD-4255,2022-01-21,North America,Mid Value,2,90.63,181.27,93.87,42.37,45.02
CUST-7715,ORD-4256,2022-07-09,Africa,Mid Value,5,367.8,1839.02,1271.98,64.39,502.65
CUST-5266,ORD-4257,2022-08-13,Africa,Mid Value,2,189.69,379.38,180.66,33.85,164.87
CUST-8549,ORD-4258,2023-09-07,Asia,Low Value,3,254.98,764.93,496.05,41.93,226.95
CUST-7316,ORD-4259,2023-04-11,Africa,Mid Value,4,219.22,876.89,491.0,71.57,314.32
CUST-3710,ORD-4260,2022-04-09,North America,Low Value,4,368.33,1473.34,734.76,20.56,718.01
CUST-9644,ORD-4261,2022-12-29,Africa,High Value,3,124.59,373.78,241.78,79.54,52.46
CUST-9069,ORD-4262,2022-03-24,Europe,Mid Value,5,206.42,1032.09,466.24,39.22,526.62
CUST-2657,ORD-4263,2023-11-24,Europe,High Value,1,377.38,377.38,202.57,24.37,150.44
CUST-3541,ORD-4264,2023-10-26,Asia,Low Value,5,358.3,1791.48,1077.06,71.94,642.48
CUST-7763,ORD-4265,2022-02-25,North America,Low Value,2,116.84,233.67,118.65,10.74,104.29
CUST-4075,ORD-4266,2023-12-03,Africa,High Value,1,188.32,188.32,100.4,53.17,34.75
CUST-4164,ORD-4267,2022-01-22,Asia,Mid Value,3,26.89,80.68,38.15,9.63,32.9
CUST-3053,ORD-4268,2023-08-03,Asia,Mid Value,4,274.48,1097.93,728.26,75.96,293.71
CUST-9479,ORD-4269,2022-07-04,Africa,Mid Value,4,154.85,619.41,344.11,52.98,222.32
CUST-6737,ORD-4270,2023-06-06,Asia,High Value,5,25.7,128.48,62.48,34.85,31.15
CUST-4217,ORD-4271,2023-08-01,North America,Low Value,4,223.86,895.43,447.51,36.83,411.09
CUST-2447,ORD-4272,2022-09-21,Africa,High Value,5,464.9,2324.49,1205.92,17.39,1101.18
CUST-7009,ORD-4273,2022-08-13,Europe,Low Value,2,463.23,926.47,470.06,32.0,424.41
CUST-1607,ORD-4274,2023-09-27,Europe,Mid Value,2,198.61,397.22,228.73,72.78,95.7
CUST-5552,ORD-4275,2022-02-07,Africa,Mid Value,3,235.61,706.82,478.02,65.4,163.39
CUST-2764,ORD-4276,2022-05-03,Asia,Low Value,2,136.49,272.97,135.39,54.61,82.97
CUST-3671,ORD-4277,2022-06-05,Asia,Mid Value,5,52.79,263.94,148.69,77.58,37.66
CUST-7519,ORD-4278,2022-10-28,Europe,High Value,4,353.08,1412.34,869.98,48.01,494.36
CUST-4962,ORD-4279,2022-03-08,Europe,Low Value,2,404.03,808.05,400.75,18.22,389.08
CUST-4177,ORD-4280,2023-10-07,North America,Mid Value,2,442.45,884.9,432.27,58.52,394.11
CUST-4722,ORD-4281,2023-01-29,Asia,Mid Value,5,468.94,2344.69,1146.18,49.39,1149.12
CUST-5906,ORD-4282,2023-10-14,North America,Mid Value,2,459.66,919.32,616.4,37.74,265.18
CUST-8263,ORD-4283,2023-08-17,Europe,Mid Value,4,33.14,132.58,83.23,16.02,33.32
CUST-6054,ORD-4284,2023-07-24,Europe,Low Value,4,489.49,1957.94,1045.72,55.82,856.4
CUST-1808,ORD-4285,2023-10-23,Europe,Low Value,4,202.16,808.64,546.35,38.3,223.99
CUST-1725,ORD-4286,2023-02-09,Europe,Mid Value,4,445.33,1781.33,1226.24,48.4,506.69
CUST-8701,ORD-4287,2023-03-25,North America,High Value,1,231.56,231.56,127.26,28.66,75.65
CUST-2216,ORD-4288,2022-05-11,Europe,High Value,4,222.65,890.61,514.42,16.68,359.5
CUST-5051,ORD-4289,2022-03-10,Africa,High Value,1,25.37,25.37,13.69,31.99,-20.31
CUST-3197,ORD-4290,2022-12-11,Asia,High Value,4,45.17,180.69,91.59,68.91,20.19
CUST-3806,ORD-4291,2022-11-16,Europe,Low Value,4,342.21,1368.86,882.92,16.97,468.97
CUST-9970,ORD-4292,2022-06-26,Asia,Low Value,5,470.07,2350.34,1439.03,40.34,870.96
CUST-1972,ORD-4293,2023-08-07,Europe,High Value,4,127.71,510.85,276.74,27.32,206.79
CUST-6634,ORD-4294,2023-06-13,North America,Low Value,2,65.08,130.16,59.04,77.17,-6.05
CUST-8483,ORD-4295,2022-06-09,Asia,High Value,4,122.65,490.61,314.44,11.35,164.82
CUST-3123,ORD-4296,2023-08-05,North America,Mid Value,3,121.91,365.74,208.23,23.4,134.11
CUST-9790,ORD-4297,2023-09-17,Europe,Mid Value,5,160.71,803.53,376.27,38.72,388.54
CUST-1224,ORD-4298,2023-06-17,Africa,High Value,5,65.48,327.38,157.51,23.55,146.33
CUST-2814,ORD-4299,2022-05-15,Africa,Low Value,4,133.05,532.21,323.1,57.99,151.11
CUST-2106,ORD-4300,2022-04-21,Africa,High Value,3,462.21,1386.64,813.38,32.82,540.44
CUST-1124,ORD-4301,2022-10-10,Africa,Low Value,4,447.31,1789.22,912.72,63.56,812.95
CUST-4246,ORD-4302,2023-06-04,Africa,Mid Value,2,171.83,343.65,166.66,46.35,130.65
CUST-3931,ORD-4303,2023-12-20,North America,Low Value,5,498.51,2492.54,1672.95,37.01,782.58
CUST-3971,ORD-4304,2022-07-13,Africa,High Value,5,163.21,816.05,394.74,32.37,388.95
CUST-3017,ORD-4305,2022-02-16,Europe,Mid Value,3,366.48,1099.43,518.29,21.65,559.49
CUST-8415,ORD-4306,2022-12-08,North America,Mid Value,1,329.12,329.12,199.12,23.94,106.07
CUST-3415,ORD-4307,2022-08-30,North America,Low Value,3,50.99,152.96,78.49,18.23,56.24
CUST-4096,ORD-4308,2023-06-06,Africa,Mid Value,2,184.3,368.6,226.38,68.88,73.35
CUST-2609,ORD-4309,2023-01-05,Asia,Mid Value,3,476.72,1430.16,818.44,46.12,565.59
CUST-1717,ORD-4310,2022-05-11,Europe,Low Value,1,44.42,44.42,22.33,41.22,-19.13
CUST-4561,ORD-4311,2022-09-27,North America,Mid Value,2,103.94,207.89,97.17,29.17,81.55
CUST-7782,ORD-4312,2022-03-02,Europe,High Value,2,486.05,972.11,454.62,43.77,473.72
CUST-2048,ORD-4313,2022-06-13,Asia,Low Value,1,39.1,39.1,23.32,71.19,-55.41
CUST-9307,ORD-4314,2023-06-09,North America,Low Value,4,234.37,937.49,599.58,69.21,268.7
CUST-8905,ORD-4315,2022-09-29,Europe,Low Value,3,460.81,1382.43,860.44,49.93,472.05
CUST-6578,ORD-4316,2023-12-21,Africa,Low Value,2,472.97,945.93,565.87,44.75,335.32
CUST-2620,ORD-4317,2022-05-13,North America,High Value,3,490.07,1470.22,739.13,21.93,709.16
CUST-7548,ORD-4318,2022-09-01,North America,Low Value,1,251.03,251.03,167.05,56.97,27.01
CUST-8381,ORD-4319,2023-03-10,North America,High Value,5,61.51,307.55,186.75,69.0,51.8
CUST-5780,ORD-4320,2022-02-07,North America,Low Value,1,390.9,390.9,243.74,27.93,119.23
CUST-4792,ORD-4321,2023-07-22,Africa,Low Value,3,360.31,1080.94,546.91,37.67,496.36
CUST-3941,ORD-4322,2022-11-15,Asia,Mid Value,2,298.21,596.43,307.38,13.0,276.04
CUST-6695,ORD-4323,2023-05-25,Asia,Mid Value,3,446.35,1339.06,906.39,69.36,363.3
CUST-7401,ORD-4324,2023-01-11,Europe,High Value,5,457.55,2287.77,1301.78,12.33,973.66
CUST-7197,ORD-4325,2023-07-14,Africa,Mid Value,2,347.96,695.91,409.52,57.83,228.57
CUST-6450,ORD-4326,2023-09-09,Africa,Low Value,5,73.81,369.04,176.29,19.02,173.73
CUST-9975,ORD-4327,2023-04-19,Europe,High Value,4,65.85,263.41,144.52,60.02,58.87
CUST-9432,ORD-4328,2022-02-28,Africa,Mid Value,1,216.14,216.14,145.2,53.2,17.75
CUST-6874,ORD-4329,2023-08-12,Africa,Low Value,4,160.5,641.99,433.36,56.78,151.84
CUST-2553,ORD-4330,2023-05-14,North America,Mid Value,3,83.83,251.5,159.08,52.68,39.73
CUST-2012,ORD-4331,2022-08-06,North America,Mid Value,4,313.37,1253.49,735.06,34.75,483.68
CUST-9378,ORD-4332,2023-07-21,North America,Mid Value,1,348.09,348.09,237.65,51.51,58.93
CUST-2881,ORD-4333,2023-07-21,Africa,Mid Value,2,355.02,710.05,474.28,22.6,213.17
CUST-7799,ORD-4334,2022-05-09,Africa,Low Value,5,104.13,520.67,344.47,25.55,150.65
CUST-5586,ORD-4335,2023-01-18,Asia,Mid Value,2,166.81,333.61,223.67,9.88,100.06
CUST-9622,ORD-4336,2023-01-23,North America,High Value,4,115.55,462.18,260.35,50.96,150.87
CUST-9430,ORD-4337,2022-03-26,Europe,High Value,3,308.64,925.92,538.31,68.06,319.56
CUST-7447,ORD-4338,2023-05-25,Africa,Mid Value,4,292.2,1168.8,649.85,33.38,485.56
CUST-3345,ORD-4339,2023-12-27,North America,High Value,1,261.59,261.59,166.11,20.65,74.83
CUST-1075,ORD-4340,2023-09-19,Asia,Mid Value,1,162.11,162.11,96.94,66.79,-1.62
CUST-6877,ORD-4341,2023-03-13,North America,Low Value,3,133.79,401.36,187.6,53.31,160.44
CUST-7785,ORD-4342,2022-10-20,Asia,Low Value,2,447.4,894.79,433.21,72.01,389.56
CUST-5922,ORD-4343,2022-02-18,Asia,High Value,1,43.45,43.45,21.64,5.47,16.34
CUST-9090,ORD-4344,2022-03-08,Africa,High Value,1,335.07,335.07,206.95,35.09,93.03
CUST-3330,ORD-4345,2022-05-09,Asia,Mid Value,3,29.4,88.19,42.11,72.57,-26.49
CUST-5686,ORD-4346,2022-01-29,Asia,Mid Value,2,113.04,226.08,132.31,55.65,38.13
CUST-2902,ORD-4347,2022-12-09,Europe,Mid Value,4,158.95,635.81,419.77,40.16,175.88
CUST-5670,ORD-4348,2023-06-29,Asia,Low Value,5,445.51,2227.57,1530.07,36.09,661.41
CUST-8143,ORD-4349,2022-04-29,Europe,Mid Value,3,86.11,258.34,143.91,72.14,42.29
CUST-3059,ORD-4350,2023-11-23,Europe,Low Value,2,470.15,940.29,548.53,67.38,324.38
CUST-1140,ORD-4351,2023-10-25,North America,High Value,5,411.42,2057.1,1353.33,5.92,697.85
CUST-2789,ORD-4352,2022-05-13,North America,Low Value,3,345.94,1037.83,709.81,14.08,313.94
CUST-1016,ORD-4353,2022-11-23,Africa,High Value,4,217.64,870.55,476.6,43.42,350.53
CUST-1464,ORD-4354,2022-07-04,Africa,Low Value,4,454.52,1818.09,978.62,13.6,825.88
CUST-5471,ORD-4355,2023-05-21,Africa,Low Value,2,273.42,546.84,307.71,25.61,213.52
CUST-2827,ORD-4356,2023-10-08,Asia,Mid Value,2,198.18,396.36,203.51,67.62,125.23
CUST-9711,ORD-4357,2023-11-20,North America,High Value,4,301.1,1204.4,800.82,33.96,369.61
CUST-6956,ORD-4358,2023-06-18,Asia,Low Value,4,131.49,525.95,278.52,38.82,208.62
CUST-1089,ORD-4359,2022-08-29,North America,Low Value,3,150.98,452.94,254.72,18.06,180.16
CUST-5815,ORD-4360,2023-08-12,Asia,High Value,2,461.27,922.54,488.94,50.17,383.43
CUST-3851,ORD-4361,2023-12-17,Africa,Low Value,5,401.08,2005.42,962.06,14.02,1029.34
CUST-3843,ORD-4362,2023-05-31,North America,High Value,4,266.48,1065.92,641.32,52.27,372.33
CUST-7543,ORD-4363,2022-06-14,North America,High Value,5,219.95,1099.76,656.45,61.01,382.31
CUST-6901,ORD-4364,2023-10-02,Europe,High Value,2,407.63,815.27,426.98,70.52,317.77
CUST-1969,ORD-4365,2023-07-11,North America,Low Value,2,293.91,587.81,269.13,48.68,270.0
CUST-2094,ORD-4366,2022-08-06,North America,Low Value,1,219.22,219.22,149.98,29.9,39.33
CUST-7124,ORD-4367,2023-10-10,Asia,Mid Value,4,267.42,1069.66,576.43,68.88,424.36
CUST-8347,ORD-4368,2023-11-11,Africa,High Value,2,131.7,263.4,154.01,49.75,59.65
CUST-4195,ORD-4369,2023-08-28,Europe,Low Value,2,116.95,233.89,113.66,31.86,88.37
CUST-2404,ORD-4370,2022-01-05,Asia,Low Value,4,494.76,1979.05,1014.84,29.19,935.02
CUST-7940,ORD-4371,2023-10-30,North America,High Value,1,485.4,485.4,271.25,29.05,185.11
CUST-5290,ORD-4372,2022-03-22,Asia,High Value,1,222.0,222.0,131.1,9.23,81.67
CUST-4982,ORD-4373,2022-09-04,Africa,High Value,1,267.33,267.33,177.37,12.6,77.35
CUST-6555,ORD-4374,2023-05-08,Europe,Mid Value,1,417.05,417.05,217.95,11.73,187.37
CUST-8954,ORD-4375,2023-10-11,Asia,Mid Value,3,368.4,1105.2,738.22,28.41,338.57
CUST-5713,ORD-4376,2023-01-21,North America,Mid Value,4,67.78,271.13,153.09,40.55,77.5
CUST-4092,ORD-4377,2023-07-29,Asia,High Value,4,199.81,799.25,446.12,16.07,337.07
CUST-5159,ORD-4378,2022-11-03,North America,Low Value,4,140.07,560.29,307.66,67.1,185.54
CUST-7308,ORD-4379,2023-09-20,Europe,High Value,1,496.46,496.46,333.4,9.92,153.14
CUST-8478,ORD-4380,2023-09-17,Europe,Low Value,1,379.38,379.38,194.53,75.9,108.95
CUST-9476,ORD-4381,2023-06-27,Asia,Mid Value,2,42.93,85.85,57.04,10.58,18.24
CUST-5933,ORD-4382,2022-01-07,Europe,Mid Value,3,452.02,1356.05,640.43,72.1,643.52
CUST-5926,ORD-4383,2023-05-30,Africa,Mid Value,4,465.42,1861.68,1282.38,24.55,554.74
CUST-4969,ORD-4384,2023-07-22,Asia,Low Value,3,179.97,539.91,310.85,79.01,150.05
CUST-3965,ORD-4385,2022-03-14,North America,Low Value,4,328.15,1312.6,918.46,44.1,350.04
CUST-5319,ORD-4386,2022-01-10,Asia,High Value,1,347.38,347.38,209.12,6.37,131.89
CUST-9975,ORD-4387,2023-07-27,North America,High Value,1,370.18,370.18,177.47,26.2,166.52
CUST-8108,ORD-4388,2023-07-16,Europe,High Value,4,352.88,1411.53,656.68,75.51,679.34
CUST-4939,ORD-4389,2022-05-02,North America,Mid Value,5,288.66,1443.32,719.29,27.47,696.56
CUST-1044,ORD-4390,2023-11-18,North America,High Value,1,477.85,477.85,265.34,31.97,180.53
CUST-2810,ORD-4391,2023-05-28,North America,Mid Value,2,265.94,531.88,338.7,8.31,184.87
CUST-5566,ORD-4392,2023-03-17,North America,Low Value,1,73.24,73.24,32.97,23.99,16.27
CUST-2909,ORD-4393,2022-02-07,Africa,Mid Value,2,58.6,117.21,60.28,24.45,32.47
CUST-7364,ORD-4394,2023-12-03,North America,Mid Value,3,28.82,86.46,51.61,58.7,-23.84
CUST-3581,ORD-4395,2023-08-14,Asia,Mid Value,1,225.4,225.4,118.22,42.93,64.25
CUST-1691,ORD-4396,2022-12-11,Africa,Low Value,1,151.15,151.15,81.51,17.08,52.57
CUST-1931,ORD-4397,2022-12-04,North America,Low Value,3,449.71,1349.12,708.54,64.67,575.9
CUST-8910,ORD-4398,2023-12-03,North America,High Value,2,436.23,872.46,600.51,50.86,221.09
CUST-7382,ORD-4399,2022-07-03,North America,High Value,5,422.16,2110.82,984.61,25.13,1101.08
CUST-4406,ORD-4400,2022-03-08,Africa,High Value,2,436.29,872.59,590.63,21.78,260.17
CUST-9339,ORD-4401,2022-01-17,North America,Low Value,4,162.85,651.4,345.77,74.37,231.26
CUST-2032,ORD-4402,2023-01-18,North America,Low Value,4,224.54,898.15,459.52,52.78,385.84
CUST-2311,ORD-4403,2023-01-03,North America,Low Value,4,169.63,678.54,455.17,65.56,157.81
CUST-9579,ORD-4404,2022-11-12,Europe,Low Value,3,61.32,183.96,95.98,21.91,66.06
CUST-4121,ORD-4405,2023-05-12,Asia,Low Value,2,463.54,927.08,646.06,49.16,231.87
CUST-2873,ORD-4406,2023-12-22,North America,Mid Value,1,315.64,315.64,185.29,9.01,121.34
CUST-7781,ORD-4407,2022-12-11,Asia,High Value,4,83.63,334.5,190.36,49.6,94.53
CUST-4748,ORD-4408,2023-07-07,Europe,Mid Value,2,118.91,237.82,165.07,20.27,52.47
CUST-1277,ORD-4409,2023-04-18,Europe,High Value,1,236.36,236.36,119.76,55.18,61.42
CUST-2859,ORD-4410,2022-04-25,North America,Mid Value,2,44.91,89.82,60.83,74.9,-45.91
CUST-6929,ORD-4411,2022-04-10,Asia,Low Value,3,150.56,451.67,270.04,39.4,142.22
CUST-7792,ORD-4412,2023-03-14,Africa,High Value,4,357.65,1430.62,913.8,27.9,488.92
CUST-5713,ORD-4413,2022-12-11,North America,Mid Value,5,461.8,2308.98,1375.01,14.25,919.72
CUST-5675,ORD-4414,2022-12-15,Africa,High Value,4,465.79,1863.16,1126.58,55.29,681.29
CUST-2170,ORD-4415,2022-05-19,Europe,Low Value,4,269.61,1078.46,527.07,48.81,502.57
CUST-9681,ORD-4416,2022-11-20,Europe,Low Value,3,169.83,509.5,248.59,45.84,215.07
CUST-6308,ORD-4417,2022-10-29,Asia,High Value,1,461.96,461.96,253.75,75.2,133.01
CUST-3462,ORD-4418,2022-10-21,Africa,High Value,4,397.58,1590.34,853.37,78.36,658.61
CUST-1287,ORD-4419,2023-06-13,Africa,Low Value,1,301.81,301.81,189.54,58.77,53.5
CUST-6953,ORD-4420,2022-10-19,North America,Low Value,1,420.59,420.59,265.26,19.7,135.63
CUST-5282,ORD-4421,2022-03-15,Asia,Low Value,3,240.24,720.72,425.91,76.01,218.8
CUST-2907,ORD-4422,2023-04-29,Asia,Mid Value,4,73.85,295.41,162.63,30.87,101.92
CUST-2161,ORD-4423,2022-01-16,Africa,High Value,3,470.35,1411.06,873.73,10.94,526.39
CUST-1129,ORD-4424,2023-06-10,Europe,Low Value,3,276.32,828.97,515.48,23.08,290.41
CUST-7337,ORD-4425,2022-12-02,Asia,High Value,5,353.74,1768.7,1153.68,67.28,547.74
CUST-3363,ORD-4426,2023-05-31,Europe,Mid Value,3,208.3,624.9,408.02,20.28,196.6
CUST-9151,ORD-4427,2022-05-07,North America,Mid Value,5,85.16,425.78,199.01,34.63,192.14
CUST-6983,ORD-4428,2023-06-02,Asia,Low Value,1,150.5,150.5,81.8,25.51,43.19
CUST-1143,ORD-4429,2022-05-09,Asia,High Value,1,40.96,40.96,22.73,8.59,9.64
CUST-9207,ORD-4430,2023-05-26,North America,Mid Value,2,62.04,124.08,82.11,47.13,-5.16
CUST-8469,ORD-4431,2023-02-27,Asia,High Value,2,118.36,236.72,136.22,52.16,48.34
CUST-1244,ORD-4432,2023-01-20,Africa,High Value,1,289.29,289.29,165.53,64.34,59.42
CUST-1926,ORD-4433,2022-08-20,Africa,Low Value,4,496.58,1986.34,1168.85,36.1,781.39
CUST-4178,ORD-4434,2022-07-14,North America,Mid Value,2,424.99,849.97,409.52,15.6,424.85
CUST-3176,ORD-4435,2022-03-06,Europe,Mid Value,3,61.22,183.65,108.6,53.91,21.14
CUST-6002,ORD-4436,2023-09-07,Europe,Mid Value,2,424.32,848.65,498.91,71.75,277.98
CUST-1886,ORD-4437,2022-10-04,Asia,High Value,1,277.43,277.43,177.17,13.99,86.27
CUST-9532,ORD-4438,2023-11-01,Europe,Mid Value,4,336.96,1347.82,820.2,18.7,508.92
CUST-4398,ORD-4439,2022-08-12,Europe,Mid Value,1,82.29,82.29,56.68,29.69,-4.08
CUST-9497,ORD-4440,2022-10-05,North America,High Value,4,209.81,839.25,394.47,53.77,391.01
CUST-3654,ORD-4441,2023-11-25,Europe,Mid Value,2,444.38,888.76,571.39,44.29,273.08
CUST-8392,ORD-4442,2023-01-01,Europe,Mid Value,3,224.18,672.53,428.99,58.43,185.11
CUST-2371,ORD-4443,2023-05-31,Europe,High Value,3,81.01,243.04,125.74,7.35,109.96
CUST-8135,ORD-4444,2022-08-03,Africa,Mid Value,1,169.32,169.32,105.76,65.78,-2.23
CUST-1320,ORD-4445,2023-03-15,Africa,Low Value,4,126.33,505.32,310.68,79.06,115.57
CUST-5654,ORD-4446,2023-03-04,North America,High Value,2,349.71,699.42,366.97,8.5,323.95
CUST-6300,ORD-4447,2023-12-30,Asia,Mid Value,4,457.29,1829.17,1154.11,42.16,632.91
CUST-7761,ORD-4448,2023-01-31,North America,Low Value,4,372.08,1488.3,1016.01,60.49,411.8
CUST-7854,ORD-4449,2022-07-28,Asia,High Value,4,424.94,1699.75,894.59,40.73,764.43
CUST-6505,ORD-4450,2023-05-16,Asia,Mid Value,2,406.79,813.58,565.46,49.47,198.66
CUST-7553,ORD-4451,2023-04-08,Europe,High Value,4,27.01,108.04,54.68,74.07,-20.71
CUST-5042,ORD-4452,2023-08-09,Europe,Low Value,3,79.7,239.09,115.64,45.49,77.96
CUST-8498,ORD-4453,2022-08-15,North America,High Value,1,223.22,223.22,104.75,22.74,95.73
CUST-7636,ORD-4454,2023-01-10,North America,Mid Value,5,73.8,369.02,185.77,60.4,122.85
CUST-8362,ORD-4455,2023-05-15,North America,Low Value,4,372.77,1491.07,798.66,33.16,659.26
CUST-1011,ORD-4456,2022-04-03,Africa,High Value,3,53.69,161.07,102.0,26.38,32.68
CUST-1194,ORD-4457,2023-04-05,Africa,Mid Value,3,219.8,659.39,308.6,23.63,327.16
CUST-3537,ORD-4458,2023-07-31,Africa,Mid Value,1,208.3,208.3,120.15,10.95,77.2
CUST-3842,ORD-4459,2022-11-17,Africa,Low Value,1,280.85,280.85,162.81,74.97,43.08
CUST-3229,ORD-4460,2022-01-10,Africa,Low Value,5,322.1,1610.51,816.5,47.25,746.75
CUST-4009,ORD-4461,2022-10-30,Europe,High Value,5,474.54,2372.7,1094.68,76.63,1201.39
CUST-8984,ORD-4462,2022-11-18,Asia,Mid Value,5,150.17,750.84,380.14,69.63,301.07
CUST-3077,ORD-4463,2023-04-01,Africa,Low Value,2,339.67,679.35,344.83,7.27,327.24
CUST-8845,ORD-4464,2022-10-05,North America,Mid Value,2,36.84,73.68,45.83,23.55,4.3
CUST-4867,ORD-4465,2023-08-21,Asia,High Value,3,20.48,61.45,31.24,28.65,1.55
CUST-5873,ORD-4466,2023-06-22,Africa,Low Value,1,32.17,32.17,17.21,41.74,-26.78
CUST-9635,ORD-4467,2023-12-31,Africa,High Value,4,235.48,941.91,435.03,58.71,448.17
CUST-1297,ORD-4468,2023-01-28,Europe,High Value,1,286.41,286.41,173.56,56.06,56.79
CUST-6856,ORD-4469,2022-04-05,Europe,Low Value,2,22.98,45.96,26.13,79.05,-59.21
CUST-2015,ORD-4470,2022-04-17,Europe,High Value,3,210.28,630.83,338.28,74.25,218.3
CUST-2384,ORD-4471,2023-01-25,Africa,Mid Value,4,39.61,158.44,99.14,18.97,40.33
CUST-9745,ORD-4472,2023-06-10,Europe,Low Value,5,333.58,1667.88,1034.97,69.49,563.42
CUST-3350,ORD-4473,2023-11-04,Africa,Mid Value,5,322.99,1614.96,859.12,68.22,687.62
CUST-2269,ORD-4474,2022-03-12,Asia,High Value,2,396.41,792.82,497.38,48.11,247.33
CUST-2260,ORD-4475,2023-10-26,Asia,Low Value,3,282.21,846.62,454.68,30.36,361.58
CUST-8701,ORD-4476,2023-08-10,Africa,Mid Value,1,319.02,319.02,161.26,20.65,137.11
CUST-9376,ORD-4477,2023-01-11,North America,Mid Value,2,154.12,308.24,194.18,20.93,93.13
CUST-5563,ORD-4478,2023-12-28,Africa,Mid Value,1,61.02,61.02,38.56,30.34,-7.88
CUST-7897,ORD-4479,2023-01-03,Asia,Mid Value,4,373.91,1495.63,996.75,42.8,456.08
CUST-6672,ORD-4480,2022-02-20,Asia,Mid Value,1,313.69,313.69,180.45,48.79,84.46
CUST-6593,ORD-4481,2022-05-23,Africa,High Value,4,470.4,1881.6,956.03,29.38,896.19
CUST-7155,ORD-4482,2023-02-23,Africa,High Value,3,494.83,1484.49,978.61,31.74,474.13
CUST-6543,ORD-4483,2023-07-02,Africa,High Value,2,426.7,853.39,421.29,6.01,426.09
CUST-8240,ORD-4484,2023-05-15,Asia,High Value,1,493.1,493.1,337.6,5.16,150.34
CUST-5683,ORD-4485,2022-06-16,North America,High Value,3,330.77,992.32,522.62,73.04,396.66
CUST-2881,ORD-4486,2022-09-17,Africa,High Value,3,64.14,192.41,87.49,6.05,98.87
CUST-9713,ORD-4487,2022-07-11,Asia,High Value,1,63.12,63.12,31.35,7.48,24.28
CUST-4809,ORD-4488,2022-07-21,Africa,Mid Value,5,407.42,2037.09,1127.93,20.42,888.73
CUST-6807,ORD-4489,2022-07-04,Asia,High Value,5,133.69,668.47,310.03,60.75,297.68
CUST-5883,ORD-4490,2022-06-07,Africa,Mid Value,4,49.27,197.1,108.87,55.92,32.31
CUST-8206,ORD-4491,2023-09-14,Asia,Low Value,3,246.69,740.08,370.57,53.54,315.97
CUST-5155,ORD-4492,2022-04-09,Africa,High Value,2,171.03,342.06,155.55,48.12,138.39
CUST-5673,ORD-4493,2022-08-29,Europe,Mid Value,2,302.31,604.62,317.28,20.13,267.22
CUST-2409,ORD-4494,2023-05-06,Africa,Low Value,3,308.07,924.22,468.19,34.85,421.19
CUST-6197,ORD-4495,2022-07-21,Asia,Low Value,5,347.12,1735.6,963.16,40.86,731.59
CUST-8452,ORD-4496,2023-09-26,Africa,Mid Value,3,296.69,890.08,569.43,48.68,271.96
CUST-9718,ORD-4497,2023-05-24,North America,Mid Value,4,202.84,811.36,468.52,19.88,322.96
CUST-3172,ORD-4498,2023-09-21,Africa,Mid Value,3,31.36,94.08,60.4,59.68,-26.0
CUST-1279,ORD-4499,2022-04-06,Africa,High Value,1,454.44,454.44,242.75,28.17,183.52
CUST-4977,ORD-4500,2023-05-05,Africa,Low Value,5,176.92,884.61,400.99,54.52,429.1
CUST-3669,ORD-4501,2023-08-02,North America,High Value,1,263.43,263.43,179.28,43.55,40.61
CUST-8825,ORD-4502,2022-08-06,North America,High Value,1,287.33,287.33,151.91,49.42,86.01
CUST-4981,ORD-4503,2023-06-11,North America,High Value,3,171.13,513.39,298.65,35.99,178.75
CUST-5769,ORD-4504,2022-09-30,Europe,Low Value,3,168.07,504.21,286.04,38.38,179.79
CUST-6247,ORD-4505,2022-08-07,North America,Low Value,2,145.21,290.43,173.03,70.11,47.28
CUST-5427,ORD-4506,2023-10-21,Europe,Low Value,1,136.81,136.81,91.83,40.69,4.29
CUST-7135,ORD-4507,2022-11-28,Africa,Mid Value,3,34.59,103.77,69.19,64.54,-29.97
CUST-6573,ORD-4508,2023-03-29,Europe,High Value,2,479.8,959.6,667.17,34.63,257.8
CUST-5131,ORD-4509,2022-06-01,Africa,Mid Value,1,305.74,305.74,177.97,57.54,70.23
CUST-8189,ORD-4510,2022-12-13,Europe,Mid Value,2,71.87,143.74,97.83,22.47,23.44
CUST-5535,ORD-4511,2023-02-18,North America,High Value,5,304.14,1520.7,867.73,73.78,579.19
CUST-3776,ORD-4512,2023-06-11,North America,Low Value,4,131.48,525.92,242.5,77.55,205.87
CUST-8697,ORD-4513,2023-03-07,Europe,High Value,1,169.13,169.13,82.29,72.6,14.24
CUST-9386,ORD-4514,2023-01-14,Europe,Mid Value,3,404.56,1213.68,647.5,30.98,535.21
CUST-1662,ORD-4515,2023-03-04,North America,Low Value,5,445.18,2225.92,1405.37,25.74,794.82
CUST-9671,ORD-4516,2022-03-25,Africa,Low Value,2,355.92,711.83,334.8,18.68,358.34
CUST-9044,ORD-4517,2022-07-11,Africa,Mid Value,4,467.64,1870.56,1010.83,70.47,789.26
CUST-5218,ORD-4518,2022-02-10,Africa,Low Value,1,454.41,454.41,316.09,13.9,124.43
CUST-6060,ORD-4519,2022-11-05,Africa,Low Value,4,284.56,1138.25,735.79,53.17,349.29
CUST-6874,ORD-4520,2023-01-13,Asia,High Value,5,455.77,2278.83,1351.34,29.86,897.63
CUST-6581,ORD-4521,2022-05-16,Africa,High Value,4,281.6,1126.4,524.27,19.09,583.03
CUST-3014,ORD-4522,2022-04-16,Asia,Mid Value,1,70.05,70.05,31.78,18.84,19.44
CUST-4789,ORD-4523,2023-06-03,Asia,Mid Value,5,418.14,2090.69,995.82,70.32,1024.55
CUST-8148,ORD-4524,2023-06-26,North America,Mid Value,2,82.98,165.95,88.25,69.49,8.22
CUST-8766,ORD-4525,2022-05-06,North America,Low Value,1,171.66,171.66,103.27,25.4,42.99
CUST-3364,ORD-4526,2022-12-23,Europe,Mid Value,4,202.3,809.2,404.09,7.53,397.58
CUST-4629,ORD-4527,2023-02-04,Africa,High Value,1,407.5,407.5,188.58,70.18,148.73
CUST-6919,ORD-4528,2022-03-20,Africa,Low Value,5,60.1,300.49,142.04,9.3,149.14
CUST-6675,ORD-4529,2023-01-24,North America,Mid Value,4,233.57,934.29,520.12,11.35,402.82
CUST-9872,ORD-4530,2023-08-02,North America,Low Value,2,229.62,459.25,295.43,66.64,97.18
CUST-7638,ORD-4531,2023-06-19,North America,Low Value,3,299.44,898.31,588.64,66.29,243.38
CUST-5651,ORD-4532,2023-12-02,Europe,Low Value,2,189.86,379.71,198.5,20.19,161.03
CUST-1609,ORD-4533,2022-03-15,Africa,Mid Value,1,297.04,297.04,182.93,7.87,106.24
CUST-8940,ORD-4534,2022-01-05,Europe,Low Value,3,493.23,1479.69,811.13,9.72,658.83
CUST-4866,ORD-4535,2023-04-08,Asia,Low Value,5,54.34,271.72,188.34,39.0,44.38
CUST-1371,ORD-4536,2022-03-23,Asia,Low Value,4,439.82,1759.29,969.79,36.37,753.13
CUST-7998,ORD-4537,2023-06-21,Africa,High Value,4,168.14,672.57,369.22,18.67,284.67
CUST-1615,ORD-4538,2023-02-09,North America,Mid Value,5,243.54,1217.72,700.67,73.18,443.88
CUST-7911,ORD-4539,2023-05-29,North America,High Value,1,375.74,375.74,171.48,46.43,157.83
CUST-7010,ORD-4540,2022-10-05,Europe,Low Value,2,456.82,913.64,506.59,65.55,341.49
CUST-3253,ORD-4541,2022-08-12,Asia,Low Value,3,24.36,73.07,48.02,12.78,12.27
CUST-5942,ORD-4542,2023-08-07,Asia,High Value,5,337.85,1689.26,1018.66,78.01,592.59
CUST-1864,ORD-4543,2022-03-09,Africa,Low Value,1,53.39,53.39,36.96,65.73,-49.31
CUST-2268,ORD-4544,2022-11-16,Asia,High Value,1,272.33,272.33,144.72,26.59,101.02
CUST-8454,ORD-4545,2023-08-29,North America,Low Value,3,379.88,1139.65,558.87,6.56,574.23
CUST-9976,ORD-4546,2022-01-19,North America,Low Value,5,101.38,506.88,323.21,17.34,166.33
CUST-5571,ORD-4547,2023-10-02,North America,Low Value,2,386.62,773.23,356.39,36.39,380.45
CUST-6229,ORD-4548,2022-12-09,Africa,Low Value,2,168.58,337.16,165.17,5.22,166.76
CUST-3237,ORD-4549,2023-08-17,Europe,Mid Value,5,313.06,1565.32,902.78,8.06,654.48
CUST-5054,ORD-4550,2022-12-09,Asia,Mid Value,4,335.86,1343.44,857.63,12.4,473.41
CUST-1935,ORD-4551,2022-04-07,Africa,Mid Value,2,331.51,663.02,397.97,65.73,199.32
CUST-7394,ORD-4552,2022-02-21,Europe,High Value,4,28.9,115.61,80.78,46.01,-11.19
CUST-8891,ORD-4553,2022-06-24,Africa,High Value,5,93.09,465.46,285.67,19.32,160.47
CUST-1325,ORD-4554,2022-12-04,Asia,High Value,1,430.98,430.98,272.05,24.83,134.09
CUST-8774,ORD-4555,2023-11-25,North America,High Value,5,471.12,2355.62,1645.35,53.16,657.11
CUST-4861,ORD-4556,2022-12-19,Europe,Mid Value,1,290.56,290.56,173.79,28.9,87.88
CUST-2985,ORD-4557,2023-01-26,Europe,High Value,5,306.55,1532.73,963.56,56.16,513.01
CUST-5932,ORD-4558,2022-04-25,Africa,High Value,4,382.41,1529.66,802.43,63.37,663.86
CUST-5603,ORD-4559,2022-12-14,Africa,High Value,4,214.93,859.72,502.24,28.0,329.49
CUST-3778,ORD-4560,2022-01-01,North America,Low Value,5,177.45,887.24,601.54,32.49,253.21
CUST-9832,ORD-4561,2022-03-04,Africa,High Value,1,388.74,388.74,257.86,8.76,122.12
CUST-8754,ORD-4562,2022-08-14,Asia,Low Value,5,33.58,167.89,88.4,66.48,13.0
CUST-5078,ORD-4563,2023-02-27,Asia,High Value,1,444.97,444.97,239.97,50.46,154.54
CUST-2367,ORD-4564,2022-01-19,Asia,High Value,4,231.63,926.53,612.99,71.62,241.92
CUST-5042,ORD-4565,2022-01-31,Asia,Low Value,3,262.03,786.09,409.68,19.17,357.24
CUST-3575,ORD-4566,2023-09-25,North America,High Value,2,324.45,648.91,436.0,77.05,135.86
CUST-7754,ORD-4567,2022-01-24,North America,Low Value,4,151.71,606.82,390.45,58.01,158.36
CUST-2581,ORD-4568,2022-07-30,North America,High Value,5,306.75,1533.73,748.6,19.75,765.39
CUST-2986,ORD-4569,2022-06-10,Africa,High Value,5,352.66,1763.29,1110.77,39.72,612.8
CUST-3240,ORD-4570,2022-09-12,North America,Low Value,1,76.61,76.61,50.45,57.42,-31.27
CUST-4966,ORD-4571,2023-07-25,Europe,Mid Value,2,269.83,539.65,262.32,6.27,271.06
CUST-8604,ORD-4572,2022-04-24,Europe,Low Value,4,178.12,712.49,402.08,63.52,246.88
CUST-9320,ORD-4573,2023-05-19,Europe,Mid Value,2,287.53,575.06,382.8,76.08,116.19
CUST-6968,ORD-4574,2023-11-03,Africa,Low Value,2,30.22,60.44,30.2,11.11,19.13
CUST-8493,ORD-4575,2022-08-08,Africa,Mid Value,4,376.49,1505.95,846.75,72.36,586.84
CUST-5103,ORD-4576,2022-12-23,North America,High Value,1,100.83,100.83,60.82,39.83,0.18
CUST-3076,ORD-4577,2022-06-18,Asia,Mid Value,1,350.91,350.91,166.44,43.67,140.8
CUST-6231,ORD-4578,2023-06-08,Europe,High Value,1,389.03,389.03,195.69,68.01,125.33
CUST-3994,ORD-4579,2022-08-30,Africa,Low Value,3,381.25,1143.76,648.15,49.22,446.39
CUST-4744,ORD-4580,2023-01-10,Europe,Mid Value,2,412.4,824.8,448.21,31.36,345.23
CUST-6594,ORD-4581,2022-05-19,North America,High Value,3,167.72,503.15,267.27,59.94,175.94
CUST-8531,ORD-4582,2022-04-07,Africa,Low Value,1,484.21,484.21,221.09,15.37,247.75
CUST-8371,ORD-4583,2022-05-27,Asia,Mid Value,4,31.43,125.73,85.75,54.97,-14.99
CUST-2644,ORD-4584,2022-07-01,Asia,High Value,2,250.98,501.95,335.23,63.1,103.62
CUST-4144,ORD-4585,2022-02-26,Africa,Mid Value,4,149.74,598.95,328.32,30.11,240.52
CUST-1242,ORD-4586,2022-02-11,Asia,Mid Value,5,375.14,1875.71,929.12,77.77,868.82
CUST-5085,ORD-4587,2023-12-12,North America,High Value,2,406.51,813.01,379.89,53.05,380.08
CUST-8954,ORD-4588,2023-06-27,Asia,High Value,4,414.75,1658.99,797.64,12.18,849.18
CUST-8269,ORD-4589,2023-11-23,Europe,Low Value,1,162.51,162.51,97.59,77.47,-12.55
CUST-8130,ORD-4590,2022-01-02,Europe,High Value,3,151.59,454.76,288.08,60.8,105.88
CUST-7828,ORD-4591,2022-10-15,Europe,High Value,4,344.93,1379.72,674.83,57.17,647.72
CUST-9362,ORD-4592,2022-05-18,Africa,Mid Value,5,465.53,2327.64,1113.07,23.99,1190.58
CUST-9844,ORD-4593,2023-09-09,Africa,High Value,1,142.02,142.02,88.44,40.49,13.09
CUST-7331,ORD-4594,2023-05-27,Africa,Mid Value,5,457.09,2285.44,1323.85,72.58,889.01
CUST-4512,ORD-4595,2023-12-31,Africa,Mid Value,3,303.9,911.7,495.02,28.11,388.57
CUST-2499,ORD-4596,2022-08-10,Africa,High Value,5,374.21,1871.05,1181.09,36.75,653.21
CUST-3158,ORD-4597,2022-11-27,North America,High Value,4,231.15,924.59,521.4,24.26,378.94
CUST-6162,ORD-4598,2023-09-09,Africa,High Value,4,407.29,1629.17,922.56,21.19,685.41
CUST-5039,ORD-4599,2023-02-08,Asia,High Value,1,485.84,485.84,220.54,8.28,257.02
CUST-3035,ORD-4600,2023-05-23,North America,Low Value,3,101.88,305.63,161.68,60.27,83.68
CUST-8977,ORD-4601,2022-05-07,Africa,Mid Value,3,205.07,615.21,277.62,11.81,325.78
CUST-1857,ORD-4602,2022-09-22,Asia,Low Value,2,433.98,867.96,591.05,44.85,232.06
CUST-4823,ORD-4603,2023-12-13,North America,Low Value,2,104.8,209.61,109.73,8.73,91.15
CUST-7770,ORD-4604,2022-01-15,Europe,Mid Value,4,218.22,872.89,432.19,78.79,361.91
CUST-1298,ORD-4605,2022-08-14,North America,Low Value,5,99.74,498.68,235.74,58.21,204.73
CUST-8244,ORD-4606,2022-04-15,Africa,High Value,5,331.22,1656.08,764.55,52.28,839.26
CUST-1923,ORD-4607,2023-05-08,North America,High Value,1,134.39,134.39,90.25,18.98,25.17
CUST-5232,ORD-4608,2022-11-15,North America,High Value,3,202.79,608.36,299.39,44.6,264.36
CUST-5306,ORD-4609,2022-08-07,Europe,High Value,4,255.74,1022.98,618.26,42.77,361.95
CUST-3799,ORD-4610,2022-10-04,North America,Mid Value,5,162.62,813.11,498.28,31.9,282.93
CUST-7578,ORD-4611,2022-12-07,North America,High Value,2,346.35,692.7,366.71,16.71,309.29
CUST-5875,ORD-4612,2023-03-28,Europe,Mid Value,4,73.4,293.6,193.28,32.53,67.78
CUST-6326,ORD-4613,2023-01-04,Africa,Mid Value,1,442.3,442.3,222.7,50.68,168.92
CUST-7582,ORD-4614,2023-04-19,Asia,Mid Value,4,251.04,1004.17,469.82,41.55,492.81
CUST-2802,ORD-4615,2022-07-09,North America,Mid Value,5,294.95,1474.75,688.91,47.75,738.09
CUST-3657,ORD-4616,2023-02-23,Europe,Low Value,1,318.62,318.62,167.31,47.9,103.41
CUST-4346,ORD-4617,2023-12-11,North America,Low Value,2,48.65,97.29,55.05,23.35,18.89
CUST-3949,ORD-4618,2023-05-10,Africa,High Value,2,383.36,766.71,465.65,13.32,287.73
CUST-1941,ORD-4619,2022-02-08,Africa,Mid Value,5,474.05,2370.26,1498.42,44.13,827.7
CUST-2907,ORD-4620,2022-06-11,Europe,High Value,1,269.56,269.56,133.34,71.93,64.29
CUST-5837,ORD-4621,2022-05-01,Asia,High Value,2,207.62,415.23,257.85,79.65,77.73
CUST-9105,ORD-4622,2023-02-03,Asia,High Value,1,396.7,396.7,196.62,63.94,136.14
CUST-2243,ORD-4623,2022-09-19,North America,High Value,4,365.77,1463.08,1023.13,21.58,418.37
CUST-6696,ORD-4624,2023-12-29,Europe,Mid Value,3,332.47,997.41,687.98,52.27,257.15
CUST-2466,ORD-4625,2023-07-15,Asia,Mid Value,3,483.37,1450.11,689.67,22.91,737.52
CUST-4957,ORD-4626,2023-08-27,Africa,Low Value,3,299.25,897.76,551.02,48.23,298.5
CUST-2966,ORD-4627,2022-05-09,Asia,Mid Value,2,139.22,278.44,188.17,41.05,49.21
CUST-1375,ORD-4628,2023-06-24,Europe,Mid Value,5,31.89,159.44,74.96,33.62,50.86
CUST-1262,ORD-4629,2022-12-22,Africa,High Value,3,237.66,712.99,342.94,53.12,316.92
CUST-5362,ORD-4630,2023-10-22,North America,Mid Value,5,333.12,1665.58,894.0,69.33,702.25
CUST-7502,ORD-4631,2023-03-08,Africa,High Value,3,102.63,307.88,145.91,30.31,131.66
CUST-8833,ORD-4632,2022-03-06,Asia,Mid Value,4,32.37,129.47,86.92,41.47,1.07
CUST-2893,ORD-4633,2022-08-06,Asia,Low Value,3,456.36,1369.09,915.76,39.19,414.14
CUST-9106,ORD-4634,2023-07-17,Asia,High Value,5,164.93,824.67,566.7,23.69,234.28
CUST-2652,ORD-4635,2023-03-03,North America,Mid Value,2,243.7,487.41,244.31,36.58,206.51
CUST-6540,ORD-4636,2022-03-15,Asia,Mid Value,4,63.71,254.86,117.57,6.62,130.66
CUST-4892,ORD-4637,2023-04-05,Europe,High Value,5,203.17,1015.87,570.06,43.81,402.0
CUST-1599,ORD-4638,2023-03-01,North America,Low Value,1,223.41,223.41,149.72,59.06,14.64
CUST-5815,ORD-4639,2023-12-12,Africa,Low Value,3,453.32,1359.95,829.04,32.57,498.34
CUST-2912,ORD-4640,2022-07-11,Asia,Mid Value,4,435.42,1741.68,1218.44,60.99,462.24
CUST-9792,ORD-4641,2022-07-08,Europe,Mid Value,2,110.72,221.44,149.79,61.3,10.35
CUST-9572,ORD-4642,2022-01-12,Europe,Mid Value,1,286.91,286.91,157.28,78.81,50.82
CUST-5213,ORD-4643,2022-08-27,North America,High Value,3,371.0,1113.0,511.85,45.95,555.2
CUST-4637,ORD-4644,2023-08-16,Europe,High Value,4,160.09,640.35,288.99,35.3,316.06
CUST-6599,ORD-4645,2023-03-29,North America,High Value,5,209.33,1046.64,639.55,52.96,354.12
CUST-7448,ORD-4646,2023-01-18,North America,Mid Value,3,492.74,1478.23,1003.63,51.99,422.6
CUST-9557,ORD-4647,2022-02-17,North America,Low Value,4,384.67,1538.69,863.29,79.05,596.34
CUST-8382,ORD-4648,2022-11-13,Africa,High Value,3,229.85,689.54,461.01,58.08,170.45
CUST-9982,ORD-4649,2022-07-28,Africa,Low Value,4,276.36,1105.44,654.07,27.99,423.37
CUST-4569,ORD-4650,2023-07-01,Europe,Mid Value,5,320.38,1601.88,760.1,19.06,822.72
CUST-8707,ORD-4651,2022-04-29,Africa,High Value,3,259.44,778.33,505.59,64.45,208.29
CUST-1746,ORD-4652,2023-07-31,North America,High Value,4,217.58,870.31,498.82,18.48,353.01
CUST-9504,ORD-4653,2022-11-11,North America,High Value,1,192.49,192.49,89.08,52.06,51.35
CUST-5633,ORD-4654,2022-02-05,Africa,Mid Value,2,101.11,202.22,132.18,14.92,55.12
CUST-1920,ORD-4655,2023-04-08,Europe,Mid Value,4,487.34,1949.35,1246.44,58.9,644.01
CUST-8008,ORD-4656,2023-07-08,North America,Mid Value,4,63.88,255.51,144.19,63.72,47.6
CUST-3381,ORD-4657,2023-08-04,Africa,Low Value,4,308.49,1233.96,561.29,79.29,593.38
CUST-4618,ORD-4658,2023-02-07,Asia,Low Value,3,480.61,1441.83,773.88,76.57,591.38
CUST-9989,ORD-4659,2022-04-17,Europe,High Value,2,199.97,399.93,223.46,58.54,117.94
CUST-5443,ORD-4660,2022-02-08,Europe,High Value,3,141.16,423.49,208.07,25.81,189.6
CUST-1272,ORD-4661,2023-08-04,Europe,Mid Value,4,478.65,1914.6,938.59,8.28,967.74
CUST-2773,ORD-4662,2022-06-29,Asia,Mid Value,4,404.83,1619.34,796.3,46.64,776.39
CUST-3547,ORD-4663,2022-01-12,North America,Mid Value,2,334.41,668.82,362.93,62.45,243.44
CUST-4164,ORD-4664,2022-12-05,Europe,High Value,1,313.75,313.75,205.32,5.8,102.64
CUST-5780,ORD-4665,2023-12-17,Africa,Mid Value,3,192.86,578.58,370.2,44.36,164.02
CUST-1946,ORD-4666,2023-07-02,Europe,Low Value,1,327.83,327.83,148.35,71.22,108.26
CUST-1506,ORD-4667,2022-05-06,Africa,Low Value,4,368.01,1472.05,665.97,52.79,753.29
CUST-7719,ORD-4668,2022-03-04,Europe,High Value,4,35.23,140.92,66.15,56.28,18.49
CUST-9435,ORD-4669,2022-03-23,Africa,High Value,5,76.49,382.46,216.72,40.57,125.16
CUST-9697,ORD-4670,2022-10-26,Africa,Low Value,5,171.25,856.27,575.6,75.74,204.93
CUST-7360,ORD-4671,2022-02-03,Africa,Mid Value,1,175.1,175.1,86.77,33.1,55.23
CUST-8657,ORD-4672,2023-09-01,Asia,High Value,5,452.25,2261.24,1287.09,33.43,940.71
CUST-4590,ORD-4673,2022-02-18,Asia,High Value,2,348.56,697.13,320.81,43.83,332.49
CUST-2192,ORD-4674,2023-10-20,Asia,High Value,1,199.28,199.28,90.69,48.94,59.65
CUST-2464,ORD-4675,2023-09-29,North America,Low Value,5,408.42,2042.09,922.76,45.31,1074.02
CUST-1390,ORD-4676,2023-12-02,Africa,High Value,5,175.13,875.67,555.32,66.4,253.95
CUST-6615,ORD-4677,2022-02-26,North America,Low Value,2,495.56,991.13,451.91,67.59,471.63
CUST-7106,ORD-4678,2022-04-19,Asia,Low Value,2,395.18,790.36,409.76,14.87,365.72
CUST-9864,ORD-4679,2023-06-01,Africa,Mid Value,1,408.03,408.03,249.41,49.71,108.9
CUST-3560,ORD-4680,2022-01-24,North America,Mid Value,3,145.27,435.8,263.51,78.79,93.5
CUST-6867,ORD-4681,2022-08-09,Asia,Mid Value,2,89.62,179.23,83.13,49.97,46.13
CUST-2211,ORD-4682,2022-11-11,North America,High Value,5,206.98,1034.89,532.11,56.61,446.17
CUST-2539,ORD-4683,2022-10-21,North America,Low Value,1,180.43,180.43,110.03,69.6,0.8
CUST-1643,ORD-4684,2022-01-10,Asia,High Value,3,389.52,1168.56,640.44,70.0,458.12
CUST-9693,ORD-4685,2023-11-08,Africa,Low Value,1,103.66,103.66,58.72,6.29,38.65
CUST-9921,ORD-4686,2023-04-26,Europe,High Value,5,273.18,1365.92,685.38,22.96,657.58
CUST-2283,ORD-4687,2023-12-28,Europe,Low Value,3,321.53,964.6,443.17,69.72,451.71
CUST-8680,ORD-4688,2023-09-30,North America,Mid Value,3,204.88,614.64,329.63,55.03,229.97
CUST-8345,ORD-4689,2022-09-24,North America,Mid Value,2,116.29,232.58,144.37,52.38,35.83
CUST-5386,ORD-4690,2022-03-29,North America,High Value,4,449.92,1799.68,1154.73,69.5,575.45
CUST-1919,ORD-4691,2023-03-31,Africa,Low Value,5,86.64,433.22,259.12,65.49,108.6
CUST-3339,ORD-4692,2023-09-18,North America,Mid Value,4,165.83,663.3,363.69,61.35,238.26
CUST-9947,ORD-4693,2023-06-17,North America,Low Value,5,383.15,1915.76,1141.38,8.55,765.83
CUST-6930,ORD-4694,2022-05-28,North America,High Value,1,310.55,310.55,194.48,63.62,52.44
CUST-6402,ORD-4695,2023-12-30,Asia,Mid Value,4,370.71,1482.84,947.26,20.05,515.53
CUST-6663,ORD-4696,2023-03-07,Europe,High Value,3,408.21,1224.62,580.01,6.95,637.67
CUST-6275,ORD-4697,2022-08-30,Europe,High Value,2,449.79,899.58,585.4,41.89,272.29
CUST-1507,ORD-4698,2023-12-03,Asia,Low Value,5,166.19,830.96,387.12,75.68,368.16
CUST-2436,ORD-4699,2022-03-07,Africa,High Value,2,247.67,495.33,330.69,71.48,93.16
CUST-9750,ORD-4700,2023-01-13,Africa,High Value,5,350.39,1751.94,960.17,78.65,713.12
CUST-8354,ORD-4701,2023-01-23,Africa,Low Value,3,401.48,1204.43,706.68,23.49,474.27
CUST-5516,ORD-4702,2022-07-28,Asia,Low Value,3,297.35,892.06,466.1,57.15,368.81
CUST-4622,ORD-4703,2023-02-19,Europe,High Value,3,266.6,799.8,445.22,9.19,345.39
CUST-5399,ORD-4704,2022-01-16,Europe,Mid Value,3,352.05,1056.14,698.42,65.26,292.46
CUST-6037,ORD-4705,2022-10-24,North America,Mid Value,3,203.37,610.12,319.66,44.28,246.18
CUST-9111,ORD-4706,2022-08-08,Europe,Low Value,2,448.98,897.96,530.73,79.72,287.5
CUST-4715,ORD-4707,2023-01-02,Africa,High Value,1,121.87,121.87,74.55,23.0,24.31
CUST-8837,ORD-4708,2022-08-17,Africa,Mid Value,4,444.32,1777.29,864.83,63.85,848.61
CUST-2301,ORD-4709,2023-09-23,North America,Low Value,2,328.94,657.87,423.97,17.82,216.08
CUST-8370,ORD-4710,2023-03-16,North America,Low Value,4,308.32,1233.26,863.0,26.54,343.73
CUST-6185,ORD-4711,2023-11-21,Europe,Low Value,1,245.58,245.58,120.03,27.17,98.38
CUST-3155,ORD-4712,2023-06-16,North America,High Value,5,94.28,471.39,302.62,48.34,120.43
CUST-7411,ORD-4713,2023-03-26,North America,Low Value,1,435.17,435.17,211.83,32.38,190.96
CUST-7365,ORD-4714,2022-02-05,Asia,Mid Value,1,45.22,45.22,31.09,37.9,-23.78
CUST-1692,ORD-4715,2023-02-26,Europe,High Value,5,149.58,747.92,413.41,44.14,290.37
CUST-2478,ORD-4716,2023-09-12,Africa,Mid Value,4,72.66,290.64,201.99,9.22,79.43
CUST-7396,ORD-4717,2022-07-08,Asia,Mid Value,3,71.28,213.84,99.86,54.9,59.08
CUST-9448,ORD-4718,2022-06-27,Africa,Mid Value,5,207.4,1037.01,671.72,53.7,311.6
CUST-1441,ORD-4719,2023-08-31,North America,High Value,5,97.0,485.02,275.66,77.36,132.0
CUST-3646,ORD-4720,2022-11-11,North America,Mid Value,1,299.07,299.07,156.22,15.0,127.84
CUST-6209,ORD-4721,2022-01-20,Africa,Low Value,5,321.04,1605.18,1022.46,7.32,575.4
CUST-7533,ORD-4722,2023-11-07,Asia,Low Value,2,443.4,886.81,539.92,14.99,331.9
CUST-5677,ORD-4723,2023-01-17,Asia,Mid Value,3,163.84,491.52,332.13,36.68,122.71
CUST-8211,ORD-4724,2023-09-01,Asia,Low Value,1,168.41,168.41,86.26,21.05,61.1
CUST-3645,ORD-4725,2022-05-23,North America,High Value,4,138.26,553.03,378.79,21.22,153.02
CUST-9210,ORD-4726,2022-03-03,Europe,High Value,4,395.27,1581.08,965.19,70.2,545.68
CUST-8933,ORD-4727,2022-08-30,North America,Low Value,4,225.47,901.88,507.4,29.29,365.19
CUST-6476,ORD-4728,2022-08-26,Africa,Low Value,4,285.16,1140.65,528.44,36.26,575.95
CUST-8928,ORD-4729,2022-05-11,Asia,High Value,4,199.82,799.27,512.56,56.31,230.39
CUST-3080,ORD-4730,2023-08-28,Europe,Mid Value,1,95.27,95.27,63.32,30.5,1.46
CUST-7089,ORD-4731,2023-08-26,Asia,High Value,2,69.21,138.43,90.31,46.58,1.54
CUST-8396,ORD-4732,2023-10-07,North America,Mid Value,2,436.77,873.54,553.75,44.22,275.57
CUST-8797,ORD-4733,2022-05-03,Europe,Low Value,4,147.43,589.72,408.3,24.61,156.81
CUST-1861,ORD-4734,2023-03-16,Europe,Low Value,2,471.98,943.96,625.16,58.78,260.01
CUST-9346,ORD-4735,2022-12-08,North America,Mid Value,3,474.7,1424.1,971.19,67.56,385.35
CUST-4494,ORD-4736,2023-02-23,Asia,Mid Value,2,249.88,499.76,316.16,63.76,119.84
CUST-1904,ORD-4737,2023-09-22,Asia,High Value,5,480.12,2400.61,1572.53,34.65,793.44
CUST-2269,ORD-4738,2023-03-31,Asia,Mid Value,4,33.67,134.7,70.35,74.97,-10.63
CUST-1404,ORD-4739,2022-07-17,North America,Low Value,5,63.99,319.96,197.49,72.42,50.05
CUST-2184,ORD-4740,2022-10-09,Africa,Low Value,5,136.79,683.94,342.92,25.01,316.01
CUST-9938,ORD-4741,2022-01-01,Africa,Low Value,4,120.41,481.65,225.08,14.3,242.27
CUST-2725,ORD-4742,2023-12-24,Asia,Mid Value,1,141.27,141.27,84.03,72.04,-14.8
CUST-9462,ORD-4743,2022-11-28,Europe,Mid Value,2,237.1,474.2,306.21,60.86,107.13
CUST-6811,ORD-4744,2022-07-31,Africa,Low Value,3,50.2,150.61,70.89,28.32,51.39
CUST-6606,ORD-4745,2022-03-28,Asia,Mid Value,1,286.59,286.59,141.95,27.87,116.77
CUST-4956,ORD-4746,2023-10-27,Africa,High Value,3,168.54,505.61,239.28,29.16,237.17
CUST-1171,ORD-4747,2023-11-30,Asia,High Value,4,54.34,217.37,132.28,69.6,15.49
CUST-9465,ORD-4748,2022-03-02,Africa,Mid Value,2,381.54,763.08,358.55,23.02,381.51
CUST-3306,ORD-4749,2022-04-05,Africa,Mid Value,1,333.65,333.65,157.92,53.83,121.89
CUST-1421,ORD-4750,2023-07-07,Europe,Low Value,4,400.85,1603.39,827.41,67.58,708.39
CUST-6540,ORD-4751,2022-05-27,Europe,Mid Value,1,470.83,470.83,243.68,34.05,193.1
CUST-5675,ORD-4752,2022-09-03,Africa,Low Value,5,301.17,1505.84,887.5,9.61,608.72
CUST-7748,ORD-4753,2023-10-06,Asia,High Value,2,397.62,795.25,364.26,61.91,369.07
CUST-7103,ORD-4754,2022-10-24,Europe,Mid Value,2,115.61,231.22,139.62,6.49,85.11
CUST-2473,ORD-4755,2022-05-03,North America,High Value,4,216.98,867.9,479.89,67.32,320.7
CUST-4243,ORD-4756,2023-10-17,Europe,Mid Value,4,274.43,1097.74,543.03,32.06,522.64
CUST-3181,ORD-4757,2023-11-25,Africa,Mid Value,4,279.78,1119.13,686.4,65.1,367.63
CUST-4096,ORD-4758,2023-12-05,Africa,Low Value,2,364.8,729.6,388.45,45.9,295.25
CUST-7646,ORD-4759,2023-04-01,North America,Low Value,5,402.05,2010.26,1320.48,31.94,657.83
CUST-6882,ORD-4760,2023-02-03,Europe,Mid Value,2,340.09,680.18,474.33,72.45,133.4
CUST-6982,ORD-4761,2023-12-20,Africa,Mid Value,4,42.68,170.71,110.07,62.53,-1.88
CUST-6798,ORD-4762,2022-08-19,North America,Low Value,3,188.58,565.75,359.68,11.05,195.02
CUST-9415,ORD-4763,2023-06-18,North America,High Value,5,294.77,1473.85,794.1,74.79,604.96
CUST-9411,ORD-4764,2023-02-06,Asia,Mid Value,2,263.78,527.55,307.91,40.03,179.62
CUST-9456,ORD-4765,2023-08-15,Europe,Low Value,3,41.5,124.51,57.67,16.17,50.67
CUST-5524,ORD-4766,2022-05-10,Europe,Mid Value,5,490.71,2453.53,1550.22,62.84,840.47
CUST-7559,ORD-4767,2022-10-19,Europe,Low Value,2,478.93,957.86,592.69,43.82,321.35
CUST-8620,ORD-4768,2022-10-03,Africa,High Value,4,391.41,1565.62,809.96,55.46,700.21
CUST-3774,ORD-4769,2023-01-11,North America,Mid Value,2,46.57,93.14,54.35,57.05,-18.26
CUST-6673,ORD-4770,2022-02-24,Asia,Mid Value,5,226.5,1132.5,701.95,19.79,410.75
CUST-4124,ORD-4771,2023-08-01,Europe,High Value,4,216.69,866.76,469.76,77.81,319.18
CUST-9671,ORD-4772,2022-01-26,Asia,Mid Value,1,287.85,287.85,181.75,12.92,93.19
CUST-2353,ORD-4773,2023-03-17,Asia,Mid Value,3,46.85,140.54,91.23,50.43,-1.13
CUST-4854,ORD-4774,2022-07-16,North America,Mid Value,4,223.36,893.42,451.97,15.97,425.48
CUST-9134,ORD-4775,2023-10-04,Europe,Low Value,4,383.76,1535.05,806.38,70.8,657.87
CUST-1924,ORD-4776,2022-08-31,Asia,Low Value,5,499.04,2495.22,1373.35,17.99,1103.88
CUST-3170,ORD-4777,2023-12-25,Europe,Mid Value,5,305.81,1529.06,778.17,38.08,712.82
CUST-6506,ORD-4778,2022-07-09,Europe,High Value,3,471.49,1414.48,910.79,11.52,492.18
CUST-3395,ORD-4779,2023-07-22,Europe,High Value,5,499.3,2496.49,1480.32,38.6,977.57
CUST-9220,ORD-4780,2023-07-21,Asia,Mid Value,4,228.7,914.78,498.58,5.3,410.9
CUST-9226,ORD-4781,2022-10-03,North America,Low Value,3,340.97,1022.91,464.42,38.26,520.24
CUST-6515,ORD-4782,2023-02-13,North America,Low Value,3,122.34,367.03,195.06,56.59,115.37
CUST-3670,ORD-4783,2022-12-06,Asia,Mid Value,2,248.31,496.62,327.34,18.71,150.57
CUST-4365,ORD-4784,2022-06-02,Africa,Low Value,4,57.64,230.55,146.6,46.47,37.47
CUST-1588,ORD-4785,2023-07-19,Europe,Low Value,4,33.99,135.97,63.48,40.58,31.91
CUST-4138,ORD-4786,2023-02-02,Europe,High Value,5,448.6,2243.01,1458.76,30.12,754.12
CUST-7663,ORD-4787,2023-03-20,North America,Mid Value,4,432.03,1728.13,855.02,55.31,817.8
CUST-5086,ORD-4788,2023-09-15,Asia,Low Value,5,169.79,848.96,591.52,79.64,177.8
CUST-9531,ORD-4789,2023-03-03,Asia,Low Value,4,239.34,957.35,638.68,75.33,243.33
CUST-5270,ORD-4790,2023-05-02,Africa,Low Value,2,256.93,513.87,348.56,77.76,87.55
CUST-7019,ORD-4791,2022-07-23,Africa,Mid Value,4,269.94,1079.75,693.59,6.52,379.64
CUST-1556,ORD-4792,2022-04-22,North America,Mid Value,2,84.59,169.19,106.2,24.23,38.76
CUST-9022,ORD-4793,2022-11-21,Africa,Low Value,4,392.03,1568.11,801.48,74.21,692.43
CUST-6452,ORD-4794,2022-09-15,Africa,High Value,4,186.95,747.81,446.14,8.62,293.04
CUST-4567,ORD-4795,2023-06-12,Asia,High Value,1,35.21,35.21,21.98,32.36,-19.12
CUST-4899,ORD-4796,2022-12-16,Asia,Mid Value,4,344.75,1379.0,719.87,53.92,605.22
CUST-7477,ORD-4797,2023-11-09,Africa,High Value,2,418.34,836.68,459.82,78.72,298.14
CUST-8500,ORD-4798,2023-03-11,North America,Low Value,3,460.7,1382.1,949.18,25.68,407.24
CUST-2016,ORD-4799,2023-03-02,Africa,Mid Value,2,343.71,687.43,379.45,62.31,245.66
CUST-7470,ORD-4800,2022-10-07,North America,Mid Value,4,111.81,447.26,236.53,54.53,156.2
CUST-3062,ORD-4801,2023-01-06,Africa,High Value,5,303.09,1515.47,722.58,51.01,741.88
CUST-5321,ORD-4802,2023-11-01,Asia,Mid Value,1,457.65,457.65,244.99,60.72,151.93
CUST-4496,ORD-4803,2022-09-06,Asia,High Value,5,188.27,941.34,567.66,24.04,349.64
CUST-2813,ORD-4804,2022-06-30,North America,High Value,1,477.61,477.61,232.56,30.4,214.64
CUST-7256,ORD-4805,2023-12-04,Africa,Low Value,1,66.89,66.89,40.22,47.03,-20.37
CUST-3313,ORD-4806,2023-10-13,Africa,High Value,5,369.47,1847.33,1173.6,37.92,635.8
CUST-2231,ORD-4807,2022-03-19,North America,High Value,4,77.56,310.23,199.19,59.15,51.89
CUST-6831,ORD-4808,2022-12-02,Africa,Mid Value,2,403.46,806.92,561.78,65.05,180.09
CUST-3999,ORD-4809,2022-02-19,Europe,Low Value,5,66.87,334.37,186.79,44.6,102.98
CUST-4440,ORD-4810,2022-03-26,Asia,Low Value,3,176.35,529.04,242.36,34.55,252.14
CUST-5056,ORD-4811,2023-11-26,Asia,High Value,1,392.89,392.89,260.75,73.39,58.75
CUST-1305,ORD-4812,2023-11-26,North America,Mid Value,2,240.89,481.79,226.86,61.24,193.68
CUST-2689,ORD-4813,2022-01-04,Africa,Mid Value,3,443.69,1331.07,885.71,55.49,389.86
CUST-4917,ORD-4814,2022-11-13,North America,Mid Value,2,212.83,425.67,296.13,9.3,120.24
CUST-8080,ORD-4815,2022-04-21,Europe,Low Value,4,497.58,1990.32,1346.86,44.59,598.87
CUST-9611,ORD-4816,2022-11-30,Africa,Low Value,3,28.96,86.89,60.04,14.11,12.74
CUST-3936,ORD-4817,2022-05-13,Europe,High Value,5,354.11,1770.55,807.08,54.54,908.93
CUST-4862,ORD-4818,2023-09-04,North America,High Value,2,459.63,919.25,416.28,27.47,475.5
CUST-6649,ORD-4819,2023-11-15,Asia,Mid Value,5,277.27,1386.37,696.75,60.39,629.23
CUST-4261,ORD-4820,2022-04-29,Europe,High Value,5,494.48,2472.42,1606.28,63.36,802.78
CUST-2819,ORD-4821,2022-12-16,Africa,Mid Value,2,359.85,719.7,339.95,27.53,352.22
CUST-2342,ORD-4822,2023-11-18,North America,Low Value,2,226.17,452.35,287.98,78.22,86.15
CUST-6560,ORD-4823,2023-06-26,North America,High Value,1,267.38,267.38,121.16,43.75,102.47
CUST-3226,ORD-4824,2022-02-24,North America,Mid Value,1,441.19,441.19,279.17,21.34,140.67
CUST-2079,ORD-4825,2022-12-27,Asia,Low Value,3,479.64,1438.92,737.47,63.14,638.31
CUST-5206,ORD-4826,2023-12-09,North America,Mid Value,3,286.83,860.48,481.96,62.06,316.46
CUST-7280,ORD-4827,2023-03-29,North America,High Value,3,167.43,502.3,348.66,36.04,117.6
CUST-8235,ORD-4828,2023-07-07,Asia,Mid Value,1,134.88,134.88,79.3,54.4,1.18
CUST-1813,ORD-4829,2023-11-16,North America,Low Value,5,248.98,1244.92,583.44,6.63,654.85
CUST-6089,ORD-4830,2022-11-26,North America,High Value,4,162.24,648.97,433.7,26.84,188.43
CUST-3031,ORD-4831,2022-08-07,Europe,Low Value,4,222.0,888.01,471.46,71.11,345.44
CUST-9514,ORD-4832,2022-07-27,North America,High Value,2,420.54,841.09,501.57,22.41,317.11
CUST-6911,ORD-4833,2023-11-01,Asia,Mid Value,1,246.55,246.55,154.82,72.92,18.81
CUST-3653,ORD-4834,2022-03-26,Europe,Low Value,2,327.62,655.24,422.22,48.49,184.53
CUST-4340,ORD-4835,2023-11-16,North America,Low Value,4,63.25,253.01,141.21,72.72,39.08
CUST-8876,ORD-4836,2022-09-02,Asia,Mid Value,2,385.82,771.64,496.38,14.82,260.45
CUST-2141,ORD-4837,2023-11-16,Africa,Low Value,1,251.79,251.79,120.67,39.79,91.33
CUST-9558,ORD-4838,2022-12-01,North America,Low Value,1,193.25,193.25,112.36,27.23,53.66
CUST-3897,ORD-4839,2022-07-31,Africa,Low Value,1,313.27,313.27,142.69,71.52,99.07
CUST-5041,ORD-4840,2023-08-19,Europe,Low Value,4,68.95,275.81,152.13,30.62,93.07
CUST-3038,ORD-4841,2023-11-16,Asia,Mid Value,1,218.72,218.72,118.37,49.13,51.22
CUST-5270,ORD-4842,2022-07-02,Europe,Low Value,3,409.27,1227.8,852.75,67.07,307.98
CUST-5683,ORD-4843,2022-05-13,Africa,Low Value,3,145.79,437.37,240.32,22.18,174.88
CUST-1494,ORD-4844,2022-12-16,Africa,Low Value,1,458.77,458.77,310.48,8.43,139.86
CUST-8116,ORD-4845,2022-10-09,Africa,High Value,3,309.75,929.25,519.29,42.06,367.9
CUST-2784,ORD-4846,2022-10-20,Asia,High Value,1,279.58,279.58,163.09,56.27,60.21
CUST-4510,ORD-4847,2022-09-26,Africa,Mid Value,4,211.79,847.18,455.51,58.94,332.72
CUST-4786,ORD-4848,2022-07-16,Africa,Mid Value,3,376.16,1128.48,688.38,36.29,403.81
CUST-6266,ORD-4849,2023-06-21,Asia,Mid Value,4,290.94,1163.78,738.74,10.9,414.14
CUST-6428,ORD-4850,2023-10-15,Africa,Low Value,3,402.34,1207.02,781.87,35.24,389.92
CUST-7681,ORD-4851,2022-01-20,North America,High Value,5,179.21,896.03,558.66,14.15,323.22
CUST-7893,ORD-4852,2023-12-14,Africa,High Value,5,356.97,1784.83,950.4,10.42,824.02
CUST-5658,ORD-4853,2023-02-09,Asia,Mid Value,4,472.85,1891.41,1007.46,27.76,856.19
CUST-8082,ORD-4854,2022-04-25,Africa,High Value,3,154.36,463.08,248.66,63.29,151.13
CUST-7869,ORD-4855,2023-12-02,Asia,Mid Value,5,490.88,2454.4,1127.7,62.63,1264.08
CUST-8607,ORD-4856,2022-01-26,Africa,Low Value,1,217.05,217.05,148.85,50.6,17.6
CUST-8669,ORD-4857,2023-07-20,North America,High Value,2,38.5,76.99,38.41,66.97,-28.39
CUST-7219,ORD-4858,2023-11-13,Asia,Low Value,5,191.7,958.48,469.47,42.56,446.45
CUST-5534,ORD-4859,2023-01-30,Asia,Low Value,5,91.83,459.14,270.02,23.26,165.87
CUST-6979,ORD-4860,2023-01-16,Asia,High Value,1,166.06,166.06,76.69,47.75,41.62
CUST-9890,ORD-4861,2023-06-07,Asia,Mid Value,5,66.07,330.33,217.84,74.24,38.25
CUST-2312,ORD-4862,2023-06-23,Africa,High Value,5,105.54,527.69,353.05,7.71,166.93
CUST-3962,ORD-4863,2022-03-24,Africa,Low Value,5,80.82,404.08,222.02,77.36,104.69
CUST-3938,ORD-4864,2023-07-04,North America,Mid Value,3,40.87,122.61,84.95,60.82,-23.17
CUST-4197,ORD-4865,2023-03-21,North America,Low Value,5,162.17,810.85,430.61,56.47,323.77
CUST-6296,ORD-4866,2022-03-28,Africa,Mid Value,2,471.66,943.32,485.87,51.04,406.42
CUST-8204,ORD-4867,2023-01-22,Europe,High Value,3,475.71,1427.13,995.31,24.33,407.49
CUST-6730,ORD-4868,2023-10-30,Asia,Low Value,3,426.39,1279.17,655.67,71.43,552.07
CUST-1126,ORD-4869,2023-02-02,Africa,Mid Value,4,25.83,103.31,57.96,77.86,-32.51
CUST-6602,ORD-4870,2022-10-13,North America,Mid Value,5,33.5,167.5,100.99,74.31,-7.81
CUST-2191,ORD-4871,2023-11-29,Asia,High Value,2,24.97,49.94,26.5,13.16,10.28
CUST-3639,ORD-4872,2023-11-25,North America,Mid Value,2,195.99,391.97,214.04,60.24,117.7
CUST-2366,ORD-4873,2023-01-04,Europe,Mid Value,4,490.52,1962.1,1236.49,46.75,678.85
CUST-7453,ORD-4874,2023-10-17,Asia,Low Value,2,450.48,900.96,568.29,64.13,268.55
CUST-7671,ORD-4875,2023-02-26,Europe,High Value,3,140.26,420.77,273.88,31.42,115.47
CUST-7683,ORD-4876,2023-12-19,Europe,High Value,1,216.89,216.89,129.79,76.77,10.33
CUST-5539,ORD-4877,2023-10-16,Europe,Low Value,3,415.73,1247.18,634.04,28.45,584.69
CUST-9876,ORD-4878,2023-11-28,Africa,Low Value,1,384.12,384.12,204.84,60.35,118.93
CUST-3887,ORD-4879,2023-03-19,North America,Low Value,2,83.66,167.31,112.97,42.79,11.56
CUST-5086,ORD-4880,2023-06-04,Asia,Mid Value,5,71.73,358.66,227.19,51.27,80.21
CUST-3261,ORD-4881,2023-08-07,Africa,High Value,1,280.99,280.99,132.63,13.68,134.68
CUST-5180,ORD-4882,2022-10-15,North America,High Value,3,69.01,207.04,132.18,50.81,24.05
CUST-3841,ORD-4883,2022-04-05,Africa,High Value,3,416.01,1248.03,664.78,47.27,535.98
CUST-7040,ORD-4884,2023-10-31,North America,Mid Value,3,141.6,424.79,193.62,58.92,172.25
CUST-4560,ORD-4885,2022-02-10,Asia,High Value,3,110.4,331.19,189.09,26.58,115.53
CUST-5758,ORD-4886,2022-11-27,Asia,High Value,4,109.12,436.49,292.82,67.42,76.25
CUST-1626,ORD-4887,2022-06-04,Asia,High Value,2,41.71,83.42,46.81,75.9,-39.28
CUST-6014,ORD-4888,2023-05-19,Asia,High Value,5,328.08,1640.4,1143.69,71.15,425.56
CUST-2375,ORD-4889,2022-10-02,North America,Low Value,4,98.96,395.83,195.75,34.35,165.73
CUST-2181,ORD-4890,2023-10-28,Africa,Mid Value,2,132.0,264.0,141.96,62.17,59.88
CUST-6708,ORD-4891,2023-07-19,Asia,High Value,1,380.63,380.63,172.86,32.38,175.39
CUST-1490,ORD-4892,2022-06-28,Asia,High Value,4,47.59,190.36,88.06,69.73,32.57
CUST-4729,ORD-4893,2022-05-17,Asia,High Value,4,117.32,469.27,252.74,33.15,183.38
CUST-6974,ORD-4894,2022-06-29,Europe,High Value,4,91.69,366.75,213.48,18.95,134.31
CUST-4534,ORD-4895,2022-07-01,Asia,High Value,4,22.33,89.31,45.48,41.68,2.15
CUST-4296,ORD-4896,2022-09-16,Asia,Low Value,1,278.88,278.88,137.1,15.13,126.65
CUST-2940,ORD-4897,2022-08-31,North America,Low Value,3,111.22,333.65,185.23,49.02,99.4
CUST-6014,ORD-4898,2022-04-06,Europe,Mid Value,4,323.8,1295.18,638.1,48.24,608.84
CUST-2882,ORD-4899,2022-07-16,North America,Mid Value,2,260.85,521.71,317.05,41.81,162.84
CUST-5908,ORD-4900,2023-06-10,Africa,High Value,3,340.58,1021.74,703.8,50.28,267.66
CUST-3987,ORD-4901,2023-09-24,Europe,High Value,1,491.15,491.15,320.05,78.15,92.95
CUST-6585,ORD-4902,2023-01-22,North America,Low Value,5,125.54,627.7,316.24,33.75,277.72
CUST-4159,ORD-4903,2023-02-12,North America,Mid Value,1,339.62,339.62,233.59,36.71,69.33
CUST-5530,ORD-4904,2022-09-26,Africa,High Value,5,420.13,2100.67,1339.77,25.55,735.35
CUST-1681,ORD-4905,2022-06-20,Africa,High Value,2,479.55,959.09,468.75,18.83,471.51
CUST-6254,ORD-4906,2023-08-07,Asia,High Value,5,318.72,1593.6,947.97,26.69,618.95
CUST-2073,ORD-4907,2023-11-22,Asia,Mid Value,4,82.8,331.2,229.07,20.95,81.19
CUST-3387,ORD-4908,2022-06-19,Europe,Low Value,3,45.85,137.54,65.22,37.44,34.89
CUST-3693,ORD-4909,2022-06-08,Europe,Low Value,3,153.69,461.06,238.71,22.5,199.85
CUST-5340,ORD-4910,2023-05-24,Africa,High Value,4,465.52,1862.06,1012.07,43.8,806.19
CUST-3156,ORD-4911,2023-03-23,Europe,High Value,3,277.73,833.18,399.01,26.47,407.7
CUST-8966,ORD-4912,2023-10-28,Asia,High Value,1,298.07,298.07,156.43,36.85,104.79
CUST-3580,ORD-4913,2022-03-23,Africa,High Value,4,313.09,1252.36,780.32,14.69,457.34
CUST-8257,ORD-4914,2022-02-26,North America,High Value,4,179.46,717.85,408.68,17.3,291.88
CUST-3159,ORD-4915,2023-06-03,Africa,Mid Value,3,107.16,321.49,178.51,51.06,91.92
CUST-7772,ORD-4916,2022-04-22,Europe,Low Value,5,478.04,2390.18,1333.68,47.4,1009.1
CUST-2627,ORD-4917,2022-02-17,Asia,Mid Value,2,382.58,765.17,489.64,17.84,257.69
CUST-9219,ORD-4918,2023-08-15,Asia,Mid Value,5,265.3,1326.52,925.67,27.11,373.74
CUST-8080,ORD-4919,2023-01-11,North America,High Value,1,200.82,200.82,119.92,21.61,59.29
CUST-2985,ORD-4920,2022-02-02,North America,Mid Value,4,251.73,1006.92,642.3,64.81,299.81
CUST-9488,ORD-4921,2023-05-19,Africa,Low Value,4,36.16,144.64,78.56,32.36,33.72
CUST-3181,ORD-4922,2023-09-19,Asia,High Value,1,138.8,138.8,92.32,35.45,11.03
CUST-3296,ORD-4923,2022-01-03,North America,Low Value,2,140.34,280.68,155.8,54.87,70.01
CUST-8164,ORD-4924,2023-05-01,North America,Mid Value,4,233.77,935.07,639.38,29.42,266.27
CUST-3597,ORD-4925,2023-05-31,Africa,High Value,5,133.41,667.05,424.16,33.34,209.55
CUST-1901,ORD-4926,2022-02-11,Africa,Low Value,1,109.02,109.02,68.34,64.84,-24.16
CUST-7060,ORD-4927,2022-01-09,Asia,Low Value,4,387.45,1549.81,809.83,64.59,675.39
CUST-2677,ORD-4928,2023-10-19,Europe,High Value,5,448.88,2244.41,1456.7,50.34,737.37
CUST-3881,ORD-4929,2023-09-01,Europe,Low Value,1,52.23,52.23,24.88,46.92,-19.57
CUST-6622,ORD-4930,2022-05-22,Asia,High Value,1,120.63,120.63,70.51,18.58,31.55
CUST-9052,ORD-4931,2023-03-12,Europe,High Value,1,391.37,391.37,248.07,40.49,102.81
CUST-2378,ORD-4932,2022-01-27,Asia,Mid Value,2,411.6,823.2,552.28,25.58,245.34
CUST-2248,ORD-4933,2022-02-12,Asia,Low Value,1,260.08,260.08,154.07,59.73,46.27
CUST-6650,ORD-4934,2022-05-11,North America,High Value,3,353.54,1060.63,545.78,52.1,462.76
CUST-7079,ORD-4935,2022-08-04,Europe,Mid Value,3,57.25,171.74,113.73,33.33,24.69
CUST-8036,ORD-4936,2023-08-29,Asia,Mid Value,1,427.77,427.77,274.63,45.13,108.01
CUST-7487,ORD-4937,2023-06-04,Europe,High Value,4,419.71,1678.84,819.93,36.58,822.33
CUST-2058,ORD-4938,2023-08-21,Europe,High Value,3,352.83,1058.5,707.18,15.98,335.34
CUST-3048,ORD-4939,2022-12-11,Africa,Low Value,5,459.84,2299.18,1586.37,63.56,649.26
CUST-7115,ORD-4940,2023-05-23,Europe,Low Value,5,42.86,214.32,125.26,72.37,16.7
CUST-5248,ORD-4941,2023-10-12,Asia,Low Value,4,130.86,523.45,240.57,74.78,208.1
CUST-3476,ORD-4942,2023-02-17,North America,High Value,5,194.02,970.11,658.61,64.19,247.31
CUST-5603,ORD-4943,2022-09-03,Europe,Mid Value,4,96.12,384.49,184.82,66.62,133.05
CUST-4553,ORD-4944,2023-03-25,Asia,Mid Value,5,411.12,2055.59,1250.37,9.18,796.03
CUST-1220,ORD-4945,2022-01-21,Africa,High Value,1,383.45,383.45,210.99,63.64,108.82
CUST-5818,ORD-4946,2023-02-12,Europe,Low Value,5,391.16,1955.81,1365.17,27.76,562.88
CUST-8192,ORD-4947,2023-04-02,North America,Mid Value,1,159.82,159.82,108.56,15.34,35.92
CUST-5623,ORD-4948,2023-03-20,Europe,Mid Value,5,386.09,1930.45,1247.31,44.14,638.99
CUST-8349,ORD-4949,2022-09-22,Asia,Low Value,5,79.07,395.34,197.6,47.78,149.96
CUST-6618,ORD-4950,2023-10-22,Europe,Mid Value,5,71.26,356.32,222.63,41.36,92.33
CUST-8209,ORD-4951,2022-07-03,Europe,Low Value,1,300.35,300.35,178.12,53.96,68.27
CUST-5576,ORD-4952,2022-08-15,Africa,Mid Value,5,43.36,216.8,104.9,58.57,53.34
CUST-2871,ORD-4953,2023-07-02,Europe,Mid Value,5,470.55,2352.76,1526.17,15.28,811.31
CUST-8915,ORD-4954,2022-09-03,North America,Mid Value,2,177.85,355.69,167.75,51.27,136.67
CUST-2462,ORD-4955,2022-03-14,Europe,Low Value,1,248.98,248.98,142.02,9.08,97.88
CUST-6521,ORD-4956,2022-05-30,Africa,Mid Value,3,410.35,1231.05,685.25,38.66,507.14
CUST-9536,ORD-4957,2023-05-28,Asia,Mid Value,4,212.03,848.1,552.58,12.5,283.02
CUST-9236,ORD-4958,2022-03-10,Europe,Mid Value,2,226.71,453.42,252.51,38.72,162.19
CUST-8813,ORD-4959,2022-08-18,Europe,High Value,5,187.01,935.07,583.09,18.16,333.82
CUST-3068,ORD-4960,2023-12-24,Africa,Mid Value,3,188.83,566.48,322.65,60.08,183.75
CUST-6753,ORD-4961,2022-03-13,Africa,Mid Value,3,244.62,733.86,437.01,72.47,224.37
CUST-8237,ORD-4962,2023-08-31,Africa,Low Value,5,474.05,2370.23,1209.43,17.72,1143.08
CUST-8016,ORD-4963,2023-02-01,Europe,Low Value,5,469.29,2346.44,1174.66,60.25,1111.53
CUST-7191,ORD-4964,2022-03-25,North America,High Value,2,281.68,563.36,353.49,15.96,193.9
CUST-2514,ORD-4965,2022-10-26,Africa,Low Value,1,238.86,238.86,114.79,37.53,86.54
CUST-3598,ORD-4966,2022-10-20,Asia,Low Value,2,407.92,815.83,403.02,51.92,360.9
CUST-2001,ORD-4967,2022-08-11,Europe,Low Value,1,346.85,346.85,237.67,45.33,63.84
CUST-2033,ORD-4968,2022-08-04,Asia,High Value,3,443.15,1329.45,682.45,9.29,637.71
CUST-7899,ORD-4969,2022-08-19,Asia,High Value,4,370.69,1482.77,787.09,32.2,663.48
CUST-9465,ORD-4970,2023-02-09,North America,Mid Value,5,477.13,2385.63,1451.17,40.26,894.19
CUST-6051,ORD-4971,2022-06-18,Asia,Mid Value,2,445.4,890.8,498.92,34.35,357.52
CUST-5476,ORD-4972,2022-11-25,Africa,Low Value,3,430.52,1291.56,761.7,54.91,474.95
CUST-1478,ORD-4973,2023-03-02,Africa,Mid Value,2,207.94,415.89,202.18,71.61,142.09
CUST-1515,ORD-4974,2023-07-08,Europe,Mid Value,1,205.38,205.38,126.95,55.07,23.36
CUST-2191,ORD-4975,2022-07-15,North America,High Value,5,375.78,1878.89,919.05,49.25,910.59
CUST-7297,ORD-4976,2023-08-31,North America,High Value,1,60.2,60.2,38.34,16.18,5.68
CUST-1271,ORD-4977,2023-06-10,Asia,Mid Value,1,174.66,174.66,101.46,31.16,42.04
CUST-9334,ORD-4978,2023-09-17,North America,Mid Value,1,467.47,467.47,305.75,46.12,115.6
CUST-8778,ORD-4979,2022-03-18,Asia,Mid Value,3,236.05,708.15,349.24,75.05,283.86
CUST-7008,ORD-4980,2022-10-04,Asia,Low Value,5,149.55,747.76,407.07,27.86,312.83
CUST-8987,ORD-4981,2023-04-11,North America,High Value,4,248.7,994.79,658.26,30.35,306.18
CUST-4332,ORD-4982,2023-03-24,Europe,Mid Value,2,158.52,317.05,205.98,49.22,61.85
CUST-1787,ORD-4983,2022-11-16,Asia,Mid Value,1,388.77,388.77,268.81,72.48,47.48
CUST-7222,ORD-4984,2022-06-09,Africa,Low Value,5,428.29,2141.45,1082.48,45.74,1013.23
CUST-1622,ORD-4985,2023-05-07,Africa,High Value,2,395.68,791.35,462.75,18.08,310.52
CUST-4841,ORD-4986,2022-11-09,North America,Low Value,5,91.54,457.71,208.02,10.66,239.03
CUST-4676,ORD-4987,2023-09-23,North America,Low Value,2,181.31,362.61,250.68,71.67,40.26
CUST-3572,ORD-4988,2022-06-10,Asia,Mid Value,5,122.71,613.53,302.95,55.25,255.33
CUST-7915,ORD-4989,2022-11-04,Asia,Low Value,4,40.54,162.17,109.66,21.54,30.98
CUST-6033,ORD-4990,2022-05-26,Africa,Low Value,5,374.8,1874.02,1161.11,59.34,653.57
CUST-8788,ORD-4991,2023-11-06,Asia,Mid Value,5,225.61,1128.06,771.83,58.97,297.26
CUST-6214,ORD-4992,2023-01-31,Africa,High Value,1,152.78,152.78,78.23,62.91,11.64
CUST-5712,ORD-4993,2023-11-22,Asia,Mid Value,1,167.61,167.61,89.89,71.91,5.81
CUST-1066,ORD-4994,2022-03-30,Europe,High Value,1,84.81,84.81,41.65,16.4,26.76
CUST-8533,ORD-4995,2022-11-04,Europe,Low Value,5,416.85,2084.23,1158.01,76.76,849.46
CUST-5616,ORD-4996,2023-06-30,Africa,Low Value,4,89.08,356.34,244.76,79.89,31.69
CUST-2140,ORD-4997,2023-01-06,Europe,Mid Value,2,182.39,364.78,216.24,6.09,142.46
CUST-6730,ORD-4998,2023-03-27,Europe,Mid Value,1,23.55,23.55,13.05,11.85,-1.35
CUST-8465,ORD-4999,2022-06-16,North America,Mid Value,3,229.48,688.43,365.71,37.55,285.18
CUST-5471,ORD-5000,2023-01-27,Asia,Low Value,5,190.3,951.52,567.29,7.58,376.65
CUST-4339,ORD-5001,2023-09-29,North America,Low Value,4,365.17,1460.68,921.4,60.12,479.16
CUST-1548,ORD-5002,2023-05-06,Africa,High Value,4,363.35,1453.4,801.84,53.8,597.76
CUST-8675,ORD-5003,2022-05-30,North America,Mid Value,1,38.54,38.54,19.57,63.19,-44.22
CUST-9264,ORD-5004,2023-04-13,Africa,Low Value,1,75.61,75.61,45.09,79.88,-49.35
CUST-1198,ORD-5005,2023-12-02,Europe,High Value,3,454.22,1362.66,737.73,75.01,549.92
CUST-1571,ORD-5006,2022-02-12,North America,Mid Value,3,400.06,1200.19,838.43,27.49,334.27
CUST-1790,ORD-5007,2022-01-29,Europe,Mid Value,1,206.95,206.95,115.95,34.73,56.27
CUST-2174,ORD-5008,2023-09-24,Asia,High Value,2,99.86,199.72,111.57,63.2,24.95
CUST-1178,ORD-5009,2022-01-31,Europe,High Value,1,145.18,145.18,95.8,34.11,15.27
CUST-3244,ORD-5010,2023-11-24,Asia,High Value,1,335.85,335.85,172.21,57.4,106.25
CUST-5086,ORD-5011,2023-11-05,Europe,Low Value,4,473.84,1895.35,884.17,73.9,937.28
CUST-1734,ORD-5012,2022-05-08,North America,Mid Value,1,315.55,315.55,209.36,35.44,70.76
CUST-7232,ORD-5013,2022-10-21,North America,Mid Value,1,32.69,32.69,19.53,47.04,-33.87
CUST-1798,ORD-5014,2023-03-17,Europe,High Value,1,332.34,332.34,171.17,68.11,93.06
CUST-8601,ORD-5015,2023-01-23,Africa,Low Value,2,473.48,946.96,507.28,40.83,398.86
CUST-9979,ORD-5016,2023-10-04,Africa,High Value,4,192.15,768.59,427.65,26.68,314.25
CUST-3795,ORD-5017,2023-06-08,Asia,Low Value,5,468.11,2340.53,1451.36,24.36,864.81
CUST-5588,ORD-5018,2023-07-01,Asia,Mid Value,5,341.9,1709.49,969.36,10.39,729.74
CUST-8297,ORD-5019,2023-12-11,Europe,Mid Value,5,111.12,555.61,305.0,29.78,220.83
CUST-4084,ORD-5020,2022-04-20,North America,Low Value,5,89.75,448.73,289.49,56.44,102.81
CUST-1731,ORD-5021,2022-11-24,Asia,Mid Value,4,104.62,418.5,195.84,9.41,213.24
CUST-2129,ORD-5022,2023-02-09,Europe,Mid Value,1,355.63,355.63,218.05,25.57,112.01
CUST-2605,ORD-5023,2022-09-02,Asia,High Value,5,302.97,1514.85,851.7,13.37,649.78
CUST-3933,ORD-5024,2022-06-12,North America,Low Value,1,238.66,238.66,127.38,35.34,75.95
CUST-9516,ORD-5025,2023-07-14,Asia,Mid Value,5,146.41,732.05,499.18,12.0,220.87
CUST-6074,ORD-5026,2023-02-03,Europe,Mid Value,2,455.47,910.94,587.09,60.95,262.9
CUST-8099,ORD-5027,2023-08-06,Asia,Low Value,1,122.6,122.6,61.89,74.6,-13.89
CUST-2490,ORD-5028,2023-02-03,Africa,Mid Value,4,156.13,624.52,382.89,19.42,222.21
CUST-1893,ORD-5029,2023-05-08,Asia,Low Value,2,46.36,92.72,60.79,23.79,8.14
CUST-2390,ORD-5030,2023-10-08,North America,Low Value,2,152.16,304.31,212.21,17.01,75.09
CUST-4389,ORD-5031,2022-08-27,North America,High Value,4,462.99,1851.96,1156.75,19.06,676.16
CUST-5239,ORD-5032,2023-04-10,North America,Low Value,2,110.05,220.1,137.05,28.37,54.68
CUST-5479,ORD-5033,2023-08-03,North America,High Value,1,117.9,117.9,71.13,26.09,20.68
CUST-3263,ORD-5034,2022-02-01,Europe,Mid Value,3,307.99,923.97,425.03,33.89,465.05
CUST-4432,ORD-5035,2022-05-03,Asia,Low Value,3,292.14,876.41,522.57,44.37,309.47
CUST-3371,ORD-5036,2023-06-18,Asia,High Value,5,104.46,522.3,340.15,59.57,122.58
CUST-5312,ORD-5037,2023-10-29,Asia,Low Value,5,94.05,470.24,258.09,71.34,140.81
CUST-2515,ORD-5038,2022-04-20,Asia,Mid Value,1,76.15,76.15,45.44,39.45,-8.75
CUST-7326,ORD-5039,2022-09-28,Europe,High Value,4,433.32,1733.28,1181.44,73.17,478.67
CUST-8088,ORD-5040,2023-01-15,North America,High Value,1,334.13,334.13,164.73,55.98,113.42
CUST-6586,ORD-5041,2022-10-27,Asia,High Value,5,477.65,2388.27,1242.18,59.67,1086.42
CUST-3917,ORD-5042,2023-09-19,Asia,Mid Value,2,99.6,199.2,95.13,44.17,59.9
CUST-6731,ORD-5043,2022-09-06,North America,High Value,1,241.09,241.09,138.64,44.24,58.21
CUST-8686,ORD-5044,2023-06-05,Africa,Mid Value,1,376.66,376.66,248.56,44.9,83.2
CUST-2167,ORD-5045,2022-02-03,Africa,Mid Value,4,122.5,490.01,273.82,41.9,174.29
CUST-9302,ORD-5046,2022-08-16,North America,Low Value,5,348.64,1743.22,814.89,39.42,888.92
CUST-6109,ORD-5047,2023-08-08,Asia,Mid Value,1,247.43,247.43,127.64,63.09,56.69
CUST-5327,ORD-5048,2023-02-03,North America,High Value,2,226.8,453.6,305.01,34.08,114.51
CUST-6810,ORD-5049,2023-12-25,Asia,High Value,2,329.6,659.2,388.52,20.51,250.17
CUST-4655,ORD-5050,2023-08-07,Asia,Mid Value,3,244.49,733.48,497.68,15.17,220.63
CUST-4793,ORD-5051,2023-07-24,Africa,Mid Value,5,413.61,2068.03,1362.03,70.97,635.04
CUST-7738,ORD-5052,2022-08-08,Africa,Low Value,2,466.65,933.3,516.65,69.72,346.93
CUST-2577,ORD-5053,2023-01-06,Asia,Low Value,4,302.65,1210.61,736.52,23.27,450.82
CUST-3220,ORD-5054,2023-06-12,Asia,High Value,5,164.29,821.43,506.09,13.87,301.48
CUST-2030,ORD-5055,2022-03-16,Asia,Mid Value,2,393.07,786.13,500.53,77.03,208.57
CUST-7691,ORD-5056,2023-09-10,Africa,High Value,1,101.84,101.84,54.3,41.15,6.38
CUST-4992,ORD-5057,2022-05-16,Asia,Mid Value,5,65.6,327.98,171.29,12.0,144.69
CUST-1913,ORD-5058,2022-03-15,North America,High Value,2,268.99,537.98,334.17,21.15,182.67
CUST-7358,ORD-5059,2022-09-11,Europe,High Value,1,330.43,330.43,216.33,57.78,56.32
CUST-3181,ORD-5060,2022-01-18,Europe,High Value,3,420.8,1262.4,698.81,11.1,552.48
CUST-4197,ORD-5061,2022-02-12,Asia,Mid Value,5,478.5,2392.51,1268.67,37.48,1086.36
CUST-7040,ORD-5062,2022-02-19,North America,Low Value,5,439.2,2196.01,1441.43,37.07,717.52
CUST-2462,ORD-5063,2023-05-30,Asia,Low Value,2,494.58,989.15,614.99,56.43,317.73
CUST-8037,ORD-5064,2023-07-25,North America,Mid Value,3,248.34,745.01,399.24,19.96,325.81
CUST-5994,ORD-5065,2023-07-30,Africa,Low Value,4,171.94,687.75,400.56,78.78,208.41
CUST-6308,ORD-5066,2023-08-05,Africa,High Value,2,240.66,481.32,332.21,16.65,132.46
CUST-7221,ORD-5067,2022-10-30,Asia,Mid Value,2,329.18,658.37,419.69,49.88,188.8
CUST-8090,ORD-5068,2022-05-22,Africa,Mid Value,4,263.48,1053.93,532.67,29.61,491.65
CUST-8769,ORD-5069,2022-07-21,Asia,Low Value,4,324.38,1297.51,679.58,14.97,602.96
CUST-1687,ORD-5070,2022-07-26,Europe,Low Value,4,445.63,1782.51,920.32,45.42,816.77
CUST-5661,ORD-5071,2023-02-19,North America,High Value,4,99.59,398.36,263.75,17.71,116.9
CUST-2894,ORD-5072,2022-08-09,North America,Mid Value,4,77.73,310.91,189.76,55.99,65.15
CUST-8389,ORD-5073,2022-12-28,Europe,Low Value,1,259.29,259.29,177.61,7.43,74.24
CUST-5922,ORD-5074,2022-03-22,Europe,Mid Value,1,491.25,491.25,232.23,43.28,215.74
CUST-7322,ORD-5075,2023-07-17,Europe,High Value,4,48.34,193.36,89.53,21.42,82.41
CUST-4183,ORD-5076,2022-10-12,Europe,High Value,3,493.55,1480.64,916.59,76.25,487.8
CUST-4797,ORD-5077,2023-01-04,Africa,High Value,3,484.5,1453.5,750.96,58.29,644.25
CUST-6178,ORD-5078,2023-05-07,North America,Mid Value,4,160.45,641.79,397.78,61.65,182.37
CUST-4968,ORD-5079,2022-12-12,North America,Mid Value,1,447.68,447.68,282.43,57.9,107.35
CUST-3716,ORD-5080,2022-07-23,Europe,Mid Value,3,23.72,71.17,37.45,54.94,-21.22
CUST-1190,ORD-5081,2022-01-25,Asia,Mid Value,1,237.95,237.95,163.75,15.35,58.85
CUST-2335,ORD-5082,2023-07-07,Asia,Mid Value,2,213.02,426.04,274.23,79.81,72.0
CUST-9181,ORD-5083,2022-03-10,Asia,High Value,1,453.28,453.28,245.6,54.3,153.37
CUST-1378,ORD-5084,2023-05-31,Asia,High Value,4,246.7,986.81,545.73,72.3,368.77
CUST-4829,ORD-5085,2023-05-07,Africa,High Value,5,220.61,1103.05,693.78,42.79,366.48
CUST-7380,ORD-5086,2022-08-28,North America,Low Value,4,327.01,1308.02,688.03,26.45,593.54
CUST-1615,ORD-5087,2022-12-27,North America,High Value,2,200.38,400.77,209.94,37.79,153.04
CUST-3330,ORD-5088,2023-03-17,North America,Mid Value,1,277.55,277.55,168.26,34.94,74.35
CUST-2754,ORD-5089,2022-01-31,Asia,High Value,3,478.67,1436.02,694.6,6.2,735.22
CUST-1463,ORD-5090,2023-09-21,Europe,Low Value,4,117.26,469.03,327.54,55.62,85.87
CUST-5267,ORD-5091,2023-12-08,Asia,Low Value,3,240.28,720.83,376.14,60.32,284.37
CUST-4158,ORD-5092,2023-08-25,North America,Low Value,1,27.38,27.38,14.94,8.07,4.37
CUST-4624,ORD-5093,2023-11-21,Asia,Low Value,2,424.27,848.55,429.42,23.45,395.68
CUST-5938,ORD-5094,2023-10-19,Europe,Low Value,4,64.17,256.67,156.8,54.83,45.05
CUST-6417,ORD-5095,2023-12-15,Europe,Mid Value,3,65.49,196.46,91.38,29.14,75.94
CUST-7004,ORD-5096,2022-11-18,Asia,High Value,4,443.76,1775.05,1210.5,75.04,489.51
CUST-9881,ORD-5097,2022-12-10,North America,Mid Value,4,216.46,865.85,455.43,13.44,396.97
CUST-6603,ORD-5098,2023-12-16,Africa,Mid Value,3,349.9,1049.71,715.74,74.61,259.36
CUST-3212,ORD-5099,2023-06-20,North America,Low Value,2,431.77,863.53,443.32,73.55,346.66
CUST-7120,ORD-5100,2022-12-21,Africa,High Value,4,199.75,799.0,462.18,76.68,260.14
CUST-6818,ORD-5101,2023-04-16,North America,High Value,2,145.54,291.09,181.58,10.79,98.72
CUST-1382,ORD-5102,2022-04-15,Asia,High Value,2,101.37,202.74,122.28,25.43,55.02
CUST-3256,ORD-5103,2022-11-18,Africa,Low Value,1,311.42,311.42,180.04,23.85,107.53
CUST-2412,ORD-5104,2023-07-26,North America,Mid Value,3,141.09,423.27,273.91,71.4,77.96
CUST-7146,ORD-5105,2023-06-11,Asia,High Value,1,324.46,324.46,184.17,65.54,74.75
CUST-1371,ORD-5106,2023-05-19,North America,Mid Value,5,172.23,861.14,459.24,16.92,384.98
CUST-6806,ORD-5107,2022-03-26,Europe,High Value,1,186.93,186.93,117.7,15.61,53.62
CUST-6565,ORD-5108,2023-12-10,Europe,High Value,4,139.57,558.3,382.05,40.56,135.69
CUST-9802,ORD-5109,2022-08-23,North America,High Value,4,220.86,883.46,530.38,18.0,335.08
CUST-9307,ORD-5110,2022-09-20,Asia,High Value,4,97.82,391.29,203.44,40.69,147.15
CUST-8437,ORD-5111,2022-01-06,North America,Low Value,5,173.46,867.3,555.68,68.35,243.27
CUST-1446,ORD-5112,2023-05-09,Asia,Low Value,2,393.38,786.76,503.91,42.49,240.36
CUST-2391,ORD-5113,2022-10-16,Africa,Mid Value,4,123.5,493.99,255.25,59.33,179.4
CUST-2340,ORD-5114,2023-07-24,Europe,Low Value,1,474.61,474.61,259.21,23.76,191.64
CUST-3939,ORD-5115,2023-10-19,Africa,High Value,2,256.6,513.2,249.03,24.93,239.25
CUST-6969,ORD-5116,2023-07-08,Asia,Mid Value,1,71.32,71.32,33.52,49.53,-11.73
CUST-5813,ORD-5117,2022-12-16,North America,Mid Value,1,472.67,472.67,308.11,68.93,95.63
CUST-4569,ORD-5118,2022-07-19,Europe,Mid Value,4,239.21,956.82,519.69,44.83,392.3
CUST-6454,ORD-5119,2023-11-17,Asia,High Value,1,287.34,287.34,149.51,19.87,117.96
CUST-4150,ORD-5120,2022-12-01,Asia,High Value,5,108.89,544.47,279.87,21.34,243.26
CUST-7414,ORD-5121,2023-08-30,Europe,Mid Value,2,179.99,359.98,168.72,51.28,139.98
CUST-5657,ORD-5122,2022-08-05,North America,Low Value,4,357.75,1430.99,996.27,12.75,421.96
CUST-7947,ORD-5123,2023-09-15,Europe,High Value,4,79.51,318.02,172.29,9.91,135.82
CUST-8943,ORD-5124,2022-12-19,North America,High Value,1,293.82,293.82,144.28,12.71,136.83
CUST-4662,ORD-5125,2023-11-23,North America,Low Value,1,352.89,352.89,235.04,34.43,83.43
CUST-5482,ORD-5126,2023-11-06,Asia,Mid Value,3,20.88,62.64,39.52,31.58,-8.45
CUST-5797,ORD-5127,2023-09-23,North America,Low Value,3,422.04,1266.11,779.49,5.16,481.46
CUST-6068,ORD-5128,2022-11-21,North America,High Value,4,47.04,188.16,98.65,17.13,72.38
CUST-6480,ORD-5129,2022-08-16,Europe,Mid Value,4,138.52,554.09,306.89,31.06,216.13
CUST-9033,ORD-5130,2022-05-25,Europe,Mid Value,1,482.5,482.5,318.58,37.25,126.67
CUST-1983,ORD-5131,2022-11-04,North America,Low Value,5,58.9,294.5,179.64,35.17,79.69
CUST-6607,ORD-5132,2023-10-16,Asia,High Value,5,416.45,2082.26,1116.95,28.97,936.34
CUST-9543,ORD-5133,2023-09-26,Europe,High Value,1,332.96,332.96,158.93,65.89,108.14
CUST-2907,ORD-5134,2022-10-12,Africa,Mid Value,3,307.22,921.67,622.19,36.2,263.28
CUST-7924,ORD-5135,2023-01-27,Asia,High Value,3,299.21,897.62,618.36,53.34,225.93
CUST-9737,ORD-5136,2022-12-26,Europe,Mid Value,5,99.9,499.5,314.53,67.44,117.53
CUST-5174,ORD-5137,2022-06-14,Europe,Mid Value,4,341.03,1364.14,849.65,69.03,445.46
CUST-8265,ORD-5138,2023-08-04,Africa,Mid Value,1,476.78,476.78,278.65,69.28,128.86
CUST-2990,ORD-5139,2022-08-12,North America,High Value,4,56.98,227.91,157.91,42.1,27.9
CUST-6596,ORD-5140,2022-05-04,Europe,Low Value,3,179.56,538.67,335.88,54.6,148.19
CUST-4998,ORD-5141,2022-12-10,Africa,Mid Value,5,246.68,1233.4,578.69,28.6,626.11
CUST-4775,ORD-5142,2023-06-08,Africa,Low Value,4,131.5,526.0,248.76,69.64,207.6
CUST-5645,ORD-5143,2022-02-21,Europe,Low Value,3,375.63,1126.88,778.56,21.0,327.33
CUST-3061,ORD-5144,2022-05-09,Asia,Low Value,3,350.54,1051.62,721.22,64.08,266.32
CUST-5487,ORD-5145,2022-05-15,Europe,Low Value,3,76.53,229.6,135.34,40.23,54.03
CUST-5435,ORD-5146,2023-10-19,Africa,Low Value,4,293.34,1173.37,590.83,27.41,555.13
CUST-3644,ORD-5147,2022-05-07,Europe,Mid Value,2,197.06,394.12,234.85,33.47,125.8
CUST-2045,ORD-5148,2022-03-12,Asia,High Value,5,129.62,648.12,415.37,49.12,183.63
CUST-8951,ORD-5149,2022-09-30,North America,Low Value,3,427.18,1281.54,579.35,74.75,627.45
CUST-7449,ORD-5150,2022-07-06,North America,High Value,4,46.24,184.97,121.29,12.32,51.37
CUST-3681,ORD-5151,2022-01-03,Europe,High Value,1,244.35,244.35,138.35,73.96,32.04
CUST-4199,ORD-5152,2022-10-12,Europe,Mid Value,5,248.15,1240.75,702.0,66.18,472.57
CUST-7768,ORD-5153,2022-01-22,Africa,Low Value,1,293.66,293.66,164.03,49.05,80.58
CUST-8440,ORD-5154,2022-06-15,Asia,High Value,1,114.85,114.85,71.54,14.78,28.52
CUST-9633,ORD-5155,2022-11-06,Africa,High Value,4,438.18,1752.71,880.5,65.93,806.27
CUST-3550,ORD-5156,2023-04-22,Africa,Low Value,2,483.35,966.69,581.62,56.8,328.27
CUST-5225,ORD-5157,2023-05-13,North America,Mid Value,4,283.5,1133.99,522.8,42.3,568.9
CUST-1596,ORD-5158,2023-03-10,Africa,Mid Value,4,142.94,571.76,373.27,71.44,127.05
CUST-7054,ORD-5159,2022-08-22,Africa,Low Value,5,440.88,2204.38,1441.36,54.83,708.19
CUST-2505,ORD-5160,2023-11-01,North America,High Value,4,494.32,1977.29,1043.95,26.65,906.69
CUST-7468,ORD-5161,2023-10-25,North America,Mid Value,5,376.1,1880.51,895.79,8.27,976.45
CUST-8236,ORD-5162,2023-12-26,Asia,Mid Value,3,180.18,540.53,344.29,61.95,134.3
CUST-2551,ORD-5163,2023-01-11,Asia,High Value,5,133.29,666.45,378.25,24.16,264.04
CUST-7852,ORD-5164,2023-12-31,Asia,High Value,4,95.18,380.71,259.35,26.04,95.32
CUST-2449,ORD-5165,2022-09-03,Europe,High Value,3,132.77,398.31,214.44,38.73,145.14
CUST-6953,ORD-5166,2022-10-30,North America,High Value,3,129.13,387.38,255.82,61.25,70.32
CUST-9456,ORD-5167,2023-02-09,Europe,Low Value,2,484.36,968.72,442.06,74.32,452.34
CUST-9042,ORD-5168,2023-10-25,Europe,High Value,4,328.75,1315.02,845.82,21.22,447.98
CUST-3659,ORD-5169,2023-12-09,Asia,Mid Value,1,100.15,100.15,62.05,71.15,-33.05
CUST-8509,ORD-5170,2022-01-21,North America,High Value,4,254.26,1017.04,591.48,50.33,375.23
CUST-8893,ORD-5171,2022-09-14,Europe,High Value,1,108.63,108.63,73.61,69.17,-34.15
CUST-8445,ORD-5172,2023-02-03,Africa,Low Value,2,310.89,621.78,426.23,68.62,126.93
CUST-3721,ORD-5173,2023-06-13,Africa,Low Value,4,183.87,735.5,501.92,34.43,199.15
CUST-3925,ORD-5174,2022-02-20,North America,High Value,2,113.88,227.77,136.54,55.86,35.37
CUST-8104,ORD-5175,2023-03-23,Europe,Low Value,1,136.54,136.54,79.17,76.0,-18.63
CUST-7240,ORD-5176,2022-09-27,Asia,Low Value,5,344.05,1720.24,889.78,55.43,775.03
CUST-1512,ORD-5177,2023-08-18,Europe,Low Value,4,215.86,863.43,423.53,39.36,400.54
CUST-1215,ORD-5178,2023-09-28,Africa,Low Value,3,266.32,798.95,470.8,32.9,295.25
CUST-8299,ORD-5179,2022-09-19,Africa,High Value,3,414.24,1242.73,605.36,15.75,621.62
CUST-4153,ORD-5180,2022-12-31,Asia,Low Value,2,334.6,669.2,329.94,79.91,259.36
CUST-8450,ORD-5181,2022-02-18,North America,Low Value,5,241.96,1209.79,652.3,54.34,503.15
CUST-2706,ORD-5182,2023-06-02,Europe,Mid Value,3,477.95,1433.84,712.17,25.74,695.93
CUST-2567,ORD-5183,2023-09-21,Africa,High Value,3,122.96,368.89,212.27,10.58,146.03
CUST-2128,ORD-5184,2022-04-28,Europe,Low Value,4,158.72,634.86,391.04,61.54,182.28
CUST-4510,ORD-5185,2023-03-29,Asia,Mid Value,3,457.49,1372.46,857.07,69.13,446.26
CUST-8867,ORD-5186,2023-10-03,Asia,Low Value,1,429.55,429.55,250.51,37.08,141.95
CUST-3365,ORD-5187,2023-02-01,North America,High Value,2,82.43,164.86,95.69,76.71,-7.54
CUST-6583,ORD-5188,2023-11-14,Asia,Mid Value,3,466.37,1399.12,795.69,29.64,573.8
CUST-5897,ORD-5189,2022-01-27,North America,Mid Value,4,24.88,99.52,50.89,61.7,-13.07
CUST-6718,ORD-5190,2023-12-12,Europe,High Value,1,414.76,414.76,254.48,24.72,135.56
CUST-7001,ORD-5191,2023-01-07,Africa,Mid Value,3,153.83,461.48,283.46,30.2,147.82
CUST-5567,ORD-5192,2022-04-07,Africa,Mid Value,2,110.56,221.11,113.64,50.4,57.07
CUST-3741,ORD-5193,2023-06-13,North America,Low Value,2,235.38,470.76,294.29,7.75,168.72
CUST-4020,ORD-5194,2023-11-16,Africa,Mid Value,2,450.6,901.2,598.85,20.81,281.54
CUST-7256,ORD-5195,2023-09-05,North America,High Value,3,397.23,1191.69,713.44,18.23,460.03
CUST-1228,ORD-5196,2022-07-05,North America,Low Value,1,484.19,484.19,232.11,29.6,222.48
CUST-9362,ORD-5197,2023-11-27,Europe,Mid Value,5,279.68,1398.4,743.69,63.31,591.4
CUST-1294,ORD-5198,2022-08-03,Europe,Low Value,2,265.07,530.14,250.86,73.07,206.21
CUST-5284,ORD-5199,2022-09-08,Asia,High Value,1,26.26,26.26,13.8,5.95,6.51
CUST-9617,ORD-5200,2022-08-04,North America,Mid Value,4,106.69,426.77,214.66,24.29,187.82
CUST-7801,ORD-5201,2022-01-29,Europe,High Value,4,258.86,1035.43,609.51,6.9,419.01
CUST-1918,ORD-5202,2022-04-12,North America,High Value,1,381.23,381.23,211.92,69.59,99.72
CUST-1498,ORD-5203,2022-05-03,North America,Mid Value,4,414.85,1659.4,1046.53,19.91,592.96
CUST-3809,ORD-5204,2022-02-23,North America,Mid Value,4,155.97,623.87,337.37,62.8,223.7
CUST-5961,ORD-5205,2022-10-10,Europe,Low Value,2,361.98,723.96,353.78,7.5,362.68
CUST-4779,ORD-5206,2023-09-06,North America,High Value,3,417.69,1253.08,637.83,34.88,580.38
CUST-3118,ORD-5207,2022-04-27,North America,Mid Value,3,199.91,599.72,351.7,31.9,216.12
CUST-7391,ORD-5208,2023-09-08,Asia,High Value,3,353.87,1061.6,597.11,29.7,434.79
CUST-1145,ORD-5209,2023-07-11,North America,Mid Value,3,229.89,689.68,317.7,47.76,324.22
CUST-8942,ORD-5210,2022-04-24,Asia,High Value,1,493.11,493.11,247.78,34.35,210.98
CUST-5565,ORD-5211,2023-06-27,North America,Low Value,2,23.2,46.4,24.32,35.24,-13.16
CUST-1192,ORD-5212,2023-11-07,Asia,High Value,1,218.89,218.89,138.19,19.19,61.5
CUST-6187,ORD-5213,2023-12-02,Europe,Mid Value,4,146.58,586.34,370.92,36.09,179.33
CUST-7637,ORD-5214,2022-10-20,Europe,Low Value,2,427.87,855.75,534.41,60.58,260.75
CUST-9243,ORD-5215,2022-07-14,Africa,Low Value,5,157.82,789.1,516.56,29.23,243.31
CUST-3410,ORD-5216,2022-10-19,North America,Mid Value,3,281.05,843.14,563.61,69.28,210.24
CUST-2820,ORD-5217,2022-09-18,Africa,Low Value,4,375.33,1501.32,702.28,17.46,781.58
CUST-3964,ORD-5218,2022-07-26,Africa,High Value,3,258.67,776.01,444.86,68.5,262.65
CUST-3521,ORD-5219,2023-07-18,Asia,High Value,3,216.99,650.98,317.18,51.18,282.61
CUST-3568,ORD-5220,2022-02-18,Europe,Mid Value,3,40.41,121.23,65.28,36.78,19.16
CUST-6882,ORD-5221,2022-01-06,North America,High Value,5,31.01,155.04,95.47,7.64,51.92
CUST-2867,ORD-5222,2023-01-14,North America,Mid Value,4,479.51,1918.06,1151.63,14.49,751.94
CUST-8465,ORD-5223,2023-01-29,Asia,Low Value,3,328.76,986.27,475.52,36.07,474.68
CUST-8602,ORD-5224,2022-08-12,Africa,High Value,3,416.12,1248.37,798.04,70.84,379.48
CUST-4199,ORD-5225,2022-01-23,Asia,Mid Value,2,250.61,501.22,324.17,76.76,100.29
CUST-7103,ORD-5226,2023-10-19,Africa,High Value,3,145.56,436.68,211.7,74.73,150.25
CUST-1240,ORD-5227,2022-04-20,North America,Low Value,2,161.38,322.76,194.92,25.56,102.28
CUST-4440,ORD-5228,2023-12-25,Asia,Low Value,4,40.88,163.5,112.21,24.24,27.05
CUST-5631,ORD-5229,2023-07-07,Africa,High Value,4,399.62,1598.5,756.86,60.46,781.17
CUST-9274,ORD-5230,2023-02-03,Asia,Low Value,4,299.15,1196.62,587.72,75.54,533.35
CUST-6077,ORD-5231,2022-06-21,Europe,Mid Value,2,250.78,501.57,321.7,15.0,164.87
CUST-4768,ORD-5232,2023-11-29,Asia,High Value,5,429.1,2145.51,1146.2,33.32,965.99
CUST-8995,ORD-5233,2023-12-27,North America,High Value,5,233.53,1167.63,804.37,67.73,295.53
CUST-9802,ORD-5234,2022-11-02,Asia,Low Value,3,475.01,1425.02,863.69,41.9,519.43
CUST-7429,ORD-5235,2023-07-18,North America,Mid Value,4,26.35,105.41,60.17,68.18,-22.93
CUST-4605,ORD-5236,2023-08-05,North America,High Value,1,492.62,492.62,263.26,13.76,215.6
CUST-3173,ORD-5237,2023-12-09,Asia,High Value,3,411.62,1234.87,629.51,63.28,542.08
CUST-7568,ORD-5238,2022-05-31,Asia,Low Value,5,190.37,951.85,583.02,34.22,334.62
CUST-3601,ORD-5239,2023-03-04,Asia,Low Value,5,305.77,1528.87,914.28,56.98,557.62
CUST-3657,ORD-5240,2023-09-13,Europe,Mid Value,4,435.01,1740.04,938.71,26.99,774.34
CUST-7080,ORD-5241,2023-04-12,Europe,Mid Value,2,251.17,502.33,341.31,56.89,104.13
CUST-8325,ORD-5242,2023-09-22,Africa,Low Value,3,44.5,133.51,85.51,57.66,-9.65
CUST-3159,ORD-5243,2023-08-30,Asia,Mid Value,2,453.77,907.55,467.4,36.45,403.7
CUST-4830,ORD-5244,2023-07-10,Africa,Low Value,5,268.17,1340.84,919.6,77.69,343.55
CUST-9313,ORD-5245,2022-03-08,Africa,High Value,4,281.68,1126.7,719.83,5.04,401.83
CUST-5368,ORD-5246,2022-06-05,North America,Low Value,5,26.58,132.92,89.63,55.57,-12.27
CUST-2317,ORD-5247,2022-07-25,Africa,Low Value,4,68.03,272.13,131.72,73.15,67.25
CUST-5493,ORD-5248,2022-06-04,Asia,Low Value,1,393.15,393.15,180.16,69.31,143.68
CUST-2230,ORD-5249,2023-11-22,Europe,High Value,2,228.78,457.55,262.28,47.35,147.92
CUST-2133,ORD-5250,2023-05-24,Africa,Mid Value,3,499.07,1497.2,841.49,72.18,583.54
CUST-8607,ORD-5251,2023-07-26,Africa,Mid Value,4,353.93,1415.7,944.91,13.09,457.7
CUST-2301,ORD-5252,2022-03-15,Europe,Mid Value,1,475.81,475.81,234.59,45.76,195.46
CUST-2910,ORD-5253,2022-02-18,Africa,Low Value,1,154.09,154.09,70.25,78.6,5.24
CUST-9082,ORD-5254,2023-04-12,Asia,Low Value,2,104.55,209.11,121.77,79.37,7.97
CUST-9107,ORD-5255,2023-08-08,Africa,Mid Value,4,200.76,803.05,397.02,55.94,350.09
CUST-8970,ORD-5256,2023-12-09,North America,High Value,3,147.09,441.27,204.03,17.57,219.66
CUST-2916,ORD-5257,2022-06-28,Africa,High Value,3,314.42,943.25,429.7,13.47,500.08
CUST-7996,ORD-5258,2022-02-17,North America,High Value,3,377.33,1132.0,549.71,74.18,508.11
CUST-3757,ORD-5259,2022-03-13,Europe,High Value,5,213.01,1065.03,579.34,71.05,414.64
CUST-7464,ORD-5260,2022-04-23,Europe,Low Value,5,63.13,315.63,211.79,28.66,75.19
CUST-1178,ORD-5261,2022-06-08,Africa,Mid Value,4,32.64,130.56,83.58,74.87,-27.89
CUST-7362,ORD-5262,2022-01-30,Africa,High Value,3,124.65,373.96,217.85,14.79,141.32
CUST-9683,ORD-5263,2022-04-07,Europe,Low Value,1,371.59,371.59,207.2,27.09,137.31
CUST-1060,ORD-5264,2022-09-08,North America,Low Value,3,126.35,379.04,213.76,53.31,111.97
CUST-7681,ORD-5265,2023-06-03,Europe,Low Value,4,457.27,1829.07,1227.6,17.8,583.67
CUST-3895,ORD-5266,2022-04-02,Europe,Mid Value,3,332.79,998.37,630.13,79.18,289.06
CUST-1585,ORD-5267,2022-04-23,North America,Low Value,2,433.8,867.61,427.73,21.69,418.18
CUST-6823,ORD-5268,2022-09-16,Europe,Mid Value,3,205.19,615.57,421.63,23.4,170.55
CUST-1534,ORD-5269,2022-04-17,Africa,Mid Value,1,492.1,492.1,316.54,40.59,134.97
CUST-4462,ORD-5270,2023-07-29,Africa,Mid Value,4,346.16,1384.64,634.91,63.39,686.34
CUST-5011,ORD-5271,2023-01-25,Europe,Mid Value,4,191.34,765.36,440.52,14.04,310.81
CUST-4398,ORD-5272,2022-12-24,Africa,Low Value,1,122.02,122.02,74.82,55.06,-7.86
CUST-3155,ORD-5273,2022-07-18,Asia,Low Value,4,435.94,1743.74,811.27,12.45,920.02
CUST-6966,ORD-5274,2023-03-03,Europe,Low Value,3,172.69,518.06,278.85,12.1,227.1
CUST-8329,ORD-5275,2023-04-23,Asia,High Value,4,41.29,165.18,101.1,8.1,55.97
CUST-7957,ORD-5276,2023-05-18,Europe,High Value,3,153.76,461.27,301.68,45.85,113.74
CUST-6325,ORD-5277,2023-10-20,Europe,Mid Value,4,106.14,424.55,294.76,37.7,92.09
CUST-9518,ORD-5278,2023-07-27,Asia,Mid Value,3,173.47,520.41,250.01,28.05,242.35
CUST-5703,ORD-5279,2022-04-30,Europe,Mid Value,3,314.37,943.1,573.5,44.53,325.07
CUST-3706,ORD-5280,2023-07-27,Africa,Mid Value,1,260.21,260.21,175.17,42.64,42.4
CUST-1001,ORD-5281,2022-11-05,Asia,Mid Value,1,361.21,361.21,227.28,40.54,93.38
CUST-9316,ORD-5282,2023-06-22,Europe,High Value,5,180.24,901.2,548.02,17.93,335.25
CUST-2104,ORD-5283,2023-09-19,Africa,Mid Value,1,77.51,77.51,39.03,72.27,-33.8
CUST-2861,ORD-5284,2023-04-20,Asia,Low Value,3,96.93,290.79,190.12,51.5,49.16
CUST-6269,ORD-5285,2023-07-06,Asia,Mid Value,3,402.7,1208.09,713.52,14.55,480.02
CUST-7943,ORD-5286,2022-12-10,Africa,Low Value,4,67.04,268.14,128.13,24.16,115.85
CUST-9320,ORD-5287,2023-09-20,Europe,Low Value,4,403.1,1612.4,1102.72,62.34,447.34
CUST-1437,ORD-5288,2022-05-16,Europe,Low Value,5,122.06,610.31,425.45,63.23,121.63
CUST-5846,ORD-5289,2022-10-04,Asia,Low Value,3,345.63,1036.9,605.98,59.43,371.49
CUST-4129,ORD-5290,2023-06-17,North America,Mid Value,5,319.09,1595.43,1027.65,64.28,503.5
CUST-9081,ORD-5291,2022-01-31,Europe,Mid Value,3,67.17,201.5,120.06,49.87,31.57
CUST-1901,ORD-5292,2022-09-04,Europe,Mid Value,1,339.61,339.61,188.67,26.66,124.28
CUST-6398,ORD-5293,2023-02-15,Africa,Mid Value,4,234.8,939.21,518.71,31.82,388.68
CUST-7678,ORD-5294,2022-01-27,North America,Mid Value,5,359.44,1797.19,1242.0,43.22,511.97
CUST-6529,ORD-5295,2022-03-14,North America,High Value,2,421.03,842.05,456.56,23.45,362.04
CUST-7604,ORD-5296,2022-04-07,Asia,Low Value,3,38.96,116.88,66.93,69.0,-19.05
CUST-4918,ORD-5297,2023-11-04,Africa,Low Value,1,331.02,331.02,169.52,61.02,100.48
CUST-2067,ORD-5298,2022-12-12,Africa,High Value,2,70.38,140.76,72.25,78.5,-10.0
CUST-1026,ORD-5299,2023-04-21,Europe,High Value,1,201.86,201.86,108.81,36.14,56.9
CUST-7937,ORD-5300,2022-10-27,Asia,Mid Value,1,26.09,26.09,17.77,70.31,-61.99
CUST-8264,ORD-5301,2022-10-26,Europe,Mid Value,3,177.75,533.25,292.82,63.43,176.99
CUST-8118,ORD-5302,2022-10-14,North America,Low Value,1,101.29,101.29,59.57,67.4,-25.67
CUST-1547,ORD-5303,2023-03-25,Africa,Mid Value,5,287.01,1435.03,841.56,56.61,536.86
CUST-9758,ORD-5304,2022-07-31,Asia,Low Value,2,265.89,531.78,316.83,31.18,183.77
CUST-9895,ORD-5305,2022-03-17,Europe,Mid Value,1,400.77,400.77,262.51,23.29,114.97
CUST-6338,ORD-5306,2023-02-05,Europe,Mid Value,1,327.18,327.18,220.95,25.42,80.81
CUST-4140,ORD-5307,2023-10-17,North America,Low Value,4,363.02,1452.08,729.22,47.52,675.34
CUST-8996,ORD-5308,2022-02-03,Africa,High Value,4,64.39,257.56,171.31,70.97,15.28
CUST-2590,ORD-5309,2023-05-13,North America,High Value,5,33.33,166.64,97.8,38.68,30.15
CUST-8776,ORD-5310,2023-05-31,Europe,Mid Value,4,485.38,1941.52,1322.4,49.91,569.2
CUST-5943,ORD-5311,2022-11-24,Africa,High Value,1,224.98,224.98,152.77,60.04,12.17
CUST-9997,ORD-5312,2022-04-08,Africa,Mid Value,1,209.59,209.59,114.72,69.14,25.72
CUST-8798,ORD-5313,2023-01-01,North America,High Value,2,36.81,73.61,45.12,53.64,-25.15
CUST-4791,ORD-5314,2023-12-30,Africa,High Value,4,77.08,308.31,205.9,52.2,50.21
CUST-2357,ORD-5315,2023-04-08,North America,Low Value,3,471.43,1414.28,772.45,79.07,562.76
CUST-9092,ORD-5316,2022-01-28,Africa,High Value,4,353.53,1414.1,651.84,69.68,692.58
CUST-4225,ORD-5317,2023-12-14,Africa,Mid Value,1,216.42,216.42,116.86,60.01,39.56
CUST-3460,ORD-5318,2023-01-21,Asia,Low Value,2,454.15,908.3,491.71,67.4,349.2
CUST-9737,ORD-5319,2022-09-30,Africa,High Value,4,303.15,1212.59,790.23,79.99,342.37
CUST-3728,ORD-5320,2022-05-07,Europe,Low Value,2,378.3,756.61,399.04,42.93,314.64
CUST-7726,ORD-5321,2022-07-21,Asia,High Value,4,227.17,908.67,611.99,57.91,238.77
CUST-8481,ORD-5322,2023-06-05,North America,Mid Value,5,227.13,1135.67,666.82,66.01,402.84
CUST-7430,ORD-5323,2022-10-14,Europe,Mid Value,1,52.81,52.81,31.5,38.31,-17.01
CUST-4114,ORD-5324,2023-03-26,North America,Low Value,1,372.31,372.31,242.65,76.62,53.03
CUST-1616,ORD-5325,2022-03-29,North America,High Value,3,67.58,202.73,98.05,33.67,71.01
CUST-4644,ORD-5326,2022-11-14,Europe,High Value,1,386.85,386.85,175.82,23.23,187.8
CUST-7413,ORD-5327,2022-01-19,North America,Low Value,3,111.61,334.84,155.42,55.78,123.64
CUST-2203,ORD-5328,2023-08-16,Asia,Low Value,1,138.74,138.74,63.49,11.06,64.19
CUST-3565,ORD-5329,2022-04-17,Europe,Mid Value,4,460.59,1842.35,1151.42,14.5,676.43
CUST-4174,ORD-5330,2023-04-03,North America,Low Value,4,246.35,985.41,503.78,77.79,403.84
CUST-4081,ORD-5331,2022-11-07,North America,High Value,5,80.12,400.58,266.13,26.12,108.33
CUST-3630,ORD-5332,2023-02-16,Africa,Low Value,4,454.44,1817.76,1219.2,7.49,591.07
CUST-4161,ORD-5333,2023-09-16,Africa,Mid Value,2,237.15,474.3,255.66,40.6,178.04
CUST-5321,ORD-5334,2023-09-27,North America,Low Value,4,82.66,330.66,164.9,70.05,95.71
CUST-9861,ORD-5335,2023-05-13,Europe,High Value,3,207.6,622.79,357.92,30.0,234.87
CUST-7269,ORD-5336,2022-09-01,Asia,Low Value,5,302.88,1514.39,990.34,36.45,487.6
CUST-8099,ORD-5337,2023-11-21,North America,Low Value,2,193.92,387.85,240.94,16.76,130.14
CUST-8376,ORD-5338,2023-07-31,North America,Low Value,2,463.68,927.35,423.28,30.96,473.12
CUST-5078,ORD-5339,2023-01-15,North America,Mid Value,1,149.45,149.45,67.52,77.41,4.52
CUST-6801,ORD-5340,2023-05-30,Africa,Mid Value,3,104.4,313.19,149.85,70.79,92.55
CUST-5151,ORD-5341,2022-07-26,Europe,Mid Value,4,126.06,504.23,269.35,60.49,174.38
CUST-9911,ORD-5342,2023-01-29,North America,Mid Value,4,60.2,240.8,140.68,63.97,36.15
CUST-3600,ORD-5343,2022-01-21,Africa,High Value,1,237.1,237.1,155.16,55.2,26.74
CUST-7175,ORD-5344,2023-06-11,North America,High Value,4,441.6,1766.4,857.94,13.85,894.62
CUST-1666,ORD-5345,2022-12-09,North America,Mid Value,2,166.56,333.13,162.61,13.81,156.71
CUST-1283,ORD-5346,2023-12-19,Europe,Mid Value,4,144.0,576.01,383.57,45.29,147.15
CUST-6840,ORD-5347,2022-07-21,Africa,Mid Value,4,421.94,1687.78,1149.39,49.66,488.73
CUST-4565,ORD-5348,2022-04-30,Asia,Low Value,2,166.88,333.76,196.19,77.89,59.68
CUST-5593,ORD-5349,2023-10-11,Europe,High Value,3,248.91,746.72,482.55,38.84,225.34
CUST-2465,ORD-5350,2023-01-24,Asia,Low Value,3,34.99,104.98,56.24,73.81,-25.06
CUST-9321,ORD-5351,2023-06-21,Africa,Mid Value,2,157.79,315.59,216.67,79.28,19.64
CUST-5734,ORD-5352,2022-08-22,Africa,High Value,2,82.67,165.34,111.8,68.34,-14.8
CUST-7257,ORD-5353,2023-09-25,Asia,Mid Value,5,70.81,354.03,234.51,34.92,84.6
CUST-8366,ORD-5354,2023-08-25,Africa,Low Value,5,227.08,1135.4,514.62,61.51,559.28
CUST-4672,ORD-5355,2022-11-16,Europe,High Value,4,153.12,612.48,355.74,45.91,210.83
CUST-8382,ORD-5356,2023-12-13,North America,Low Value,4,99.89,399.58,182.47,19.91,197.19
CUST-7587,ORD-5357,2022-06-29,Asia,High Value,5,265.51,1327.56,822.24,14.73,490.59
CUST-1992,ORD-5358,2023-01-03,North America,Mid Value,4,396.34,1585.36,786.12,10.26,788.99
CUST-7858,ORD-5359,2022-03-17,Asia,High Value,3,372.73,1118.2,681.95,29.48,406.76
CUST-3121,ORD-5360,2023-10-11,North America,Low Value,3,140.37,421.1,199.81,56.66,164.63
CUST-3223,ORD-5361,2023-10-12,North America,Low Value,1,146.3,146.3,93.51,73.54,-20.75
CUST-5522,ORD-5362,2023-05-11,Europe,Low Value,5,371.31,1856.56,1172.63,29.03,654.9
CUST-4188,ORD-5363,2023-06-06,North America,Low Value,3,287.44,862.32,389.04,44.83,428.46
CUST-4237,ORD-5364,2022-07-20,Asia,Mid Value,1,376.36,376.36,243.89,40.16,92.31
CUST-5136,ORD-5365,2022-12-12,North America,Low Value,2,20.66,41.31,20.28,13.16,7.87
CUST-1343,ORD-5366,2023-04-28,Africa,Mid Value,3,61.83,185.48,88.53,62.02,34.92
CUST-5704,ORD-5367,2022-08-07,North America,High Value,1,404.95,404.95,232.87,43.95,128.12
CUST-5823,ORD-5368,2022-03-01,North America,Low Value,4,428.54,1714.15,1024.24,73.8,616.11
CUST-5920,ORD-5369,2023-10-21,Africa,High Value,1,184.85,184.85,87.95,67.66,29.24
CUST-4201,ORD-5370,2023-09-11,Africa,High Value,3,480.0,1440.0,757.71,25.87,656.42
CUST-6471,ORD-5371,2023-07-04,Asia,Mid Value,4,164.75,659.01,363.74,28.45,266.83
CUST-1888,ORD-5372,2023-10-08,Africa,Low Value,4,447.34,1789.34,1227.32,45.27,516.75
CUST-8127,ORD-5373,2022-08-09,Africa,Mid Value,1,222.42,222.42,114.06,14.39,93.97
CUST-4720,ORD-5374,2023-05-17,Asia,Low Value,1,289.67,289.67,149.21,23.83,116.62
CUST-3883,ORD-5375,2022-05-13,Asia,High Value,3,328.77,986.31,606.43,66.58,313.3
CUST-5212,ORD-5376,2022-02-22,North America,Mid Value,4,83.89,335.57,212.01,16.48,107.08
CUST-7961,ORD-5377,2023-03-26,Europe,Low Value,5,37.81,189.07,85.59,45.97,57.51
CUST-3415,ORD-5378,2022-03-03,Asia,High Value,1,224.86,224.86,108.72,34.55,81.59
CUST-4001,ORD-5379,2022-01-23,Africa,Mid Value,5,96.97,484.86,261.54,20.07,203.24
CUST-2738,ORD-5380,2022-02-13,North America,Mid Value,5,283.49,1417.44,861.81,77.73,477.9
CUST-2364,ORD-5381,2023-07-12,Africa,Mid Value,4,237.75,950.99,459.83,66.88,424.28
CUST-3708,ORD-5382,2023-10-21,Asia,Mid Value,3,78.61,235.82,127.16,25.0,83.66
CUST-1924,ORD-5383,2023-12-29,Europe,High Value,5,339.58,1697.88,798.09,63.9,835.9
CUST-1151,ORD-5384,2022-02-16,North America,High Value,3,29.84,89.51,53.06,5.48,30.97
CUST-9777,ORD-5385,2022-01-24,Asia,High Value,1,80.66,80.66,44.9,25.82,9.95
CUST-9044,ORD-5386,2023-10-19,Asia,High Value,4,356.08,1424.32,921.56,13.1,489.65
CUST-1912,ORD-5387,2022-03-30,Africa,Low Value,2,273.37,546.74,324.48,36.81,185.46
CUST-3321,ORD-5388,2022-06-23,Europe,High Value,4,155.33,621.31,381.97,52.84,186.5
CUST-1495,ORD-5389,2023-07-30,Asia,Mid Value,2,106.52,213.04,131.61,17.85,63.58
CUST-3148,ORD-5390,2022-04-29,Africa,Mid Value,1,328.3,328.3,196.12,22.93,109.24
CUST-1556,ORD-5391,2023-10-30,North America,Mid Value,3,118.69,356.06,161.66,34.45,159.95
CUST-2552,ORD-5392,2022-06-27,Africa,Mid Value,1,492.61,492.61,324.15,52.31,116.16
CUST-3120,ORD-5393,2022-12-08,North America,Low Value,4,437.27,1749.08,1187.93,28.3,532.84
CUST-4085,ORD-5394,2023-07-22,Africa,Mid Value,2,83.44,166.87,97.38,50.11,19.38
CUST-4504,ORD-5395,2022-02-28,Europe,Mid Value,2,432.39,864.79,413.4,31.19,420.19
CUST-1156,ORD-5396,2023-03-14,Africa,Mid Value,4,185.62,742.48,455.64,24.34,262.5
CUST-9926,ORD-5397,2023-03-04,Europe,High Value,4,255.19,1020.77,552.17,69.13,399.47
CUST-8505,ORD-5398,2023-03-02,Europe,High Value,1,88.56,88.56,41.47,33.72,13.36
CUST-8162,ORD-5399,2023-01-16,North America,Low Value,5,76.91,384.57,255.18,73.88,55.51
CUST-6523,ORD-5400,2023-05-01,Africa,Low Value,2,435.44,870.87,546.85,27.92,296.11
CUST-8543,ORD-5401,2022-07-04,Africa,Low Value,4,322.35,1289.41,839.67,45.72,404.02
CUST-9055,ORD-5402,2023-07-13,Africa,Mid Value,1,241.02,241.02,156.43,9.02,75.57
CUST-5654,ORD-5403,2023-04-05,Europe,Low Value,5,37.36,186.79,100.76,56.02,30.01
CUST-7250,ORD-5404,2022-04-12,Asia,High Value,3,462.54,1387.63,791.71,64.66,531.25
CUST-8246,ORD-5405,2023-07-10,Africa,High Value,4,200.52,802.09,407.79,77.86,316.44
CUST-1154,ORD-5406,2022-01-15,Africa,High Value,5,219.99,1099.96,702.57,67.75,329.64
CUST-8950,ORD-5407,2022-02-20,Asia,Mid Value,3,159.11,477.33,277.32,28.44,171.57
CUST-1996,ORD-5408,2022-11-05,North America,Mid Value,3,447.82,1343.46,822.87,46.75,473.84
CUST-5626,ORD-5409,2022-02-03,Africa,Low Value,1,185.4,185.4,99.96,49.39,36.05
CUST-3905,ORD-5410,2023-09-28,Asia,Low Value,2,103.64,207.28,128.47,9.26,69.55
CUST-1153,ORD-5411,2023-08-12,Africa,Low Value,4,260.27,1041.07,643.17,10.45,387.45
CUST-8853,ORD-5412,2023-09-27,Europe,Low Value,5,395.12,1975.58,1269.39,29.44,676.76
CUST-7481,ORD-5413,2022-07-24,Asia,Mid Value,3,198.24,594.73,290.74,60.83,243.16
CUST-6599,ORD-5414,2022-03-11,Europe,High Value,2,332.98,665.96,403.52,26.42,236.03
CUST-2716,ORD-5415,2022-08-18,Asia,Mid Value,3,166.03,498.08,333.65,70.56,93.87
CUST-1786,ORD-5416,2023-04-25,North America,Low Value,4,365.49,1461.94,692.29,53.37,716.28
CUST-5368,ORD-5417,2023-06-17,Europe,Mid Value,4,340.99,1363.95,941.38,40.11,382.46
CUST-9096,ORD-5418,2022-04-18,Africa,High Value,1,346.76,346.76,174.06,45.54,127.16
CUST-5272,ORD-5419,2022-08-29,Asia,Mid Value,4,330.04,1320.14,903.16,29.86,387.13
CUST-4767,ORD-5420,2022-09-08,Africa,High Value,4,95.03,380.12,253.54,78.04,48.53
CUST-9834,ORD-5421,2022-05-15,North America,Low Value,4,446.24,1784.94,1146.91,18.2,619.84
CUST-6994,ORD-5422,2022-03-31,Asia,Mid Value,2,301.16,602.32,302.58,69.53,230.21
CUST-8216,ORD-5423,2023-08-14,North America,Low Value,5,203.55,1017.73,513.05,55.86,448.82
CUST-9857,ORD-5424,2023-03-16,Asia,Low Value,5,102.72,513.6,264.42,58.37,190.82
CUST-4426,ORD-5425,2023-11-20,Europe,High Value,4,396.12,1584.48,1034.05,67.69,482.74
CUST-4783,ORD-5426,2022-10-25,Africa,High Value,5,264.34,1321.72,656.79,15.22,649.71
CUST-6427,ORD-5427,2023-02-11,Europe,Low Value,4,90.7,362.8,215.94,57.14,89.72
CUST-8011,ORD-5428,2022-11-04,Europe,High Value,5,462.28,2311.41,1489.43,63.22,758.76
CUST-9052,ORD-5429,2022-04-12,Europe,High Value,5,70.92,354.6,200.4,78.85,75.35
CUST-4701,ORD-5430,2022-12-27,Europe,Low Value,3,271.63,814.88,537.97,61.07,215.84
CUST-3349,ORD-5431,2023-09-16,Asia,Low Value,2,313.08,626.16,369.76,76.38,180.01
CUST-8011,ORD-5432,2023-11-24,Africa,High Value,3,499.51,1498.54,897.3,68.73,532.51
CUST-8055,ORD-5433,2023-09-08,Asia,Low Value,3,87.64,262.92,162.8,70.68,29.44
CUST-2212,ORD-5434,2023-06-12,Asia,Low Value,5,314.51,1572.54,1040.23,73.77,458.55
CUST-7965,ORD-5435,2023-08-31,Asia,High Value,1,248.82,248.82,112.26,44.84,91.73
CUST-7704,ORD-5436,2022-10-20,Europe,Mid Value,1,143.42,143.42,78.61,58.33,6.48
CUST-8433,ORD-5437,2022-05-26,North America,Mid Value,2,472.26,944.52,652.43,14.3,277.8
CUST-3511,ORD-5438,2023-02-08,Europe,Low Value,4,399.6,1598.42,758.72,31.73,807.97
CUST-1143,ORD-5439,2022-01-02,Asia,High Value,5,392.99,1964.94,998.9,70.96,895.08
CUST-8367,ORD-5440,2022-04-29,Europe,Low Value,2,451.61,903.22,535.37,78.33,289.53
CUST-4228,ORD-5441,2023-08-29,Africa,High Value,3,368.02,1104.06,733.62,13.38,357.07
CUST-5582,ORD-5442,2022-07-10,Africa,Low Value,5,263.23,1316.17,624.26,48.96,642.95
CUST-7031,ORD-5443,2022-01-03,Europe,Low Value,3,207.94,623.81,281.34,60.09,282.37
CUST-5243,ORD-5444,2023-05-02,Europe,High Value,2,357.98,715.97,445.16,43.71,227.11
CUST-3713,ORD-5445,2023-09-15,North America,Low Value,1,309.35,309.35,185.4,22.47,101.48
CUST-5185,ORD-5446,2022-06-26,Europe,Mid Value,2,280.58,561.16,290.55,8.13,262.48
CUST-8328,ORD-5447,2022-09-14,Europe,Mid Value,5,302.75,1513.74,1043.58,76.36,393.8
CUST-5633,ORD-5448,2023-06-18,North America,High Value,5,334.57,1672.83,986.62,22.76,663.46
CUST-4192,ORD-5449,2023-04-22,Europe,Low Value,4,484.98,1939.91,1194.7,27.43,717.78
CUST-1300,ORD-5450,2023-02-02,Europe,Mid Value,1,381.52,381.52,207.81,53.21,120.5
CUST-1723,ORD-5451,2023-05-11,Europe,High Value,5,104.69,523.44,356.15,37.15,130.15
CUST-6694,ORD-5452,2022-08-08,Europe,High Value,1,244.05,244.05,126.67,36.76,80.62
CUST-4010,ORD-5453,2022-06-22,Europe,High Value,5,345.56,1727.78,1100.94,11.2,615.65
CUST-6555,ORD-5454,2023-01-25,Asia,Mid Value,1,104.31,104.31,49.98,79.39,-25.06
CUST-1067,ORD-5455,2023-05-17,Europe,Mid Value,2,467.7,935.4,546.69,26.33,362.38
CUST-3506,ORD-5456,2023-07-31,North America,Mid Value,1,56.97,56.97,33.87,13.25,9.85
CUST-2537,ORD-5457,2022-09-17,Europe,Mid Value,3,313.27,939.82,467.17,56.12,416.53
CUST-1397,ORD-5458,2022-05-11,Asia,Low Value,2,488.45,976.9,518.68,61.42,396.8
CUST-6680,ORD-5459,2022-04-23,North America,Mid Value,5,369.38,1846.88,913.61,6.9,926.38
CUST-5825,ORD-5460,2023-12-24,North America,High Value,5,345.08,1725.42,1140.94,25.19,559.28
CUST-9747,ORD-5461,2022-01-20,Europe,Low Value,4,498.76,1995.05,1225.55,19.58,749.92
CUST-7048,ORD-5462,2022-08-03,Africa,Mid Value,3,400.06,1200.19,674.04,64.16,462.0
CUST-4661,ORD-5463,2022-11-06,Asia,Low Value,4,485.74,1942.96,1144.4,18.78,779.79
CUST-3941,ORD-5464,2022-09-08,Africa,High Value,2,355.47,710.94,381.07,22.64,307.22
CUST-8067,ORD-5465,2023-05-03,Europe,Mid Value,4,339.42,1357.68,756.48,79.01,522.19
CUST-6091,ORD-5466,2023-01-17,Asia,Low Value,2,386.03,772.06,466.98,57.66,247.43
CUST-2601,ORD-5467,2023-02-13,Africa,Mid Value,4,110.6,442.41,222.47,34.07,185.86
CUST-2480,ORD-5468,2022-09-28,Asia,Low Value,1,406.78,406.78,196.69,61.54,148.55
CUST-7230,ORD-5469,2023-02-11,Europe,Low Value,2,485.67,971.33,666.45,39.99,264.9
CUST-4276,ORD-5470,2023-11-23,Asia,High Value,2,313.59,627.18,319.37,20.95,286.86
CUST-7447,ORD-5471,2022-07-13,Europe,High Value,1,25.93,25.93,14.88,41.6,-30.55
CUST-6499,ORD-5472,2023-03-17,Africa,Mid Value,1,54.6,54.6,34.97,62.9,-43.27
CUST-7273,ORD-5473,2022-11-09,Asia,Mid Value,3,132.66,397.98,234.42,18.38,145.19
CUST-2299,ORD-5474,2022-03-20,North America,Low Value,1,255.73,255.73,155.67,41.41,58.65
CUST-6818,ORD-5475,2022-06-29,Europe,High Value,4,218.6,874.41,429.21,13.95,431.25
CUST-7701,ORD-5476,2023-11-06,Asia,High Value,1,490.02,490.02,268.89,68.2,152.93
CUST-5994,ORD-5477,2023-12-15,North America,Low Value,1,473.88,473.88,295.02,66.41,112.45
CUST-8489,ORD-5478,2022-01-14,North America,High Value,2,208.51,417.01,209.53,55.51,151.98
CUST-9269,ORD-5479,2022-09-03,North America,High Value,2,401.27,802.54,458.16,74.0,270.38
CUST-3831,ORD-5480,2022-01-14,North America,Low Value,1,325.45,325.45,194.4,35.0,96.06
CUST-3721,ORD-5481,2022-04-09,Europe,Mid Value,3,136.71,410.12,265.48,14.9,129.74
CUST-2532,ORD-5482,2022-02-02,Asia,Mid Value,2,466.97,933.93,470.78,78.17,384.98
CUST-9429,ORD-5483,2023-03-12,North America,Mid Value,4,144.57,578.27,401.62,43.48,133.17
CUST-6253,ORD-5484,2022-09-14,Asia,Low Value,4,437.76,1751.06,1211.48,40.66,498.91
CUST-2996,ORD-5485,2022-02-03,Asia,Mid Value,1,326.07,326.07,147.73,9.78,168.56
CUST-6311,ORD-5486,2022-01-19,Africa,Low Value,1,318.14,318.14,172.43,47.78,97.93
CUST-1277,ORD-5487,2023-10-26,Asia,Low Value,3,422.44,1267.31,591.78,53.36,622.17
CUST-4089,ORD-5488,2022-09-17,Europe,High Value,1,257.27,257.27,136.18,40.49,80.6
CUST-1523,ORD-5489,2023-11-07,Europe,High Value,5,429.62,2148.1,1292.65,73.28,782.17
CUST-5275,ORD-5490,2023-08-12,North America,Mid Value,5,284.11,1420.55,855.43,60.68,504.44
CUST-6365,ORD-5491,2023-02-20,Asia,Low Value,1,492.63,492.63,233.59,7.9,251.15
CUST-4122,ORD-5492,2022-05-17,Europe,Mid Value,5,336.77,1683.83,1042.76,45.69,595.38
CUST-9167,ORD-5493,2022-12-25,Europe,Mid Value,4,199.55,798.2,528.07,79.53,190.6
CUST-6190,ORD-5494,2023-12-21,Europe,High Value,1,386.41,386.41,234.86,19.98,131.57
CUST-5575,ORD-5495,2023-08-02,North America,Mid Value,4,264.75,1059.0,558.61,51.29,449.1
CUST-8727,ORD-5496,2022-04-26,Europe,Mid Value,4,406.89,1627.57,733.42,25.51,868.64
CUST-2797,ORD-5497,2023-02-08,Asia,High Value,5,420.06,2100.31,1285.6,32.86,781.84
CUST-3131,ORD-5498,2022-07-21,Europe,Mid Value,3,316.12,948.35,587.45,7.52,353.38
CUST-8322,ORD-5499,2023-01-11,Europe,Mid Value,4,438.65,1754.6,1100.46,56.59,597.54
CUST-7500,ORD-5500,2022-09-07,North America,Low Value,5,213.64,1068.22,491.19,62.43,514.61
CUST-1815,ORD-5501,2023-03-22,Asia,Mid Value,3,47.54,142.62,82.59,62.97,-2.94
CUST-9634,ORD-5502,2022-10-05,Europe,High Value,5,338.07,1690.36,935.37,77.79,677.19
CUST-7666,ORD-5503,2022-04-22,Asia,High Value,5,386.94,1934.68,1241.75,67.84,625.09
CUST-1142,ORD-5504,2023-04-18,Asia,Low Value,1,54.94,54.94,34.65,20.57,-0.28
CUST-2410,ORD-5505,2023-11-19,Europe,High Value,2,390.04,780.07,536.43,22.29,221.35
CUST-1534,ORD-5506,2023-01-27,North America,High Value,3,326.8,980.39,661.15,62.6,256.64
CUST-4364,ORD-5507,2022-05-23,Asia,High Value,5,75.88,379.39,223.65,63.27,92.47
CUST-2032,ORD-5508,2022-02-01,Africa,Mid Value,4,279.17,1116.69,776.23,14.23,326.23
CUST-4342,ORD-5509,2022-06-30,Europe,Low Value,4,72.2,288.78,140.8,5.5,142.49
CUST-7085,ORD-5510,2023-08-02,Asia,Low Value,2,174.38,348.75,157.56,35.1,156.09
CUST-5500,ORD-5511,2023-05-31,Asia,Low Value,3,405.91,1217.74,580.81,57.1,579.83
CUST-2172,ORD-5512,2022-09-26,Asia,Low Value,1,68.38,68.38,36.84,70.0,-38.46
CUST-5517,ORD-5513,2022-08-24,Europe,High Value,3,240.51,721.52,460.92,17.4,243.2
CUST-9007,ORD-5514,2022-10-04,Africa,Mid Value,4,310.74,1242.97,678.37,66.15,498.45
CUST-2641,ORD-5515,2023-07-07,Asia,High Value,4,471.45,1885.78,1216.61,56.33,612.83
CUST-1471,ORD-5516,2023-09-25,Asia,High Value,1,373.89,373.89,237.68,17.45,118.76
CUST-3940,ORD-5517,2022-10-02,North America,High Value,1,86.84,86.84,56.32,70.5,-39.98
CUST-9738,ORD-5518,2022-03-27,Europe,High Value,4,485.06,1940.23,963.94,74.97,901.31
CUST-5726,ORD-5519,2022-03-04,Europe,Low Value,5,249.42,1247.1,722.08,24.94,500.08
CUST-8670,ORD-5520,2023-02-08,Asia,Low Value,5,197.46,987.32,620.21,16.15,350.96
CUST-4723,ORD-5521,2022-07-11,North America,Mid Value,1,81.78,81.78,42.61,77.57,-38.4
CUST-1363,ORD-5522,2022-10-20,Asia,High Value,5,468.07,2340.36,1543.48,6.72,790.16
CUST-4309,ORD-5523,2022-01-31,Asia,Low Value,1,301.38,301.38,194.34,76.13,30.91
CUST-1545,ORD-5524,2022-11-26,Europe,Mid Value,3,494.23,1482.7,711.65,21.22,749.83
CUST-4240,ORD-5525,2023-10-20,North America,High Value,3,103.46,310.37,156.57,37.86,115.94
CUST-7665,ORD-5526,2022-04-17,Asia,High Value,3,282.0,846.0,430.91,28.13,386.97
CUST-2936,ORD-5527,2023-09-14,Europe,Low Value,1,72.75,72.75,48.71,16.53,7.51
CUST-1882,ORD-5528,2022-10-03,Asia,High Value,1,271.65,271.65,134.92,31.44,105.29
CUST-4840,ORD-5529,2023-12-23,Asia,High Value,5,447.1,2235.5,1353.65,45.44,836.41
CUST-7923,ORD-5530,2023-10-13,North America,Low Value,5,72.47,362.37,168.95,12.04,181.39
CUST-5611,ORD-5531,2023-08-21,North America,Mid Value,5,149.43,747.16,439.42,65.69,242.05
CUST-6204,ORD-5532,2023-07-10,North America,Mid Value,2,347.55,695.11,337.34,65.03,292.73
CUST-8288,ORD-5533,2022-03-23,Asia,Low Value,1,56.62,56.62,33.62,64.81,-41.82
CUST-4203,ORD-5534,2022-03-05,Africa,Low Value,3,237.91,713.74,386.81,56.48,270.44
CUST-3244,ORD-5535,2023-07-21,North America,Mid Value,3,179.87,539.61,324.53,39.14,175.93
CUST-1018,ORD-5536,2023-08-09,Africa,Mid Value,2,422.31,844.62,463.37,67.53,313.72
CUST-1641,ORD-5537,2022-05-09,Africa,Low Value,2,43.56,87.11,57.81,68.89,-39.58
CUST-4083,ORD-5538,2022-09-13,Africa,Low Value,3,434.43,1303.29,833.12,26.41,443.76
CUST-6200,ORD-5539,2022-08-19,Europe,Low Value,1,357.74,357.74,236.53,41.07,80.14
CUST-9521,ORD-5540,2023-05-12,Asia,High Value,3,162.65,487.95,246.67,20.22,221.06
CUST-1865,ORD-5541,2022-05-17,North America,Low Value,3,114.93,344.79,167.98,24.18,152.62
CUST-1773,ORD-5542,2023-03-31,Asia,High Value,2,476.08,952.17,561.15,22.92,368.1
CUST-5732,ORD-5543,2022-12-21,Asia,Mid Value,2,285.88,571.75,382.05,67.02,122.68
CUST-4518,ORD-5544,2023-09-16,Europe,Mid Value,5,185.49,927.47,443.01,23.81,460.65
CUST-7795,ORD-5545,2023-04-30,Europe,Low Value,2,41.34,82.69,42.05,45.97,-5.33
CUST-7984,ORD-5546,2022-05-26,Europe,Low Value,3,99.58,298.73,190.14,52.12,56.47
CUST-3567,ORD-5547,2022-02-02,Asia,Mid Value,5,307.12,1535.6,869.67,60.85,605.07
CUST-2674,ORD-5548,2022-09-17,Africa,Mid Value,3,266.29,798.88,480.02,7.18,311.68
CUST-1739,ORD-5549,2022-03-28,Asia,Mid Value,1,383.65,383.65,229.4,40.68,113.57
CUST-2545,ORD-5550,2022-09-22,Europe,Mid Value,1,420.72,420.72,232.7,26.95,161.08
CUST-6127,ORD-5551,2023-06-26,Asia,Low Value,2,210.64,421.29,263.91,67.55,89.83
CUST-7947,ORD-5552,2023-01-27,Europe,High Value,5,68.45,342.23,226.92,7.76,107.55
CUST-7620,ORD-5553,2022-08-20,Europe,Mid Value,4,399.93,1599.74,1082.92,20.52,496.29
CUST-5555,ORD-5554,2023-08-11,North America,Mid Value,1,285.8,285.8,131.92,28.68,125.19
CUST-6645,ORD-5555,2023-03-23,Africa,High Value,1,490.3,490.3,288.49,10.84,190.97
CUST-9943,ORD-5556,2022-05-09,Europe,Low Value,1,402.25,402.25,185.07,34.66,182.52
CUST-8124,ORD-5557,2022-09-28,North America,High Value,1,177.95,177.95,120.16,60.78,-2.99
CUST-4732,ORD-5558,2022-03-30,Africa,Low Value,2,225.68,451.35,251.55,20.92,178.88
CUST-3283,ORD-5559,2023-04-11,Europe,Low Value,5,133.08,665.38,449.22,61.59,154.58
CUST-9669,ORD-5560,2022-06-19,Africa,Low Value,1,265.76,265.76,132.06,44.68,89.02
CUST-7998,ORD-5561,2022-05-08,Africa,Low Value,2,361.15,722.3,354.35,30.85,337.09
CUST-6413,ORD-5562,2022-06-23,Asia,Low Value,5,313.99,1569.97,1063.0,32.66,474.31
CUST-2269,ORD-5563,2022-01-26,North America,Mid Value,5,184.2,921.0,630.51,13.72,276.77
CUST-8868,ORD-5564,2023-07-27,Africa,Low Value,4,415.18,1660.74,1065.69,23.73,571.31
CUST-3603,ORD-5565,2023-05-26,Asia,Mid Value,3,70.43,211.28,106.81,59.84,44.64
CUST-6961,ORD-5566,2023-05-03,Africa,Low Value,1,88.43,88.43,43.59,69.71,-24.87
CUST-9569,ORD-5567,2023-08-02,Asia,Mid Value,2,214.0,427.99,272.63,24.92,130.44
CUST-8557,ORD-5568,2023-02-10,Europe,High Value,5,357.08,1785.38,1086.75,49.15,649.48
CUST-2680,ORD-5569,2022-01-26,Europe,High Value,4,353.21,1412.84,943.8,7.6,461.43
CUST-9433,ORD-5570,2022-03-24,Asia,Mid Value,3,195.93,587.79,305.18,10.81,271.8
CUST-6682,ORD-5571,2022-12-30,Europe,Low Value,5,354.37,1771.86,928.17,77.33,766.36
CUST-9084,ORD-5572,2023-01-02,Europe,Mid Value,5,49.08,245.41,155.32,72.24,17.85
CUST-6367,ORD-5573,2022-03-01,Europe,Mid Value,1,159.21,159.21,82.31,11.1,65.81
CUST-1069,ORD-5574,2023-07-05,Africa,Low Value,3,353.01,1059.03,598.98,66.67,393.38
CUST-4924,ORD-5575,2023-09-27,Asia,High Value,3,108.34,325.02,188.52,12.69,123.81
CUST-7200,ORD-5576,2022-10-19,North America,Mid Value,2,122.1,244.2,150.75,67.14,26.32
CUST-3007,ORD-5577,2022-07-10,North America,High Value,4,61.7,246.81,132.32,73.51,40.99
CUST-9992,ORD-5578,2023-04-06,Asia,High Value,2,194.95,389.89,259.12,16.48,114.29
CUST-9119,ORD-5579,2023-10-26,Africa,High Value,4,415.97,1663.86,916.09,16.04,731.73
CUST-3779,ORD-5580,2022-08-21,Europe,Mid Value,2,421.45,842.9,388.03,74.49,380.39
CUST-5920,ORD-5581,2023-04-19,Europe,Mid Value,4,433.93,1735.74,810.16,27.61,897.97
CUST-1755,ORD-5582,2023-02-09,Africa,Low Value,1,37.62,37.62,26.07,40.45,-28.9
CUST-7495,ORD-5583,2023-10-20,North America,Low Value,4,496.87,1987.5,1203.45,27.83,756.21
CUST-6935,ORD-5584,2022-09-28,Asia,Mid Value,2,261.27,522.54,299.27,61.2,162.06
CUST-3330,ORD-5585,2022-05-14,Asia,Low Value,3,438.91,1316.73,878.81,20.83,417.09
CUST-6705,ORD-5586,2022-06-20,Africa,High Value,5,454.46,2272.28,1429.76,42.06,800.45
CUST-9301,ORD-5587,2023-02-19,Europe,High Value,4,266.96,1067.84,528.95,68.78,470.1
CUST-2016,ORD-5588,2022-01-28,Europe,Mid Value,4,44.52,178.09,80.47,75.7,21.93
CUST-8347,ORD-5589,2022-05-16,Europe,High Value,3,306.79,920.36,640.14,31.46,248.76
CUST-9216,ORD-5590,2023-02-09,Asia,Mid Value,1,180.36,180.36,109.54,13.55,57.28
CUST-5938,ORD-5591,2023-05-20,North America,Mid Value,2,119.25,238.5,135.77,65.73,37.0
CUST-3838,ORD-5592,2022-08-29,Asia,Mid Value,1,107.6,107.6,73.83,13.31,20.46
CUST-1737,ORD-5593,2023-03-20,Africa,High Value,4,288.45,1153.79,625.7,63.45,464.64
CUST-7200,ORD-5594,2023-03-10,Asia,Mid Value,4,70.15,280.59,176.95,56.67,46.97
CUST-9371,ORD-5595,2022-08-16,Africa,Mid Value,1,414.39,414.39,255.9,48.32,110.18
CUST-1231,ORD-5596,2023-05-24,Asia,Low Value,2,129.1,258.2,159.89,75.46,22.85
CUST-2917,ORD-5597,2022-10-30,North America,High Value,4,283.66,1134.64,702.66,29.18,402.8
CUST-9534,ORD-5598,2022-02-03,Africa,Mid Value,4,80.22,320.88,145.23,12.0,163.65
CUST-6918,ORD-5599,2022-01-02,Europe,Low Value,1,432.62,432.62,283.83,78.62,70.17
CUST-3623,ORD-5600,2022-12-28,Europe,Mid Value,5,352.2,1761.01,1198.79,38.09,524.14
CUST-9646,ORD-5601,2022-07-14,Asia,High Value,3,119.13,357.39,200.97,37.5,118.91
CUST-7401,ORD-5602,2023-08-29,Asia,Low Value,4,363.56,1454.22,858.17,11.71,584.34
CUST-8072,ORD-5603,2022-11-04,North America,Low Value,2,59.79,119.58,63.52,60.77,-4.7
CUST-3276,ORD-5604,2023-10-09,North America,Mid Value,5,390.66,1953.32,1262.37,59.01,631.94
CUST-8393,ORD-5605,2023-12-17,Europe,Mid Value,1,255.37,255.37,161.94,15.9,77.53
CUST-9787,ORD-5606,2022-09-07,Asia,High Value,1,77.69,77.69,49.3,22.54,5.85
CUST-4874,ORD-5607,2022-05-27,Africa,High Value,2,284.23,568.46,360.25,6.23,201.98
CUST-5530,ORD-5608,2022-12-12,North America,Mid Value,5,116.42,582.08,293.74,71.73,216.61
CUST-8164,ORD-5609,2022-12-14,Africa,Low Value,2,342.93,685.86,327.93,23.34,334.59
CUST-5497,ORD-5610,2022-09-11,Africa,High Value,4,360.14,1440.55,760.16,74.53,605.86
CUST-8933,ORD-5611,2023-02-03,North America,High Value,5,385.2,1926.02,1143.75,47.84,734.42
CUST-3135,ORD-5612,2022-11-30,Asia,Low Value,3,449.54,1348.61,741.58,36.91,570.13
CUST-7727,ORD-5613,2022-06-25,Africa,Mid Value,3,334.37,1003.11,513.91,5.59,483.62
CUST-2565,ORD-5614,2022-05-05,Asia,High Value,2,256.05,512.1,233.3,11.92,266.88
CUST-1308,ORD-5615,2023-02-02,Africa,Low Value,3,430.03,1290.08,619.61,16.9,653.58
CUST-9534,ORD-5616,2022-05-11,Asia,High Value,2,451.93,903.85,430.53,12.93,460.39
CUST-9627,ORD-5617,2023-07-16,Asia,Low Value,4,395.24,1580.97,1089.54,24.22,467.21
CUST-9368,ORD-5618,2023-08-28,Asia,High Value,4,472.37,1889.46,1218.15,16.59,654.72
CUST-1138,ORD-5619,2023-02-11,Asia,Mid Value,2,490.13,980.26,471.2,54.79,454.27
CUST-1193,ORD-5620,2022-11-30,North America,Low Value,4,140.63,562.52,318.84,27.28,216.4
CUST-4257,ORD-5621,2022-01-20,Africa,High Value,3,108.17,324.52,199.13,58.87,66.52
CUST-4235,ORD-5622,2022-07-24,Asia,High Value,4,235.32,941.3,649.74,15.16,276.4
CUST-1942,ORD-5623,2023-08-26,Europe,Low Value,3,498.52,1495.57,773.57,20.68,701.32
CUST-5620,ORD-5624,2022-12-21,Africa,Low Value,3,62.47,187.4,96.7,64.06,26.64
CUST-6720,ORD-5625,2022-06-22,Africa,Mid Value,1,361.76,361.76,214.18,52.56,95.02
CUST-7353,ORD-5626,2022-07-08,Asia,Low Value,4,428.4,1713.6,1138.42,12.23,562.95
CUST-5957,ORD-5627,2022-01-02,Africa,High Value,4,498.29,1993.18,1036.26,76.96,879.96
CUST-4381,ORD-5628,2022-06-17,Europe,Mid Value,2,317.46,634.92,305.69,62.19,267.05
CUST-6839,ORD-5629,2023-01-03,Europe,Low Value,2,202.45,404.89,209.14,46.45,149.3
CUST-3880,ORD-5630,2023-06-20,Europe,High Value,5,99.92,499.59,280.9,30.72,187.97
CUST-5887,ORD-5631,2023-08-03,Africa,Low Value,3,491.25,1473.74,795.8,12.05,665.89
CUST-1545,ORD-5632,2023-01-05,Africa,High Value,1,463.62,463.62,308.45,31.87,123.31
CUST-2927,ORD-5633,2023-12-07,Asia,High Value,3,406.17,1218.51,835.57,29.23,353.71
CUST-5152,ORD-5634,2023-08-19,Africa,Mid Value,4,473.01,1892.05,1030.43,10.88,850.74
CUST-1004,ORD-5635,2023-03-13,Africa,Mid Value,5,49.21,246.05,161.37,63.78,20.9
CUST-6533,ORD-5636,2022-07-26,Asia,Low Value,3,323.12,969.35,452.83,36.15,480.37
CUST-6378,ORD-5637,2022-02-18,Europe,Mid Value,5,151.9,759.51,446.92,71.71,240.88
CUST-7233,ORD-5638,2023-06-28,Asia,Low Value,3,387.48,1162.45,764.81,16.85,380.8
CUST-3663,ORD-5639,2023-11-13,North America,Mid Value,4,65.94,263.78,146.3,28.82,88.65
CUST-4326,ORD-5640,2022-05-09,Africa,Mid Value,4,144.19,576.74,280.22,25.93,270.6
CUST-4659,ORD-5641,2023-03-23,Africa,Low Value,3,428.12,1284.36,669.18,69.89,545.29
CUST-2131,ORD-5642,2023-09-06,North America,Mid Value,1,379.73,379.73,217.58,43.08,119.08
CUST-5763,ORD-5643,2022-02-04,North America,Mid Value,4,496.17,1984.68,1311.63,15.64,657.42
CUST-7737,ORD-5644,2022-07-18,North America,Mid Value,2,329.11,658.22,419.39,31.81,207.03
CUST-6092,ORD-5645,2022-03-18,Asia,Mid Value,1,165.48,165.48,77.92,75.74,11.82
CUST-7022,ORD-5646,2023-01-04,Europe,Low Value,3,282.98,848.95,497.94,46.36,304.65
CUST-4159,ORD-5647,2023-06-10,Asia,High Value,1,473.1,473.1,316.07,7.76,149.27
CUST-7159,ORD-5648,2022-12-15,North America,Low Value,2,332.85,665.69,395.61,9.34,260.75
CUST-8318,ORD-5649,2023-05-21,Asia,Low Value,4,443.12,1772.48,826.39,22.68,923.41
CUST-9445,ORD-5650,2023-10-05,Africa,Low Value,4,30.99,123.94,81.28,51.6,-8.94
CUST-6307,ORD-5651,2022-08-26,Asia,Mid Value,4,197.38,789.54,534.27,23.39,231.87
CUST-9520,ORD-5652,2022-10-07,North America,Mid Value,2,468.95,937.89,513.31,68.76,355.83
CUST-4044,ORD-5653,2023-07-31,Africa,High Value,1,38.86,38.86,20.5,52.21,-33.85
CUST-6636,ORD-5654,2023-03-08,Europe,Mid Value,3,269.17,807.51,473.07,27.55,306.88
CUST-3892,ORD-5655,2022-05-18,Asia,High Value,3,186.33,559.0,389.08,34.55,135.38
CUST-6288,ORD-5656,2022-09-26,Asia,High Value,1,330.18,330.18,217.71,33.14,79.33
CUST-6812,ORD-5657,2022-07-20,North America,Mid Value,4,97.87,391.47,255.54,28.56,107.37
CUST-1654,ORD-5658,2022-05-22,Europe,High Value,3,333.58,1000.75,498.66,52.24,449.85
CUST-6481,ORD-5659,2023-09-04,Africa,Low Value,4,496.08,1984.34,1337.03,20.13,627.18
CUST-1759,ORD-5660,2023-10-12,North America,Low Value,5,150.16,750.79,442.21,26.91,281.68
CUST-7782,ORD-5661,2023-11-11,North America,Low Value,5,241.49,1207.43,820.11,11.39,375.93
CUST-2798,ORD-5662,2023-09-03,Asia,High Value,3,34.26,102.77,62.99,33.2,6.58
CUST-6159,ORD-5663,2022-12-21,Europe,High Value,1,228.34,228.34,150.37,9.83,68.14
CUST-9446,ORD-5664,2023-08-01,North America,Low Value,1,214.88,214.88,105.59,6.34,102.95
CUST-6262,ORD-5665,2022-11-25,Asia,Mid Value,1,291.06,291.06,182.39,53.45,55.22
CUST-4823,ORD-5666,2023-07-13,Africa,Low Value,4,143.25,573.0,294.7,17.18,261.11
CUST-2876,ORD-5667,2022-08-19,North America,Mid Value,5,177.75,888.77,437.48,7.64,443.65
CUST-7154,ORD-5668,2022-11-04,Africa,Mid Value,4,312.75,1251.0,742.46,10.12,498.41
CUST-8787,ORD-5669,2023-10-20,Africa,High Value,2,456.07,912.14,547.91,19.94,344.29
CUST-5516,ORD-5670,2023-12-20,Asia,High Value,2,132.9,265.79,152.21,59.07,54.52
CUST-4734,ORD-5671,2022-05-26,Europe,Mid Value,3,345.18,1035.54,489.04,5.89,540.61
CUST-6972,ORD-5672,2022-06-01,Africa,Mid Value,2,271.46,542.93,277.54,59.49,205.9
CUST-7639,ORD-5673,2022-05-20,North America,Mid Value,1,70.21,70.21,35.73,49.78,-15.3
CUST-6356,ORD-5674,2023-10-25,Europe,High Value,3,291.41,874.22,461.96,43.54,368.72
CUST-7380,ORD-5675,2022-01-21,Europe,Low Value,5,360.23,1801.14,1093.32,73.2,634.62
CUST-2008,ORD-5676,2022-09-11,Asia,Mid Value,5,307.16,1535.81,859.28,67.22,609.31
CUST-5314,ORD-5677,2022-03-05,North America,High Value,2,70.12,140.24,97.06,36.41,6.77
CUST-3508,ORD-5678,2022-08-06,North America,Low Value,2,430.18,860.36,390.57,5.5,464.29
CUST-5758,ORD-5679,2022-03-13,Asia,High Value,5,39.68,198.41,99.99,58.29,40.12
CUST-3682,ORD-5680,2022-06-11,Asia,Low Value,2,133.28,266.56,158.17,8.58,99.82
CUST-8311,ORD-5681,2022-05-10,Europe,High Value,2,315.54,631.08,422.72,25.85,182.51
CUST-1989,ORD-5682,2023-08-04,Africa,Low Value,4,124.65,498.58,228.59,41.98,228.02
CUST-9446,ORD-5683,2022-08-13,Africa,Mid Value,5,68.86,344.32,231.0,12.45,100.86
CUST-5711,ORD-5684,2023-08-03,Africa,High Value,5,265.72,1328.6,766.36,55.95,506.3
CUST-7479,ORD-5685,2023-03-30,Africa,Low Value,2,366.78,733.56,474.15,29.1,230.31
CUST-7964,ORD-5686,2023-01-19,North America,Low Value,1,217.16,217.16,149.23,32.12,35.81
CUST-9075,ORD-5687,2022-04-17,North America,Low Value,4,355.26,1421.05,716.0,53.62,651.43
CUST-5452,ORD-5688,2023-09-13,Asia,Mid Value,1,433.11,433.11,258.56,34.87,139.69
CUST-9447,ORD-5689,2022-04-13,Asia,High Value,2,480.22,960.44,644.38,21.84,294.22
CUST-2007,ORD-5690,2022-05-21,Africa,Low Value,5,131.97,659.84,436.22,18.26,205.36
CUST-7496,ORD-5691,2023-07-31,Asia,Mid Value,1,310.57,310.57,180.21,59.3,71.06
CUST-8688,ORD-5692,2022-05-14,North America,Mid Value,3,148.1,444.3,305.4,61.29,77.61
CUST-4908,ORD-5693,2022-07-18,Africa,Mid Value,1,438.04,438.04,274.7,19.68,143.66
CUST-3803,ORD-5694,2023-05-25,Africa,Mid Value,5,447.34,2236.69,1299.58,28.93,908.18
CUST-5379,ORD-5695,2023-10-29,North America,Mid Value,2,174.64,349.27,162.23,76.75,110.3
CUST-1098,ORD-5696,2022-03-20,Europe,Mid Value,1,329.76,329.76,188.57,78.82,62.38
CUST-9388,ORD-5697,2023-04-27,Africa,Mid Value,2,446.08,892.17,495.58,48.9,347.69
CUST-1877,ORD-5698,2023-05-27,Asia,High Value,4,264.01,1056.06,555.82,61.77,438.47
CUST-2868,ORD-5699,2022-09-07,Europe,High Value,3,365.83,1097.48,752.57,61.12,283.79
CUST-3665,ORD-5700,2023-08-22,North America,Mid Value,5,404.41,2022.05,1377.88,34.67,609.51
CUST-2388,ORD-5701,2023-08-23,Europe,Low Value,5,438.51,2192.55,1171.53,8.63,1012.39
CUST-3415,ORD-5702,2023-04-28,Europe,Low Value,2,267.3,534.6,298.81,60.55,175.24
CUST-9761,ORD-5703,2022-06-21,Africa,Low Value,3,472.08,1416.23,903.49,15.18,497.56
CUST-3637,ORD-5704,2022-01-17,Europe,Mid Value,5,321.9,1609.49,1060.27,26.79,522.43
CUST-8242,ORD-5705,2022-10-21,Asia,Low Value,1,92.83,92.83,44.33,28.67,19.84
CUST-9613,ORD-5706,2023-01-29,Africa,High Value,5,313.98,1569.9,899.08,31.18,639.64
CUST-3883,ORD-5707,2023-05-13,North America,High Value,1,163.27,163.27,110.8,39.93,12.54
CUST-2204,ORD-5708,2022-08-07,Asia,High Value,5,198.6,993.0,611.84,42.62,338.55
CUST-1544,ORD-5709,2022-08-22,Africa,High Value,1,408.25,408.25,239.13,41.26,127.86
CUST-2223,ORD-5710,2023-01-25,Europe,Mid Value,4,487.21,1948.83,1226.81,17.21,704.8
CUST-4172,ORD-5711,2022-09-05,Asia,High Value,2,437.53,875.06,538.47,53.66,282.92
CUST-9959,ORD-5712,2022-02-21,Africa,Low Value,4,176.39,705.54,483.69,64.27,157.58
CUST-7450,ORD-5713,2022-01-15,Africa,Low Value,1,237.76,237.76,161.24,39.63,36.89
CUST-7520,ORD-5714,2022-11-20,North America,High Value,2,492.08,984.16,540.74,67.87,375.54
CUST-1654,ORD-5715,2023-03-17,Africa,High Value,3,463.29,1389.88,636.57,38.32,714.99
CUST-7821,ORD-5716,2022-04-22,North America,High Value,1,488.94,488.94,260.69,47.62,180.63
CUST-3446,ORD-5717,2023-11-27,Europe,Low Value,5,227.8,1139.0,570.32,10.22,558.46
CUST-6892,ORD-5718,2022-01-07,Africa,Low Value,5,404.27,2021.35,976.09,16.01,1029.25
CUST-9412,ORD-5719,2023-07-17,Africa,High Value,3,438.18,1314.55,883.36,62.55,368.64
CUST-4666,ORD-5720,2022-09-02,Europe,Low Value,4,41.25,164.99,103.53,23.69,37.77
CUST-5277,ORD-5721,2023-03-24,Africa,Low Value,1,147.72,147.72,67.68,12.03,68.01
CUST-5402,ORD-5722,2022-12-31,Africa,Mid Value,5,444.07,2220.36,1509.71,47.62,663.03
CUST-3569,ORD-5723,2023-01-02,Asia,High Value,2,206.6,413.19,279.22,12.08,121.9
CUST-6515,ORD-5724,2023-11-29,North America,High Value,3,153.74,461.22,317.02,56.31,87.89
CUST-4985,ORD-5725,2022-10-14,Africa,Mid Value,4,150.89,603.57,396.83,56.69,150.05
CUST-9167,ORD-5726,2023-08-27,Africa,Mid Value,4,200.19,800.78,376.14,38.98,385.66
CUST-8448,ORD-5727,2022-04-16,North America,Low Value,2,137.1,274.2,166.09,56.43,51.69
CUST-5310,ORD-5728,2022-01-13,Asia,Mid Value,2,21.61,43.23,20.35,64.95,-42.08
CUST-4019,ORD-5729,2022-05-26,North America,High Value,3,102.85,308.54,193.87,19.83,94.84
CUST-4681,ORD-5730,2023-04-23,Africa,High Value,2,443.64,887.27,442.97,53.71,390.58
CUST-5196,ORD-5731,2023-09-23,Europe,High Value,5,56.31,281.56,192.57,56.93,32.06
CUST-1572,ORD-5732,2023-12-16,Europe,Low Value,4,218.24,872.96,596.71,19.58,256.67
CUST-5753,ORD-5733,2023-10-15,Asia,Low Value,2,239.11,478.23,286.29,59.52,132.42
CUST-8082,ORD-5734,2022-04-25,Asia,High Value,1,393.51,393.51,251.13,58.97,83.42
CUST-5002,ORD-5735,2023-05-24,Africa,High Value,2,141.24,282.49,187.72,16.79,77.97
CUST-6629,ORD-5736,2022-06-01,Asia,Low Value,4,168.63,674.51,369.15,28.81,276.55
CUST-9417,ORD-5737,2022-02-26,Africa,Low Value,5,26.85,134.26,79.86,75.59,-21.18
CUST-5200,ORD-5738,2023-01-17,Europe,Mid Value,2,453.36,906.72,447.92,10.34,448.46
CUST-2997,ORD-5739,2022-06-06,Asia,Low Value,5,349.07,1745.34,1215.41,22.17,507.76
CUST-9963,ORD-5740,2022-05-13,Africa,Low Value,1,146.17,146.17,99.74,48.41,-1.98
CUST-8422,ORD-5741,2022-06-12,North America,High Value,4,446.01,1784.03,1018.42,77.65,687.95
CUST-5524,ORD-5742,2022-10-02,Asia,High Value,3,61.56,184.68,108.65,24.29,51.74
CUST-9625,ORD-5743,2023-11-26,Africa,High Value,4,196.83,787.32,440.25,66.26,280.81
CUST-4407,ORD-5744,2022-03-18,Africa,Mid Value,3,290.53,871.58,392.57,32.55,446.46
CUST-7731,ORD-5745,2022-02-13,North America,Low Value,3,262.65,787.94,399.88,31.44,356.62
CUST-8795,ORD-5746,2023-12-19,Europe,Mid Value,4,334.36,1337.42,635.83,79.7,621.89
CUST-3793,ORD-5747,2023-07-04,North America,Low Value,3,162.85,488.54,259.28,66.29,162.97
CUST-8334,ORD-5748,2022-11-14,Africa,Low Value,5,383.76,1918.82,976.79,23.64,918.39
CUST-3911,ORD-5749,2023-06-18,North America,High Value,1,214.61,214.61,137.44,18.92,58.25
CUST-8952,ORD-5750,2023-08-08,North America,Low Value,2,80.14,160.29,92.36,11.31,56.62
CUST-3415,ORD-5751,2022-06-03,Africa,Mid Value,3,375.39,1126.18,736.8,41.2,348.18
CUST-1250,ORD-5752,2022-08-25,Europe,High Value,3,457.73,1373.2,836.17,30.09,506.94
CUST-5951,ORD-5753,2023-06-01,North America,Mid Value,4,194.92,779.69,478.78,33.56,267.36
CUST-9098,ORD-5754,2022-08-09,North America,Mid Value,5,303.03,1515.17,1013.74,37.36,464.07
CUST-6289,ORD-5755,2022-11-06,Asia,High Value,2,350.16,700.31,463.46,79.33,157.52
CUST-9102,ORD-5756,2023-08-21,Asia,Low Value,3,419.13,1257.39,585.72,5.22,666.45
CUST-8257,ORD-5757,2022-06-26,Africa,Mid Value,5,115.04,575.18,342.0,36.95,196.23
CUST-6565,ORD-5758,2022-08-08,Africa,Low Value,2,293.59,587.18,324.87,9.87,252.44
CUST-7437,ORD-5759,2022-02-07,Africa,High Value,4,375.37,1501.5,900.76,55.48,545.26
CUST-2173,ORD-5760,2023-10-16,Asia,Low Value,3,115.58,346.74,230.81,8.78,107.15
CUST-9624,ORD-5761,2023-03-07,Africa,Low Value,4,246.79,987.16,447.2,62.51,477.46
CUST-1835,ORD-5762,2022-07-22,North America,High Value,4,242.89,971.58,439.87,70.08,461.62
CUST-3262,ORD-5763,2023-03-24,North America,Low Value,3,422.89,1268.66,590.74,77.81,600.11
CUST-5567,ORD-5764,2023-05-10,Europe,Mid Value,5,393.11,1965.54,1314.4,14.07,637.07
CUST-4815,ORD-5765,2023-11-15,Africa,Mid Value,5,131.32,656.62,353.51,78.42,224.7
CUST-1246,ORD-5766,2022-05-05,North America,Mid Value,4,131.82,527.27,286.21,35.93,205.14
CUST-3429,ORD-5767,2022-03-06,North America,Low Value,4,367.21,1468.84,787.81,52.44,628.58
CUST-6287,ORD-5768,2022-09-01,Europe,Mid Value,1,375.01,375.01,190.41,5.0,179.6
CUST-3607,ORD-5769,2023-06-11,North America,Low Value,2,105.87,211.74,97.34,32.77,81.63
CUST-6930,ORD-5770,2022-08-14,Europe,Low Value,4,217.37,869.47,588.31,31.47,249.69
CUST-5022,ORD-5771,2023-04-10,Europe,Low Value,4,416.37,1665.48,846.43,42.79,776.27
CUST-5784,ORD-5772,2023-10-05,Asia,Low Value,2,58.12,116.24,78.29,14.94,23.01
CUST-7617,ORD-5773,2023-12-08,North America,High Value,3,199.47,598.41,412.26,56.76,129.38
CUST-4151,ORD-5774,2022-10-20,Asia,Mid Value,5,329.38,1646.9,978.53,49.68,618.69
CUST-6580,ORD-5775,2023-12-22,North America,Mid Value,3,390.12,1170.36,635.59,20.94,513.84
CUST-8054,ORD-5776,2023-01-16,Asia,Low Value,2,333.28,666.55,427.56,78.77,160.22
CUST-8706,ORD-5777,2023-09-17,Europe,High Value,2,210.81,421.62,192.4,5.42,223.8
CUST-8619,ORD-5778,2022-06-15,Europe,Low Value,1,496.14,496.14,338.47,30.19,127.47
CUST-5573,ORD-5779,2023-12-04,Europe,Mid Value,1,39.94,39.94,22.04,24.63,-6.74
CUST-4491,ORD-5780,2022-08-06,Europe,Mid Value,5,257.48,1287.41,678.66,47.0,561.75
CUST-1706,ORD-5781,2022-10-02,North America,High Value,4,264.83,1059.31,510.3,71.63,477.37
CUST-7997,ORD-5782,2022-02-21,Africa,Low Value,2,135.1,270.2,186.11,54.33,29.75
CUST-6233,ORD-5783,2023-01-09,North America,High Value,1,288.18,288.18,188.11,8.57,91.5
CUST-9945,ORD-5784,2023-11-01,Asia,Low Value,3,125.63,376.88,237.81,69.75,69.32
CUST-6755,ORD-5785,2022-12-29,North America,High Value,1,232.84,232.84,158.97,24.88,48.99
CUST-7960,ORD-5786,2023-07-21,North America,Mid Value,3,227.18,681.55,470.24,13.27,198.04
CUST-9779,ORD-5787,2022-01-14,Asia,High Value,1,391.1,391.1,202.24,37.44,151.42
CUST-2334,ORD-5788,2022-12-06,Europe,Mid Value,3,472.44,1417.33,916.49,72.4,428.44
CUST-6588,ORD-5789,2023-08-25,Asia,Mid Value,1,117.36,117.36,75.32,7.59,34.45
CUST-2847,ORD-5790,2023-06-23,Asia,Low Value,1,495.93,495.93,292.26,51.92,151.74
CUST-7851,ORD-5791,2022-03-30,Africa,High Value,5,471.35,2356.76,1149.17,29.94,1177.65
CUST-8211,ORD-5792,2022-02-10,Africa,High Value,4,74.07,296.29,202.99,51.69,41.61
CUST-8865,ORD-5793,2022-10-31,Europe,High Value,2,457.94,915.87,484.35,24.98,406.54
CUST-4317,ORD-5794,2022-09-25,Asia,High Value,4,291.0,1163.99,692.25,77.53,394.21
CUST-7811,ORD-5795,2022-05-18,Asia,Low Value,5,441.9,2209.5,1004.98,13.54,1190.98
CUST-1164,ORD-5796,2022-01-06,Asia,Low Value,3,473.9,1421.71,792.3,16.85,612.56
CUST-8060,ORD-5797,2022-08-30,North America,Low Value,4,432.28,1729.1,1044.76,8.43,675.91
CUST-4057,ORD-5798,2022-06-11,Africa,Mid Value,2,213.38,426.76,232.69,64.62,129.45
CUST-5428,ORD-5799,2023-11-23,Africa,Mid Value,2,325.64,651.29,370.76,12.05,268.48
CUST-1402,ORD-5800,2023-06-02,Europe,Mid Value,3,243.09,729.27,363.18,25.75,340.34
CUST-9605,ORD-5801,2023-02-05,Africa,Low Value,2,195.89,391.79,210.61,20.42,160.76
CUST-9236,ORD-5802,2022-06-05,Africa,Mid Value,5,140.34,701.7,442.66,31.52,227.53
CUST-7349,ORD-5803,2022-03-26,Europe,High Value,4,231.92,927.7,642.36,62.43,222.9
CUST-5157,ORD-5804,2023-12-13,Asia,Mid Value,2,406.87,813.73,461.55,76.26,275.92
CUST-1867,ORD-5805,2022-01-10,North America,Low Value,4,425.13,1700.52,1056.9,70.92,572.71
CUST-9210,ORD-5806,2022-05-18,Europe,Low Value,1,479.84,479.84,333.03,68.09,78.72
CUST-1364,ORD-5807,2023-12-14,Africa,Low Value,4,159.5,637.98,410.67,36.31,191.0
CUST-8467,ORD-5808,2022-06-05,Europe,Low Value,3,332.19,996.57,450.98,65.14,480.45
CUST-7571,ORD-5809,2023-02-12,Africa,High Value,5,353.01,1765.07,1207.1,63.29,494.68
CUST-1579,ORD-5810,2022-08-13,Asia,Mid Value,2,111.84,223.68,149.11,23.56,51.0
CUST-8674,ORD-5811,2023-08-03,Asia,Mid Value,5,196.1,980.52,507.69,24.68,448.15
CUST-9737,ORD-5812,2022-07-03,Asia,Low Value,4,184.28,737.13,365.17,42.42,329.54
CUST-7468,ORD-5813,2022-07-14,Africa,Mid Value,2,493.24,986.47,665.68,77.26,243.53
CUST-5150,ORD-5814,2023-07-08,Europe,High Value,5,480.02,2400.11,1493.28,13.09,893.73
CUST-4039,ORD-5815,2023-01-31,Africa,Low Value,3,414.45,1243.35,633.17,79.13,531.04
CUST-5137,ORD-5816,2023-10-25,Asia,Mid Value,1,246.96,246.96,155.21,16.92,74.83
CUST-1452,ORD-5817,2023-08-19,Asia,Mid Value,1,146.75,146.75,88.06,41.42,17.27
CUST-7537,ORD-5818,2022-05-14,Asia,Mid Value,3,459.66,1378.99,727.15,27.8,624.04
CUST-2381,ORD-5819,2022-11-05,Africa,Mid Value,1,148.66,148.66,87.59,36.48,24.59
CUST-9154,ORD-5820,2023-06-26,North America,Low Value,3,270.53,811.6,472.2,76.84,262.56
CUST-2467,ORD-5821,2022-01-09,Asia,Low Value,4,137.63,550.54,317.91,52.39,180.25
CUST-3738,ORD-5822,2022-06-19,Europe,High Value,3,486.2,1458.61,845.03,27.31,586.26
CUST-8572,ORD-5823,2022-10-17,Asia,Low Value,1,40.05,40.05,18.02,52.13,-30.11
CUST-7747,ORD-5824,2022-06-17,Africa,Mid Value,4,103.69,414.75,214.49,38.91,161.35
CUST-1880,ORD-5825,2022-12-10,Europe,Mid Value,3,387.22,1161.67,647.88,75.75,438.04
CUST-4149,ORD-5826,2023-05-12,Africa,Mid Value,3,92.69,278.08,133.98,31.46,112.63
CUST-9276,ORD-5827,2022-05-25,North America,High Value,4,490.09,1960.35,1249.31,48.84,662.2
CUST-8892,ORD-5828,2023-02-17,North America,Low Value,2,174.25,348.5,230.61,68.71,49.18
CUST-5144,ORD-5829,2023-08-11,Africa,Low Value,1,460.95,460.95,301.67,76.91,82.37
CUST-2168,ORD-5830,2023-11-20,Asia,Low Value,2,337.89,675.79,381.76,64.94,229.09
CUST-4129,ORD-5831,2023-04-02,Europe,Mid Value,4,324.38,1297.51,807.92,75.17,414.42
CUST-4645,ORD-5832,2023-12-02,Asia,Mid Value,4,459.38,1837.52,862.2,39.78,935.53
CUST-3526,ORD-5833,2022-10-29,Africa,Mid Value,5,266.37,1331.87,665.73,62.34,603.8
CUST-4516,ORD-5834,2022-02-15,Africa,High Value,5,212.37,1061.87,490.3,12.1,559.47
CUST-4367,ORD-5835,2022-01-17,Asia,High Value,4,124.46,497.84,344.18,49.54,104.12
CUST-8338,ORD-5836,2023-08-01,Europe,Mid Value,5,89.38,446.89,265.26,6.01,175.61
CUST-4555,ORD-5837,2022-12-26,Europe,High Value,3,400.05,1200.15,592.64,24.5,583.0
CUST-6111,ORD-5838,2022-09-18,Europe,High Value,2,81.41,162.82,102.07,54.92,5.83
CUST-7752,ORD-5839,2022-05-03,Europe,High Value,4,209.13,836.51,478.72,17.87,339.92
CUST-1445,ORD-5840,2022-08-19,Europe,Low Value,3,216.42,649.27,362.66,20.01,266.6
CUST-7364,ORD-5841,2023-09-29,North America,High Value,1,338.96,338.96,229.94,9.63,99.39
CUST-4626,ORD-5842,2022-04-22,North America,Mid Value,1,153.69,153.69,96.37,61.05,-3.74
CUST-5016,ORD-5843,2023-08-16,Africa,Low Value,5,422.35,2111.75,1314.91,38.6,758.24
CUST-4875,ORD-5844,2022-09-03,North America,High Value,5,119.59,597.96,283.63,71.6,242.74
CUST-6497,ORD-5845,2023-01-26,Europe,Mid Value,3,398.79,1196.37,565.89,32.17,598.31
CUST-7238,ORD-5846,2023-01-27,Europe,High Value,1,427.88,427.88,263.62,37.64,126.62
CUST-1261,ORD-5847,2022-11-24,Europe,Mid Value,4,112.73,450.91,220.55,42.12,188.24
CUST-5992,ORD-5848,2022-08-03,Africa,Mid Value,2,408.52,817.04,460.25,69.57,287.22
CUST-5025,ORD-5849,2023-01-02,Africa,High Value,5,362.6,1812.98,1074.1,26.91,711.96
CUST-9283,ORD-5850,2022-03-23,Asia,High Value,3,439.7,1319.1,721.58,8.87,588.66
CUST-5222,ORD-5851,2022-03-17,North America,Low Value,5,264.78,1323.92,623.95,52.04,647.93
CUST-5175,ORD-5852,2023-06-11,North America,High Value,3,132.25,396.75,252.27,66.93,77.56
CUST-4443,ORD-5853,2023-05-18,Asia,Mid Value,1,457.78,457.78,307.29,46.72,103.77
CUST-6011,ORD-5854,2023-04-24,Asia,Low Value,5,399.22,1996.1,978.93,29.04,988.14
CUST-1693,ORD-5855,2023-01-07,North America,Mid Value,3,30.07,90.22,59.86,52.29,-21.93
CUST-9347,ORD-5856,2022-09-22,Europe,Mid Value,3,470.92,1412.76,914.3,79.33,419.13
CUST-2812,ORD-5857,2022-09-21,North America,High Value,5,475.29,2376.46,1404.41,48.05,924.0
CUST-6724,ORD-5858,2022-04-20,Europe,Mid Value,2,190.55,381.09,228.28,28.64,124.17
CUST-2407,ORD-5859,2022-11-03,Africa,High Value,4,24.81,99.24,60.82,23.27,15.14
CUST-9032,ORD-5860,2022-07-19,North America,Mid Value,1,285.22,285.22,165.77,79.87,39.59
CUST-2410,ORD-5861,2022-08-14,North America,Low Value,5,458.56,2292.82,1515.75,68.78,708.29
CUST-4497,ORD-5862,2022-07-04,Africa,High Value,5,79.73,398.66,226.65,25.96,146.05
CUST-5372,ORD-5863,2022-01-31,Africa,Low Value,2,303.44,606.89,356.1,24.68,226.11
CUST-8394,ORD-5864,2023-09-06,Africa,High Value,1,371.25,371.25,170.47,65.28,135.5
CUST-1551,ORD-5865,2022-04-09,Africa,Low Value,5,84.65,423.26,209.52,79.42,134.32
CUST-5332,ORD-5866,2022-12-05,Africa,High Value,2,266.37,532.74,360.1,39.92,132.72
CUST-1997,ORD-5867,2022-09-23,Asia,Low Value,4,62.63,250.5,120.34,22.04,108.12
CUST-5076,ORD-5868,2023-10-14,Asia,Low Value,3,287.9,863.7,583.87,22.28,257.55
CUST-7099,ORD-5869,2022-12-16,Africa,High Value,4,232.22,928.86,565.66,64.8,298.4
CUST-6555,ORD-5870,2023-12-29,Africa,High Value,4,147.06,588.22,400.01,50.38,137.84
CUST-5052,ORD-5871,2023-06-28,Africa,Mid Value,4,429.48,1717.91,1122.79,52.53,542.59
CUST-6303,ORD-5872,2023-04-02,Africa,Mid Value,4,203.26,813.04,541.74,19.57,251.72
CUST-9118,ORD-5873,2022-03-29,Europe,High Value,3,355.91,1067.74,620.46,14.79,432.49
CUST-7102,ORD-5874,2022-03-04,Europe,High Value,1,399.53,399.53,262.22,5.8,131.51
CUST-6490,ORD-5875,2023-01-22,Africa,Low Value,1,105.74,105.74,59.76,73.64,-27.66
CUST-9564,ORD-5876,2023-04-04,Africa,Low Value,2,77.17,154.35,71.16,31.62,51.56
CUST-6616,ORD-5877,2023-08-09,North America,Mid Value,2,23.76,47.52,29.12,61.85,-43.45
CUST-3248,ORD-5878,2023-09-28,Africa,Mid Value,5,166.79,833.94,527.14,71.33,235.46
CUST-1848,ORD-5879,2022-09-26,Africa,Mid Value,4,411.66,1646.63,782.79,49.89,813.95
CUST-7354,ORD-5880,2023-09-25,Asia,Low Value,4,390.93,1563.71,1022.63,36.82,504.26
CUST-9695,ORD-5881,2022-12-12,Europe,Low Value,3,438.47,1315.4,616.65,7.9,690.85
CUST-9070,ORD-5882,2023-12-25,Africa,Low Value,4,385.09,1540.35,863.22,30.28,646.85
CUST-9894,ORD-5883,2023-10-22,Europe,Mid Value,3,31.52,94.55,54.08,29.12,11.35
CUST-4625,ORD-5884,2022-03-19,Europe,High Value,5,205.05,1025.24,470.78,47.48,506.99
CUST-1314,ORD-5885,2022-12-31,North America,Mid Value,2,22.85,45.69,21.31,62.31,-37.93
CUST-3376,ORD-5886,2022-01-14,Europe,Low Value,2,37.3,74.61,41.98,58.33,-25.7
CUST-5378,ORD-5887,2022-05-16,Europe,Mid Value,5,249.71,1248.54,659.0,70.24,519.3
CUST-9449,ORD-5888,2022-10-31,Africa,Mid Value,5,192.8,964.01,630.44,8.51,325.06
CUST-1574,ORD-5889,2023-02-01,Asia,Mid Value,4,288.09,1152.37,637.79,50.38,464.2
CUST-6585,ORD-5890,2022-03-20,Africa,Mid Value,2,51.76,103.51,49.31,19.18,35.03
CUST-6492,ORD-5891,2023-12-06,Africa,Low Value,1,302.38,302.38,148.01,77.94,76.44
CUST-9949,ORD-5892,2023-02-22,Asia,Mid Value,5,51.2,256.01,158.31,35.68,62.02
CUST-3810,ORD-5893,2022-08-30,Asia,Low Value,2,223.37,446.74,307.14,51.79,87.81
CUST-9134,ORD-5894,2022-02-20,North America,Mid Value,2,189.13,378.26,252.45,31.37,94.44
CUST-6670,ORD-5895,2023-01-19,Asia,Low Value,3,127.5,382.49,184.5,21.51,176.47
CUST-8715,ORD-5896,2023-01-10,Africa,High Value,2,169.75,339.49,154.16,56.59,128.74
CUST-7567,ORD-5897,2023-12-31,Asia,Low Value,5,20.25,101.26,46.24,75.44,-20.42
CUST-4459,ORD-5898,2022-07-25,Asia,Low Value,4,175.56,702.26,413.43,9.46,279.37
CUST-7117,ORD-5899,2023-05-04,Asia,High Value,2,57.64,115.27,65.88,66.89,-17.5
CUST-4992,ORD-5900,2023-01-16,Europe,High Value,1,462.23,462.23,209.55,30.62,222.06
CUST-8837,ORD-5901,2022-11-07,North America,High Value,5,55.68,278.4,129.26,14.07,135.07
CUST-1203,ORD-5902,2023-01-10,Europe,High Value,4,477.49,1909.96,1336.86,58.5,514.61
CUST-3775,ORD-5903,2023-09-24,Europe,High Value,4,255.88,1023.54,707.51,11.19,304.85
CUST-2992,ORD-5904,2023-08-15,North America,High Value,5,266.32,1331.62,641.41,59.58,630.62
CUST-3243,ORD-5905,2022-02-11,Europe,Mid Value,4,398.3,1593.2,782.3,37.68,773.21
CUST-9498,ORD-5906,2023-06-17,Asia,Mid Value,1,353.78,353.78,238.82,17.36,97.61
CUST-2687,ORD-5907,2023-06-06,North America,High Value,2,133.79,267.58,154.36,16.79,96.43
CUST-5109,ORD-5908,2022-06-02,Europe,Low Value,5,32.22,161.12,111.09,61.12,-11.09
CUST-2860,ORD-5909,2022-11-08,Africa,Low Value,2,393.66,787.31,456.71,67.12,263.48
CUST-6176,ORD-5910,2022-10-21,Europe,High Value,2,82.28,164.55,97.79,56.42,10.34
CUST-1722,ORD-5911,2023-08-21,Africa,Mid Value,4,307.22,1228.87,620.62,59.06,549.18
CUST-9971,ORD-5912,2022-04-23,Asia,Mid Value,5,472.46,2362.32,1580.43,68.61,713.27
CUST-9720,ORD-5913,2023-12-02,Africa,Low Value,2,283.73,567.47,372.4,37.14,157.92
CUST-5893,ORD-5914,2022-04-22,Europe,High Value,3,157.08,471.23,251.8,17.58,201.85
CUST-1343,ORD-5915,2022-06-24,Europe,Mid Value,1,105.83,105.83,63.82,33.3,8.71
CUST-6398,ORD-5916,2022-10-29,Europe,High Value,4,32.94,131.74,70.53,78.45,-17.23
CUST-9400,ORD-5917,2023-05-31,North America,High Value,5,319.16,1595.79,903.2,38.64,653.95
CUST-5736,ORD-5918,2022-08-09,North America,Low Value,5,287.84,1439.2,954.75,74.29,410.16
CUST-4406,ORD-5919,2022-06-20,Europe,High Value,4,241.63,966.51,535.31,57.71,373.5
CUST-1919,ORD-5920,2022-11-14,Europe,High Value,2,113.01,226.02,149.21,60.33,16.48
CUST-6819,ORD-5921,2022-08-01,Asia,Low Value,4,133.58,534.33,368.71,19.27,146.36
CUST-3044,ORD-5922,2022-09-10,North America,Mid Value,5,480.09,2400.47,1330.07,32.65,1037.75
CUST-1418,ORD-5923,2022-05-04,North America,High Value,3,29.79,89.38,59.83,59.93,-30.38
CUST-2749,ORD-5924,2023-10-02,North America,Low Value,2,194.45,388.9,204.56,54.17,130.17
CUST-8378,ORD-5925,2022-08-01,Africa,Mid Value,4,38.63,154.52,69.64,69.7,15.18
CUST-2099,ORD-5926,2023-09-16,Europe,High Value,5,111.95,559.77,263.72,20.75,275.3
CUST-4392,ORD-5927,2022-03-26,Asia,Mid Value,5,467.91,2339.53,1483.9,61.12,794.5
CUST-3772,ORD-5928,2023-05-31,Asia,Low Value,5,91.79,458.95,218.02,7.96,232.97
CUST-7784,ORD-5929,2022-03-06,Europe,High Value,3,308.38,925.13,633.52,27.49,264.13
CUST-2545,ORD-5930,2022-11-14,Europe,Low Value,2,186.53,373.07,248.7,52.29,72.08
CUST-2070,ORD-5931,2022-12-12,Asia,Low Value,4,323.86,1295.45,749.69,78.5,467.25
CUST-7522,ORD-5932,2023-09-24,Africa,High Value,2,429.03,858.06,510.87,79.2,267.99
CUST-2850,ORD-5933,2022-08-31,Asia,Low Value,5,157.54,787.71,491.2,37.94,258.57
CUST-6053,ORD-5934,2022-05-17,Africa,Mid Value,3,57.74,173.22,109.63,62.35,1.24
CUST-3939,ORD-5935,2022-09-04,Africa,Low Value,3,118.01,354.02,202.78,50.04,101.2
CUST-8194,ORD-5936,2023-03-17,North America,High Value,5,230.76,1153.82,609.62,58.18,486.02
CUST-6851,ORD-5937,2022-02-14,Europe,High Value,2,267.23,534.46,362.13,59.9,112.44
CUST-7673,ORD-5938,2023-10-20,North America,Mid Value,2,472.11,944.22,435.89,46.05,462.28
CUST-1678,ORD-5939,2023-11-19,Africa,High Value,3,27.73,83.19,44.84,66.05,-27.7
CUST-1988,ORD-5940,2023-07-08,Asia,Low Value,1,383.66,383.66,236.58,48.84,98.25
CUST-2502,ORD-5941,2022-03-30,North America,Low Value,3,54.8,164.41,110.61,12.55,41.26
CUST-2789,ORD-5942,2023-12-31,Asia,High Value,3,57.4,172.21,80.69,79.19,12.33
CUST-6281,ORD-5943,2022-08-16,Africa,Mid Value,4,333.98,1335.93,821.25,27.79,486.89
CUST-6027,ORD-5944,2022-10-18,Asia,Mid Value,3,456.29,1368.86,782.67,77.31,508.88
CUST-2425,ORD-5945,2023-02-26,North America,High Value,1,158.09,158.09,98.27,26.95,32.87
CUST-7654,ORD-5946,2022-03-08,Africa,Low Value,3,149.27,447.8,237.02,68.99,141.79
CUST-3440,ORD-5947,2022-09-08,Europe,High Value,2,316.5,633.0,397.32,56.72,178.96
CUST-7856,ORD-5948,2022-02-10,North America,High Value,4,392.61,1570.46,777.48,31.77,761.21
CUST-8367,ORD-5949,2022-04-09,North America,Mid Value,4,437.1,1748.4,1125.71,75.35,547.34
CUST-3594,ORD-5950,2022-11-02,Europe,Low Value,3,139.86,419.58,267.41,48.74,103.43
CUST-5689,ORD-5951,2023-04-01,Africa,Mid Value,4,375.3,1501.18,1030.86,67.23,403.09
CUST-3436,ORD-5952,2023-08-14,Europe,Mid Value,4,167.46,669.85,330.44,64.77,274.64
CUST-6517,ORD-5953,2022-10-28,North America,Low Value,3,281.51,844.53,532.48,8.48,303.58
CUST-7310,ORD-5954,2022-07-18,Africa,Low Value,1,111.61,111.61,59.23,25.16,27.22
CUST-4539,ORD-5955,2023-10-21,Asia,Low Value,3,90.08,270.24,140.65,40.42,89.17
CUST-4483,ORD-5956,2023-05-03,North America,High Value,2,468.95,937.89,516.21,74.98,346.7
CUST-8371,ORD-5957,2022-04-16,Asia,Low Value,5,282.66,1413.28,736.74,9.68,666.85
CUST-3241,ORD-5958,2023-02-05,Europe,High Value,1,22.2,22.2,11.37,18.92,-8.09
CUST-7378,ORD-5959,2023-12-06,Africa,Mid Value,3,400.85,1202.55,772.15,51.84,378.56
CUST-3765,ORD-5960,2023-04-22,Europe,Low Value,1,351.62,351.62,219.72,53.95,77.95
CUST-5911,ORD-5961,2022-05-02,Asia,High Value,5,176.42,882.12,421.07,17.3,443.75
CUST-1403,ORD-5962,2022-03-18,North America,High Value,4,242.7,970.81,572.82,76.12,321.87
CUST-4382,ORD-5963,2022-11-08,Africa,High Value,4,235.94,943.77,502.79,18.26,422.71
CUST-5163,ORD-5964,2022-04-22,Europe,High Value,5,151.89,759.45,526.11,18.68,214.66
CUST-8630,ORD-5965,2023-11-13,Asia,Mid Value,4,490.67,1962.67,1091.76,52.67,818.25
CUST-1087,ORD-5966,2023-06-02,Asia,Low Value,1,281.06,281.06,129.33,36.61,115.12
CUST-6816,ORD-5967,2022-07-16,North America,Low Value,4,450.69,1802.78,960.75,6.95,835.07
CUST-6470,ORD-5968,2022-04-08,Asia,Low Value,5,300.97,1504.85,794.83,74.04,635.99
CUST-7276,ORD-5969,2023-04-04,Africa,Low Value,5,351.29,1756.44,792.87,10.64,952.93
CUST-6739,ORD-5970,2022-08-18,Asia,Low Value,5,34.18,170.9,97.75,16.72,56.43
CUST-5273,ORD-5971,2022-06-17,North America,Low Value,2,265.67,531.35,359.43,72.28,99.63
CUST-7523,ORD-5972,2022-01-08,Europe,High Value,1,366.21,366.21,238.25,25.65,102.31
CUST-6003,ORD-5973,2022-06-21,Africa,Low Value,5,78.49,392.47,243.79,66.33,82.36
CUST-9038,ORD-5974,2022-12-26,Europe,High Value,1,345.6,345.6,185.2,17.8,142.59
CUST-7606,ORD-5975,2022-07-14,Europe,Mid Value,2,60.45,120.9,61.42,8.61,50.87
CUST-3064,ORD-5976,2022-09-26,Asia,High Value,1,407.37,407.37,218.21,22.6,166.56
CUST-6315,ORD-5977,2022-01-19,Asia,Mid Value,3,489.34,1468.01,705.77,60.65,701.59
CUST-1317,ORD-5978,2022-12-20,North America,Low Value,2,320.83,641.67,304.71,54.69,282.26
CUST-2502,ORD-5979,2022-02-18,Asia,Mid Value,2,57.0,113.99,67.67,28.3,18.03
CUST-7130,ORD-5980,2023-04-09,Asia,Mid Value,4,301.64,1206.57,788.49,52.51,365.57
CUST-8419,ORD-5981,2022-12-22,Europe,High Value,5,375.61,1878.07,891.8,54.87,931.4
CUST-3042,ORD-5982,2022-06-07,Africa,High Value,2,467.89,935.77,499.51,47.35,388.91
CUST-5598,ORD-5983,2022-03-07,Asia,Mid Value,1,41.82,41.82,20.1,75.16,-53.45
CUST-1118,ORD-5984,2023-07-25,Africa,Mid Value,3,392.02,1176.06,620.51,64.52,491.03
CUST-1709,ORD-5985,2022-11-04,Asia,Low Value,1,83.64,83.64,55.0,66.2,-37.56
CUST-4557,ORD-5986,2022-12-03,Asia,High Value,1,399.48,399.48,183.25,36.94,179.29
CUST-4250,ORD-5987,2023-11-02,North America,Mid Value,3,446.58,1339.74,819.66,56.29,463.79
CUST-9061,ORD-5988,2022-05-01,Asia,High Value,4,433.4,1733.59,806.05,18.75,908.79
CUST-9609,ORD-5989,2023-02-08,North America,Low Value,5,333.38,1666.9,927.85,27.2,711.84
CUST-3603,ORD-5990,2023-10-09,Europe,Low Value,2,260.37,520.74,296.04,42.68,182.01
CUST-2101,ORD-5991,2023-07-22,Africa,Mid Value,5,439.8,2199.01,1210.28,66.22,922.5
CUST-5421,ORD-5992,2022-04-06,Asia,Low Value,4,269.15,1076.62,656.03,30.27,390.31
CUST-8857,ORD-5993,2022-04-24,North America,Mid Value,3,111.25,333.76,231.43,37.99,64.34
CUST-9177,ORD-5994,2023-03-05,Europe,High Value,5,472.56,2362.8,1221.15,76.8,1064.85
CUST-7082,ORD-5995,2023-06-24,Asia,High Value,1,199.18,199.18,119.99,26.31,52.88
CUST-7658,ORD-5996,2022-01-02,North America,Mid Value,2,319.69,639.38,344.46,51.35,243.56
CUST-3261,ORD-5997,2022-07-31,North America,Mid Value,2,115.59,231.18,161.8,12.54,56.84
CUST-9021,ORD-5998,2023-08-03,Europe,Mid Value,4,73.06,292.24,200.99,35.88,55.38
CUST-1508,ORD-5999,2023-10-02,Asia,High Value,4,284.5,1137.99,538.67,29.76,569.57
CUST-3379,ORD-6000,2022-11-29,Asia,High Value,3,286.21,858.62,595.36,5.98,257.27
CUST-9879,ORD-6001,2022-01-24,Africa,Low Value,4,197.48,789.91,501.25,48.89,239.77
CUST-5752,ORD-6002,2023-01-03,Asia,Low Value,5,169.63,848.17,592.1,29.86,226.22
CUST-6495,ORD-6003,2023-05-21,North America,High Value,2,199.6,399.21,256.59,23.88,118.75
CUST-4209,ORD-6004,2022-06-25,Africa,High Value,3,401.67,1205.01,581.1,71.94,551.97
CUST-8398,ORD-6005,2023-03-05,Africa,Mid Value,4,191.71,766.85,488.96,22.22,255.67
CUST-7743,ORD-6006,2023-03-18,Asia,High Value,1,462.26,462.26,291.99,35.41,134.86
CUST-6648,ORD-6007,2023-07-02,Africa,High Value,2,74.22,148.44,72.99,76.21,-0.75
CUST-6171,ORD-6008,2023-05-29,North America,Low Value,3,467.16,1401.47,894.55,11.02,495.9
CUST-8890,ORD-6009,2022-12-27,North America,Low Value,2,350.98,701.97,434.3,75.38,192.28
CUST-1324,ORD-6010,2022-10-01,Europe,Mid Value,5,185.29,926.44,647.22,34.27,244.95
CUST-4557,ORD-6011,2022-06-26,North America,Low Value,4,23.29,93.16,56.33,64.32,-27.49
CUST-4587,ORD-6012,2022-09-21,Europe,Mid Value,4,405.17,1620.67,897.29,31.69,691.69
CUST-1151,ORD-6013,2022-07-05,Africa,High Value,4,485.28,1941.11,1336.41,36.17,568.53
CUST-1954,ORD-6014,2023-06-11,Europe,High Value,1,491.57,491.57,298.36,37.83,155.37
CUST-5354,ORD-6015,2022-10-06,Asia,Mid Value,5,223.23,1116.17,599.56,76.01,440.6
CUST-8160,ORD-6016,2023-12-07,Europe,Low Value,1,53.84,53.84,24.51,46.27,-16.94
CUST-1687,ORD-6017,2022-07-17,Asia,Low Value,5,170.6,853.01,545.21,21.27,286.53
CUST-9501,ORD-6018,2022-12-15,Africa,High Value,5,168.68,843.38,404.72,50.86,387.79
CUST-4127,ORD-6019,2023-02-25,Europe,Low Value,5,69.14,345.71,235.4,71.71,38.6
CUST-7763,ORD-6020,2022-11-01,North America,Mid Value,4,271.86,1087.46,750.72,21.08,315.65
CUST-4395,ORD-6021,2022-03-05,Asia,High Value,4,310.2,1240.79,631.69,30.32,578.78
CUST-1845,ORD-6022,2022-10-17,Africa,Low Value,4,369.83,1479.33,707.42,47.86,724.05
CUST-2164,ORD-6023,2022-01-18,North America,High Value,1,44.49,44.49,26.64,79.04,-61.2
CUST-6904,ORD-6024,2022-03-05,Asia,High Value,3,152.19,456.57,229.85,39.9,186.82
CUST-6360,ORD-6025,2022-11-26,Africa,Low Value,5,190.5,952.49,557.64,48.83,346.02
CUST-1354,ORD-6026,2022-01-17,Africa,Mid Value,1,448.28,448.28,248.14,15.15,184.98
CUST-2872,ORD-6027,2023-03-19,North America,Low Value,4,452.67,1810.67,1173.33,61.86,575.48
CUST-3024,ORD-6028,2022-05-21,Africa,Low Value,4,144.79,579.15,405.38,21.49,152.27
CUST-3817,ORD-6029,2022-11-04,Europe,Low Value,3,253.92,761.76,429.78,29.59,302.38
CUST-4832,ORD-6030,2023-03-20,Africa,Low Value,4,223.88,895.53,556.35,58.22,280.96
CUST-9257,ORD-6031,2023-05-11,Asia,Low Value,5,272.82,1364.1,730.41,58.45,575.24
CUST-3581,ORD-6032,2023-03-02,Asia,Low Value,2,157.34,314.67,209.45,28.91,76.31
CUST-3486,ORD-6033,2023-04-20,Asia,Mid Value,4,242.2,968.81,444.91,68.77,455.12
CUST-9418,ORD-6034,2022-09-02,Europe,High Value,3,89.78,269.33,154.43,64.6,50.3
CUST-3443,ORD-6035,2023-03-26,North America,Mid Value,2,360.58,721.17,356.4,51.18,313.59
CUST-9919,ORD-6036,2022-12-17,Europe,Low Value,5,197.48,987.38,487.97,18.4,481.0
CUST-2036,ORD-6037,2023-08-22,Europe,Mid Value,5,280.36,1401.8,817.6,72.87,511.34
CUST-9684,ORD-6038,2023-12-12,Europe,High Value,5,310.21,1551.04,817.32,44.56,689.16
CUST-8435,ORD-6039,2022-06-10,Africa,Mid Value,3,421.53,1264.6,714.18,33.23,517.18
CUST-2548,ORD-6040,2022-05-20,North America,Low Value,2,59.24,118.49,62.37,74.55,-18.43
CUST-6065,ORD-6041,2023-05-08,Africa,High Value,5,251.72,1258.58,709.54,77.87,471.16
CUST-7496,ORD-6042,2023-08-11,Europe,Low Value,4,449.15,1796.62,936.9,58.79,800.93
CUST-7183,ORD-6043,2023-06-15,Asia,Low Value,2,178.3,356.61,232.11,64.35,60.14
CUST-4957,ORD-6044,2023-01-28,Europe,High Value,5,233.37,1166.86,687.82,23.51,455.54
CUST-4407,ORD-6045,2023-02-05,North America,High Value,2,60.84,121.67,59.66,24.41,37.6
CUST-1639,ORD-6046,2022-02-19,Asia,Low Value,4,380.32,1521.29,687.8,47.69,785.8
CUST-1172,ORD-6047,2022-10-22,North America,Mid Value,1,60.81,60.81,27.63,78.74,-45.56
CUST-6666,ORD-6048,2023-03-01,Europe,High Value,5,322.87,1614.35,896.64,60.74,656.96
CUST-5354,ORD-6049,2022-01-12,North America,Mid Value,4,199.64,798.55,422.06,60.95,315.54
CUST-4959,ORD-6050,2022-12-01,Africa,Mid Value,3,182.32,546.95,281.97,24.32,240.66
CUST-9708,ORD-6051,2022-01-15,Asia,High Value,5,301.04,1505.21,911.75,36.48,556.97
CUST-9714,ORD-6052,2022-01-28,North America,Mid Value,1,292.48,292.48,191.08,30.69,70.71
CUST-3886,ORD-6053,2023-01-23,Asia,High Value,4,214.62,858.47,399.91,27.67,430.89
CUST-3164,ORD-6054,2022-10-19,Asia,High Value,4,153.61,614.42,293.38,59.83,261.21
CUST-4945,ORD-6055,2022-09-07,Europe,High Value,2,263.92,527.84,286.19,12.49,229.16
CUST-6235,ORD-6056,2023-05-20,Europe,High Value,5,148.21,741.05,415.26,17.41,308.38
CUST-8746,ORD-6057,2022-04-08,Asia,Mid Value,1,69.27,69.27,38.01,35.92,-4.67
CUST-3590,ORD-6058,2022-12-03,North America,Mid Value,3,403.59,1210.78,738.16,27.7,444.91
CUST-8754,ORD-6059,2022-02-08,Asia,High Value,2,357.11,714.22,336.97,72.75,304.49
CUST-5934,ORD-6060,2022-02-07,Europe,High Value,5,60.49,302.44,173.51,20.03,108.9
CUST-5076,ORD-6061,2022-10-27,North America,High Value,1,98.05,98.05,64.02,23.66,10.37
CUST-6185,ORD-6062,2022-06-28,Asia,High Value,2,68.08,136.16,92.88,18.36,24.93
CUST-2093,ORD-6063,2023-09-01,Europe,Low Value,1,399.54,399.54,235.77,69.38,94.4
CUST-4880,ORD-6064,2023-04-14,Asia,Mid Value,1,390.98,390.98,189.47,20.15,181.35
CUST-7559,ORD-6065,2022-10-09,Asia,Mid Value,2,215.86,431.71,272.79,31.41,127.52
CUST-3785,ORD-6066,2022-06-13,Asia,High Value,2,414.27,828.54,537.79,55.2,235.55
CUST-7065,ORD-6067,2023-03-29,North America,Low Value,5,487.5,2437.5,1216.49,10.82,1210.19
CUST-7539,ORD-6068,2022-04-07,Europe,Low Value,2,485.82,971.65,601.82,66.25,303.58
CUST-2574,ORD-6069,2022-11-05,Europe,Low Value,5,490.81,2454.06,1675.21,57.97,720.88
CUST-6676,ORD-6070,2022-09-19,Africa,High Value,1,426.26,426.26,268.42,24.58,133.26
CUST-9060,ORD-6071,2022-10-20,Asia,Low Value,2,124.15,248.31,137.54,34.38,76.39
CUST-4990,ORD-6072,2022-09-06,Asia,High Value,5,47.56,237.8,133.33,51.51,52.96
CUST-6210,ORD-6073,2022-09-02,Africa,Low Value,5,409.6,2047.98,962.33,75.98,1009.67
CUST-5845,ORD-6074,2022-09-08,Asia,High Value,3,168.1,504.3,293.27,52.19,158.84
CUST-2189,ORD-6075,2022-05-03,North America,High Value,5,182.12,910.61,592.51,23.98,294.12
CUST-3689,ORD-6076,2022-11-21,Africa,Mid Value,5,55.04,275.19,191.15,41.19,42.85
CUST-5095,ORD-6077,2023-11-12,Europe,High Value,3,363.06,1089.18,598.86,38.72,451.6
CUST-2875,ORD-6078,2023-05-16,Asia,Low Value,4,226.76,907.05,506.9,44.95,355.21
CUST-8768,ORD-6079,2023-11-18,Europe,Mid Value,2,118.05,236.09,109.48,43.93,82.69
CUST-4406,ORD-6080,2023-12-17,Asia,Low Value,3,333.18,999.54,643.49,32.3,323.75
CUST-4932,ORD-6081,2022-03-07,Africa,High Value,5,490.34,2451.72,1542.54,70.39,838.8
CUST-9240,ORD-6082,2022-02-28,Europe,Mid Value,5,259.23,1296.16,713.84,29.76,552.57
CUST-6408,ORD-6083,2023-05-13,Asia,High Value,2,311.06,622.12,390.26,44.75,187.1
CUST-4861,ORD-6084,2023-01-08,North America,High Value,1,98.17,98.17,59.47,24.56,14.14
CUST-8406,ORD-6085,2022-09-23,Africa,Low Value,3,97.26,291.78,187.39,37.61,66.77
CUST-3833,ORD-6086,2023-10-15,Asia,Low Value,4,239.96,959.82,507.3,56.1,396.42
CUST-6285,ORD-6087,2022-08-24,Asia,Low Value,2,425.48,850.97,521.39,61.84,267.74
CUST-8645,ORD-6088,2022-08-06,Asia,Mid Value,2,456.39,912.78,553.52,65.47,293.8
CUST-5777,ORD-6089,2023-06-11,Africa,Low Value,3,328.04,984.12,465.12,60.26,458.74
CUST-3735,ORD-6090,2023-03-17,Asia,High Value,5,193.05,965.25,502.16,40.01,423.08
CUST-9273,ORD-6091,2023-10-12,Asia,Mid Value,5,380.02,1900.09,1263.66,7.81,628.63
CUST-9278,ORD-6092,2023-02-10,Europe,Low Value,4,160.13,640.53,313.24,44.34,282.95
CUST-7368,ORD-6093,2023-08-24,Europe,Low Value,3,125.39,376.16,204.96,9.14,162.06
CUST-1821,ORD-6094,2023-08-12,Africa,Low Value,2,401.81,803.61,406.88,77.48,319.25
CUST-8525,ORD-6095,2023-10-10,Africa,High Value,3,380.63,1141.9,553.87,33.35,554.68
CUST-1162,ORD-6096,2023-04-14,North America,Low Value,1,443.41,443.41,214.66,42.78,185.98
CUST-8777,ORD-6097,2022-04-20,Asia,High Value,2,296.71,593.42,318.66,14.72,260.05
CUST-2932,ORD-6098,2022-12-19,Europe,Mid Value,4,450.42,1801.69,1172.66,79.68,549.35
CUST-4535,ORD-6099,2022-04-01,Europe,Low Value,4,32.71,130.84,90.49,41.92,-1.56
CUST-6956,ORD-6100,2023-02-18,Asia,High Value,2,141.78,283.57,168.14,27.37,88.05
CUST-4446,ORD-6101,2023-12-03,Asia,Low Value,5,406.14,2030.69,1236.3,19.48,774.92
CUST-3790,ORD-6102,2022-03-14,Africa,Low Value,2,223.36,446.71,287.99,53.74,104.98
CUST-3707,ORD-6103,2023-11-16,North America,Mid Value,2,134.91,269.81,166.06,37.72,66.03
CUST-8959,ORD-6104,2023-07-01,North America,Mid Value,1,402.15,402.15,266.25,28.8,107.09
CUST-4933,ORD-6105,2023-12-23,Africa,High Value,2,414.69,829.38,556.52,5.72,267.13
CUST-4385,ORD-6106,2022-10-25,Africa,High Value,3,239.0,717.01,435.17,7.73,274.11
CUST-7636,ORD-6107,2023-10-07,Europe,High Value,3,243.96,731.89,426.89,57.02,247.98
CUST-1922,ORD-6108,2022-10-10,Africa,Mid Value,4,394.85,1579.4,865.14,41.04,673.22
CUST-9089,ORD-6109,2023-05-20,North America,High Value,5,390.24,1951.19,1103.2,68.67,779.33
CUST-1564,ORD-6110,2022-07-17,Europe,Mid Value,4,435.95,1743.8,935.31,61.51,746.97
CUST-4258,ORD-6111,2022-02-01,North America,Mid Value,1,329.86,329.86,183.64,48.01,98.2
CUST-3500,ORD-6112,2023-10-10,Asia,Low Value,2,109.23,218.46,147.44,47.07,23.94
CUST-5566,ORD-6113,2022-12-07,North America,Low Value,4,283.86,1135.45,786.97,60.9,287.58
CUST-7881,ORD-6114,2023-10-20,Europe,High Value,2,203.54,407.09,219.98,60.59,126.52
CUST-4636,ORD-6115,2022-11-30,North America,Mid Value,4,32.98,131.92,66.64,30.09,35.19
CUST-7030,ORD-6116,2022-05-23,Europe,Mid Value,2,114.32,228.64,107.36,12.9,108.39
CUST-1223,ORD-6117,2023-02-14,Europe,Mid Value,4,118.68,474.71,312.94,62.89,98.88
CUST-7297,ORD-6118,2022-02-13,Africa,Low Value,3,59.52,178.56,119.22,21.73,37.61
CUST-1350,ORD-6119,2022-02-01,North America,Mid Value,1,237.59,237.59,133.67,64.34,39.57
CUST-8314,ORD-6120,2022-01-28,Africa,High Value,4,263.86,1055.43,618.06,51.36,386.01
CUST-2928,ORD-6121,2023-02-27,Africa,High Value,3,183.21,549.62,348.98,31.85,168.79
CUST-8743,ORD-6122,2023-05-06,North America,Low Value,5,217.93,1089.66,592.74,68.92,428.01
CUST-9540,ORD-6123,2022-06-09,Europe,High Value,4,283.76,1135.03,567.94,56.84,510.25
CUST-5732,ORD-6124,2022-07-26,Asia,Mid Value,2,77.83,155.66,74.51,45.88,35.27
CUST-2017,ORD-6125,2022-01-18,North America,Mid Value,1,289.9,289.9,147.5,27.57,114.83
CUST-3226,ORD-6126,2022-04-13,Africa,High Value,3,360.76,1082.29,661.64,78.97,341.68
CUST-8206,ORD-6127,2023-08-05,Africa,Low Value,3,439.89,1319.66,708.55,67.89,543.21
CUST-8170,ORD-6128,2023-09-23,Europe,Mid Value,1,164.76,164.76,109.88,15.24,39.63
CUST-7207,ORD-6129,2023-10-13,Africa,Mid Value,4,378.76,1515.03,714.92,65.47,734.64
CUST-3419,ORD-6130,2023-11-03,Asia,Low Value,2,310.89,621.78,344.52,14.01,263.24
CUST-7240,ORD-6131,2022-08-20,Africa,Mid Value,5,261.34,1306.72,671.97,23.58,611.17
CUST-2893,ORD-6132,2023-10-22,Europe,High Value,4,461.39,1845.55,1240.07,76.82,528.66
CUST-6322,ORD-6133,2023-02-28,North America,High Value,1,317.6,317.6,206.94,70.24,40.42
CUST-8718,ORD-6134,2023-07-01,Europe,Low Value,4,195.71,782.85,544.93,50.45,187.48
CUST-7878,ORD-6135,2022-08-27,Africa,Low Value,4,362.21,1448.83,695.18,57.43,696.22
CUST-2125,ORD-6136,2022-11-30,Europe,High Value,1,480.74,480.74,310.35,11.72,158.67
CUST-4117,ORD-6137,2022-05-29,Africa,Low Value,1,460.73,460.73,221.82,29.93,208.97
CUST-5161,ORD-6138,2023-09-15,Europe,High Value,5,490.53,2452.65,1198.75,29.18,1224.72
CUST-5042,ORD-6139,2023-02-12,North America,Low Value,1,65.64,65.64,30.18,7.45,28.01
CUST-5433,ORD-6140,2022-01-17,Africa,High Value,1,232.85,232.85,131.84,57.81,43.21
CUST-9638,ORD-6141,2022-08-14,Asia,Mid Value,1,227.69,227.69,109.63,28.07,90.0
CUST-3658,ORD-6142,2023-10-14,Asia,Mid Value,3,204.23,612.69,329.07,52.48,231.14
CUST-4483,ORD-6143,2023-10-18,Asia,High Value,1,105.68,105.68,54.85,7.04,43.78
CUST-3944,ORD-6144,2022-09-17,Asia,Mid Value,1,419.46,419.46,291.14,5.12,123.19
CUST-8210,ORD-6145,2023-12-30,Africa,High Value,1,343.08,343.08,210.84,17.75,114.48
CUST-8653,ORD-6146,2023-11-05,Africa,Low Value,5,310.88,1554.38,858.97,57.72,637.69
CUST-9787,ORD-6147,2023-08-27,North America,Mid Value,4,234.49,937.96,628.07,50.31,259.58
CUST-2986,ORD-6148,2022-06-23,Europe,Mid Value,1,206.49,206.49,96.22,20.07,90.21
CUST-2074,ORD-6149,2022-07-24,Africa,Mid Value,1,397.5,397.5,212.09,44.25,141.16
CUST-5305,ORD-6150,2023-02-19,Asia,High Value,5,272.88,1364.4,789.51,51.44,523.45
CUST-4007,ORD-6151,2023-05-23,Africa,Mid Value,4,311.67,1246.69,577.8,75.42,593.47
CUST-1969,ORD-6152,2022-06-02,Asia,Low Value,5,68.0,340.01,165.4,62.18,112.42
CUST-9772,ORD-6153,2022-04-13,North America,Mid Value,2,246.31,492.62,331.91,15.19,145.53
CUST-3824,ORD-6154,2023-12-15,Europe,Low Value,2,82.55,165.1,81.71,25.27,58.12
CUST-2211,ORD-6155,2022-03-06,Africa,Mid Value,2,45.84,91.68,62.38,35.26,-5.96
CUST-1229,ORD-6156,2022-04-27,Europe,Mid Value,1,350.86,350.86,166.31,12.9,171.65
CUST-5284,ORD-6157,2023-10-27,Asia,Low Value,5,151.91,759.55,510.46,46.65,202.44
CUST-4185,ORD-6158,2022-06-05,Asia,Mid Value,1,483.23,483.23,272.26,73.03,137.93
CUST-1501,ORD-6159,2023-11-07,Europe,Low Value,2,310.64,621.28,368.61,27.98,224.69
CUST-1048,ORD-6160,2022-03-23,North America,Low Value,4,329.68,1318.71,686.26,78.85,553.6
CUST-4566,ORD-6161,2023-06-02,Europe,Low Value,4,114.47,457.9,237.35,23.7,196.86
CUST-4055,ORD-6162,2022-03-08,Europe,Mid Value,5,81.86,409.32,234.55,40.42,134.35
CUST-9880,ORD-6163,2022-08-26,Africa,Mid Value,4,272.2,1088.78,586.8,30.73,471.25
CUST-1386,ORD-6164,2023-08-07,Africa,Low Value,2,464.27,928.54,435.88,28.11,464.55
CUST-1969,ORD-6165,2023-08-30,Asia,Mid Value,5,46.76,233.79,125.88,33.34,74.57
CUST-6820,ORD-6166,2022-11-22,Africa,High Value,5,263.92,1319.61,677.85,7.43,634.33
CUST-4052,ORD-6167,2023-08-13,North America,Low Value,2,115.38,230.76,152.86,44.9,33.0
CUST-8397,ORD-6168,2022-03-08,North America,Low Value,2,395.35,790.7,521.57,60.61,208.52
CUST-3302,ORD-6169,2022-06-25,North America,High Value,2,347.34,694.67,337.17,69.78,287.71
CUST-3283,ORD-6170,2023-11-15,Asia,High Value,2,66.66,133.32,84.33,29.33,19.67
CUST-5366,ORD-6171,2023-04-23,North America,Low Value,5,315.84,1579.21,888.64,46.28,644.29
CUST-1122,ORD-6172,2022-09-12,North America,High Value,4,492.13,1968.51,1313.25,71.96,583.31
CUST-7799,ORD-6173,2022-03-04,Africa,Low Value,2,273.51,547.01,283.63,64.99,198.4
CUST-4727,ORD-6174,2023-02-07,Asia,Mid Value,3,157.02,471.05,222.35,39.81,208.89
CUST-9450,ORD-6175,2022-07-11,Europe,High Value,5,93.02,465.12,302.39,17.36,145.37
CUST-5958,ORD-6176,2022-11-25,North America,Low Value,1,495.03,495.03,330.23,46.87,117.93
CUST-1524,ORD-6177,2022-03-12,Africa,Low Value,4,290.63,1162.53,767.42,79.23,315.88
CUST-9399,ORD-6178,2022-03-04,Europe,Low Value,5,199.86,999.28,531.94,61.81,405.52
CUST-1148,ORD-6179,2022-10-24,North America,High Value,2,122.87,245.74,112.48,68.6,64.66
CUST-9001,ORD-6180,2022-09-02,Europe,Mid Value,3,476.1,1428.29,692.58,19.16,716.55
CUST-1437,ORD-6181,2023-06-03,Europe,Mid Value,1,320.97,320.97,218.21,72.79,29.97
CUST-4749,ORD-6182,2023-01-28,Asia,High Value,4,47.68,190.72,103.18,6.06,81.48
CUST-9186,ORD-6183,2023-08-24,Asia,Low Value,2,48.53,97.07,65.04,69.67,-37.64
CUST-5453,ORD-6184,2022-06-26,North America,Low Value,5,470.93,2354.65,1636.96,22.93,694.75
CUST-6336,ORD-6185,2022-07-23,North America,Low Value,5,360.85,1804.23,990.39,51.7,762.13
CUST-5551,ORD-6186,2023-10-08,Asia,High Value,4,69.65,278.59,179.44,26.98,72.17
CUST-3823,ORD-6187,2023-08-17,North America,High Value,3,319.4,958.21,471.71,15.15,471.36
CUST-6728,ORD-6188,2023-06-17,North America,Low Value,2,221.33,442.65,241.66,23.53,177.46
CUST-9677,ORD-6189,2022-05-08,Asia,Low Value,4,398.58,1594.31,998.51,40.47,555.33
CUST-9391,ORD-6190,2022-07-14,Europe,Low Value,4,151.38,605.53,303.84,73.97,227.71
CUST-2982,ORD-6191,2022-07-13,North America,High Value,5,203.77,1018.83,539.93,34.18,444.73
CUST-7996,ORD-6192,2022-07-03,Africa,High Value,4,100.35,401.39,237.2,9.19,155.0
CUST-3311,ORD-6193,2022-09-04,Asia,Mid Value,1,141.2,141.2,87.94,6.78,46.48
CUST-8225,ORD-6194,2022-11-20,North America,Low Value,1,110.79,110.79,59.74,20.74,30.31
CUST-1604,ORD-6195,2022-06-09,North America,Low Value,2,31.66,63.33,34.46,8.9,19.96
CUST-9175,ORD-6196,2023-12-07,Asia,Mid Value,4,42.16,168.64,80.52,32.83,55.28
CUST-6785,ORD-6197,2023-09-14,Africa,Low Value,5,421.1,2105.5,1465.46,33.82,606.22
CUST-5597,ORD-6198,2022-03-07,Africa,Mid Value,2,405.83,811.65,489.47,77.91,244.27
CUST-8759,ORD-6199,2022-09-11,Asia,High Value,3,87.55,262.64,153.01,27.97,81.66
CUST-8532,ORD-6200,2022-10-10,Africa,Mid Value,5,340.59,1702.95,856.31,49.92,796.72
CUST-9740,ORD-6201,2022-03-01,North America,Mid Value,3,377.91,1133.73,648.5,66.41,418.82
CUST-1838,ORD-6202,2022-04-28,Africa,High Value,2,44.61,89.22,50.13,43.48,-4.38
CUST-4815,ORD-6203,2023-02-27,North America,Low Value,1,62.5,62.5,32.17,57.24,-26.91
CUST-1847,ORD-6204,2023-07-10,Europe,Mid Value,5,290.25,1451.24,814.97,78.08,558.19
CUST-5709,ORD-6205,2023-12-23,Africa,Mid Value,5,199.59,997.96,499.86,29.31,468.79
CUST-5507,ORD-6206,2022-02-05,Europe,Low Value,2,355.71,711.42,446.45,10.57,254.4
CUST-7575,ORD-6207,2023-06-15,Asia,Mid Value,5,287.69,1438.45,974.11,37.27,427.06
CUST-5773,ORD-6208,2022-04-01,Africa,High Value,5,34.89,174.45,78.62,45.55,50.29
CUST-5468,ORD-6209,2022-10-28,North America,Mid Value,2,348.17,696.33,410.18,48.5,237.65
CUST-6192,ORD-6210,2023-12-25,Africa,Low Value,4,117.88,471.52,298.51,60.39,112.62
CUST-4320,ORD-6211,2022-08-05,Asia,Low Value,2,170.05,340.1,230.18,72.36,37.56
CUST-5698,ORD-6212,2022-04-08,Asia,Mid Value,5,373.47,1867.33,1007.62,42.51,817.2
CUST-5311,ORD-6213,2023-04-01,North America,Low Value,2,390.2,780.4,528.17,15.76,236.48
CUST-4673,ORD-6214,2023-06-15,Africa,Low Value,5,185.99,929.96,610.41,35.26,284.29
CUST-2564,ORD-6215,2023-06-22,Europe,Mid Value,3,62.83,188.49,109.57,16.65,62.27
CUST-2840,ORD-6216,2022-01-28,Asia,Mid Value,3,389.44,1168.33,600.8,18.67,548.86
CUST-7058,ORD-6217,2023-07-30,Asia,Low Value,1,437.7,437.7,268.4,5.13,164.17
CUST-8131,ORD-6218,2022-11-20,North America,Mid Value,2,482.87,965.74,497.49,74.73,393.52
CUST-1726,ORD-6219,2022-08-11,Africa,High Value,2,172.56,345.11,185.4,60.89,98.82
CUST-7697,ORD-6220,2022-03-21,Europe,Mid Value,3,79.45,238.35,135.08,12.52,90.74
CUST-1282,ORD-6221,2023-07-17,Africa,Low Value,3,470.08,1410.23,810.17,74.01,526.05
CUST-2081,ORD-6222,2023-04-03,Africa,High Value,3,211.89,635.66,316.11,70.28,249.28
CUST-4885,ORD-6223,2023-09-06,Europe,Low Value,1,64.9,64.9,40.46,73.24,-48.81
CUST-3881,ORD-6224,2022-06-25,North America,Low Value,1,259.41,259.41,181.07,12.3,66.05
CUST-3970,ORD-6225,2023-06-06,Asia,High Value,4,111.45,445.81,227.79,10.99,207.02
CUST-7985,ORD-6226,2023-04-02,North America,Mid Value,2,190.53,381.07,224.31,10.08,146.68
CUST-1947,ORD-6227,2023-02-27,North America,Low Value,1,173.77,173.77,97.95,77.52,-1.7
CUST-5760,ORD-6228,2022-04-10,Africa,Mid Value,5,493.9,2469.49,1301.28,54.54,1113.67
CUST-1066,ORD-6229,2023-02-07,Europe,Mid Value,2,326.97,653.93,362.9,18.35,272.69
CUST-9828,ORD-6230,2023-07-30,Asia,High Value,4,256.07,1024.26,648.54,74.69,301.03
CUST-9505,ORD-6231,2023-01-15,Africa,Low Value,3,266.6,799.8,442.84,38.24,318.73
CUST-1564,ORD-6232,2023-06-15,Asia,High Value,4,309.96,1239.85,715.01,63.91,460.93
CUST-4670,ORD-6233,2022-11-28,Africa,High Value,2,438.92,877.84,499.77,52.71,325.36
CUST-3251,ORD-6234,2022-11-14,Europe,Low Value,3,90.07,270.21,159.1,53.72,57.39
CUST-1804,ORD-6235,2023-10-15,Asia,Low Value,4,307.82,1231.3,643.72,37.98,549.6
CUST-5631,ORD-6236,2023-06-21,Asia,High Value,4,174.65,698.59,403.38,34.62,260.59
CUST-2235,ORD-6237,2022-03-30,North America,High Value,2,294.27,588.55,284.69,17.14,286.72
CUST-7720,ORD-6238,2023-08-27,Africa,High Value,1,268.51,268.51,170.6,10.31,87.6
CUST-7906,ORD-6239,2023-05-26,Africa,Low Value,5,34.37,171.84,82.09,74.6,15.15
CUST-7016,ORD-6240,2022-02-11,Africa,Low Value,4,299.58,1198.33,774.41,75.25,348.68
CUST-4549,ORD-6241,2023-01-24,North America,High Value,5,360.42,1802.11,1182.88,53.1,566.14
CUST-8938,ORD-6242,2022-03-22,North America,Low Value,2,138.08,276.16,125.59,34.1,116.47
CUST-5141,ORD-6243,2023-02-06,Asia,Low Value,2,71.3,142.59,93.79,6.88,41.93
CUST-7966,ORD-6244,2022-04-17,Africa,Low Value,1,121.59,121.59,74.42,38.57,8.6
CUST-6335,ORD-6245,2022-04-21,Africa,Mid Value,3,325.48,976.43,463.05,54.42,458.96
CUST-6077,ORD-6246,2022-10-04,Asia,Mid Value,5,245.02,1225.1,856.93,27.52,340.65
CUST-6611,ORD-6247,2022-08-02,Asia,High Value,4,435.35,1741.39,1051.56,30.68,659.14
CUST-9089,ORD-6248,2023-05-21,Asia,Mid Value,3,156.79,470.38,258.81,40.42,171.15
CUST-3892,ORD-6249,2022-05-01,Europe,High Value,5,195.25,976.24,655.35,42.12,278.77
CUST-6577,ORD-6250,2022-05-14,Europe,High Value,5,273.46,1367.32,629.52,60.71,677.08
CUST-4618,ORD-6251,2023-12-21,Asia,Low Value,3,240.81,722.42,454.65,42.48,225.29
CUST-2559,ORD-6252,2023-01-06,North America,High Value,3,282.93,848.78,412.45,68.4,367.93
CUST-7683,ORD-6253,2022-09-14,North America,High Value,1,169.8,169.8,99.87,41.21,28.73
CUST-2507,ORD-6254,2023-11-28,Africa,High Value,4,100.0,400.01,189.6,7.39,203.02
CUST-3063,ORD-6255,2022-06-29,Europe,High Value,4,405.59,1622.37,1005.52,15.61,601.24
CUST-4642,ORD-6256,2022-02-17,Europe,Low Value,4,38.86,155.45,88.02,58.86,8.57
CUST-3000,ORD-6257,2023-08-22,Asia,Low Value,3,197.46,592.38,267.56,38.89,285.92
CUST-2294,ORD-6258,2022-01-19,Asia,High Value,1,61.95,61.95,28.98,39.59,-6.62
CUST-5065,ORD-6259,2022-02-15,Asia,Mid Value,2,373.44,746.88,467.36,78.35,201.16
CUST-9014,ORD-6260,2023-03-27,Asia,Mid Value,1,195.45,195.45,107.47,47.86,40.12
CUST-2603,ORD-6261,2022-02-25,Asia,High Value,3,34.42,103.27,63.83,13.77,25.68
CUST-2322,ORD-6262,2023-10-19,North America,Low Value,1,56.42,56.42,30.89,37.53,-12.0
CUST-6956,ORD-6263,2022-04-02,North America,High Value,3,115.33,345.98,186.98,47.1,111.91
CUST-3441,ORD-6264,2022-03-23,Asia,High Value,5,397.72,1988.6,1319.89,7.81,660.9
CUST-2098,ORD-6265,2022-03-20,North America,Low Value,5,403.61,2018.05,1339.39,32.35,646.32
CUST-6073,ORD-6266,2023-10-24,Asia,Mid Value,2,498.37,996.75,677.73,77.59,241.43
CUST-9488,ORD-6267,2022-10-10,Asia,High Value,5,135.64,678.22,444.74,61.35,172.12
CUST-4787,ORD-6268,2022-11-07,Europe,Low Value,2,49.01,98.02,47.23,32.91,17.88
CUST-3096,ORD-6269,2022-06-09,North America,Low Value,4,155.9,623.61,290.99,24.66,307.96
CUST-3208,ORD-6270,2022-11-12,North America,High Value,3,105.83,317.5,147.51,26.24,143.75
CUST-6988,ORD-6271,2023-10-30,Europe,Low Value,4,360.99,1443.94,1003.62,67.13,373.2
CUST-1175,ORD-6272,2022-06-05,North America,High Value,4,485.24,1940.94,1116.6,35.12,789.22
CUST-8169,ORD-6273,2023-12-15,Europe,Mid Value,2,151.05,302.1,144.65,68.24,89.22
CUST-7014,ORD-6274,2023-04-13,Africa,High Value,3,177.74,533.23,312.51,73.16,147.56
CUST-2667,ORD-6275,2023-04-07,North America,Mid Value,2,188.54,377.07,236.64,39.81,100.62
CUST-9867,ORD-6276,2022-04-27,Asia,Low Value,1,431.34,431.34,204.29,75.9,151.15
CUST-2823,ORD-6277,2023-10-28,Europe,High Value,4,297.45,1189.8,638.45,27.5,523.85
CUST-6147,ORD-6278,2022-12-30,Asia,Low Value,3,487.51,1462.53,726.81,24.5,711.21
CUST-2356,ORD-6279,2023-09-23,Asia,High Value,4,321.04,1284.15,891.02,13.05,380.09
CUST-4072,ORD-6280,2023-12-12,North America,Low Value,1,358.82,358.82,190.02,23.44,145.37
CUST-4259,ORD-6281,2023-04-11,Europe,Mid Value,1,62.8,62.8,39.1,62.95,-39.25
CUST-7199,ORD-6282,2022-07-03,Africa,High Value,3,476.81,1430.42,972.13,35.28,423.01
CUST-1546,ORD-6283,2023-10-22,Asia,Low Value,3,321.47,964.4,642.1,16.11,306.19
CUST-6231,ORD-6284,2022-06-15,Asia,High Value,1,269.69,269.69,147.92,13.03,108.74
CUST-8965,ORD-6285,2022-03-16,Africa,High Value,4,205.95,823.82,434.75,41.77,347.3
CUST-3083,ORD-6286,2022-09-29,Europe,Mid Value,5,56.98,284.92,185.86,45.45,53.61
CUST-3040,ORD-6287,2023-11-22,North America,Low Value,4,84.01,336.03,168.45,64.59,102.99
CUST-5534,ORD-6288,2023-05-18,Asia,High Value,5,25.61,128.07,80.6,58.61,-11.14
CUST-2752,ORD-6289,2023-07-17,North America,High Value,2,499.37,998.74,657.99,17.53,323.22
CUST-2849,ORD-6290,2023-08-10,Europe,High Value,3,397.42,1192.26,789.64,25.77,376.85
CUST-3642,ORD-6291,2023-10-18,Africa,High Value,1,402.78,402.78,182.15,57.03,163.6
CUST-2600,ORD-6292,2022-12-09,North America,High Value,2,370.44,740.89,425.99,18.54,296.36
CUST-5402,ORD-6293,2023-12-01,Europe,Low Value,4,252.37,1009.48,544.51,65.24,399.73
CUST-4799,ORD-6294,2023-09-27,North America,High Value,5,62.33,311.67,216.52,54.3,40.85
CUST-1618,ORD-6295,2022-09-08,North America,High Value,3,54.69,164.07,96.15,45.23,22.7
CUST-2132,ORD-6296,2022-05-10,Asia,High Value,5,459.86,2299.3,1280.39,53.32,965.59
CUST-6491,ORD-6297,2022-12-24,North America,Low Value,4,20.15,80.6,41.2,12.48,26.93
CUST-6795,ORD-6298,2023-11-23,Asia,High Value,4,355.57,1422.28,940.71,46.1,435.47
CUST-8633,ORD-6299,2023-02-12,Europe,High Value,1,321.72,321.72,170.46,38.85,112.41
CUST-2487,ORD-6300,2023-05-10,Europe,Mid Value,2,260.59,521.18,342.25,43.47,135.45
CUST-8848,ORD-6301,2023-09-14,Asia,Mid Value,3,487.98,1463.93,985.08,30.33,448.52
CUST-6009,ORD-6302,2023-04-27,Africa,High Value,1,115.1,115.1,53.47,40.11,21.52
CUST-3113,ORD-6303,2022-03-19,North America,High Value,5,396.94,1984.69,1146.15,71.24,767.29
CUST-2044,ORD-6304,2023-05-29,Europe,Mid Value,2,343.92,687.85,381.82,30.86,275.16
CUST-3431,ORD-6305,2022-11-17,Europe,Low Value,3,487.73,1463.18,802.23,8.37,652.58
CUST-8979,ORD-6306,2022-10-17,Africa,Low Value,5,468.35,2341.77,1271.27,24.24,1046.27
CUST-2582,ORD-6307,2022-10-24,Europe,Mid Value,3,81.71,245.14,142.92,39.08,63.15
CUST-2308,ORD-6308,2023-11-12,Asia,High Value,3,167.7,503.11,242.78,45.01,215.32
CUST-5917,ORD-6309,2023-04-20,Africa,Mid Value,2,428.38,856.77,572.17,37.04,247.56
CUST-9793,ORD-6310,2022-01-23,Europe,Low Value,5,129.76,648.79,382.46,67.0,199.33
CUST-2620,ORD-6311,2022-06-21,Africa,Mid Value,1,201.7,201.7,108.27,73.64,19.79
CUST-8503,ORD-6312,2022-11-14,Africa,Low Value,1,320.46,320.46,163.68,41.51,115.27
CUST-5766,ORD-6313,2022-07-12,Europe,High Value,1,290.2,290.2,175.32,10.69,104.19
CUST-6362,ORD-6314,2023-11-12,Europe,High Value,3,327.49,982.47,635.35,36.57,310.55
CUST-6192,ORD-6315,2022-04-28,Europe,High Value,4,362.47,1449.9,812.25,18.59,619.05
CUST-7622,ORD-6316,2022-01-06,Africa,Low Value,2,369.81,739.62,514.87,26.26,198.49
CUST-7093,ORD-6317,2023-04-28,Asia,Mid Value,1,374.03,374.03,218.39,67.47,88.17
CUST-7704,ORD-6318,2022-05-12,Asia,High Value,2,496.0,992.01,689.18,45.15,257.69
CUST-1100,ORD-6319,2022-04-03,North America,Low Value,3,191.16,573.49,396.08,67.14,110.26
CUST-7657,ORD-6320,2023-06-06,Europe,High Value,2,41.21,82.42,49.45,78.92,-45.95
CUST-6875,ORD-6321,2023-07-17,Asia,Mid Value,1,187.45,187.45,111.6,45.89,29.96
CUST-5271,ORD-6322,2022-10-21,North America,High Value,1,457.56,457.56,217.99,73.42,166.15
CUST-1237,ORD-6323,2023-10-03,North America,Low Value,3,60.03,180.08,122.87,56.26,0.95
CUST-8226,ORD-6324,2023-01-27,Europe,Low Value,3,330.53,991.6,645.33,12.64,333.63
CUST-9032,ORD-6325,2022-09-06,North America,High Value,5,223.12,1115.59,641.59,36.34,437.65
CUST-6218,ORD-6326,2023-09-06,Asia,High Value,3,462.35,1387.06,730.43,54.42,602.21
CUST-5025,ORD-6327,2023-08-18,North America,Low Value,4,465.72,1862.86,1228.81,57.89,576.16
CUST-7073,ORD-6328,2023-12-04,North America,High Value,4,396.92,1587.67,830.16,69.55,687.96
CUST-3542,ORD-6329,2023-02-21,Asia,High Value,1,67.29,67.29,39.4,52.8,-24.9
CUST-2537,ORD-6330,2022-05-23,North America,High Value,3,31.86,95.59,47.77,11.76,36.07
CUST-1754,ORD-6331,2022-08-25,North America,Mid Value,4,85.56,342.25,222.85,15.68,103.72
CUST-8396,ORD-6332,2022-10-14,Africa,Mid Value,4,174.48,697.9,445.4,29.62,222.88
CUST-8823,ORD-6333,2022-10-04,North America,Mid Value,5,135.89,679.44,355.31,27.05,297.08
CUST-6507,ORD-6334,2023-01-22,North America,High Value,3,197.48,592.45,283.99,21.62,286.85
CUST-5235,ORD-6335,2023-01-17,Africa,Low Value,5,88.68,443.38,219.15,51.3,172.94
CUST-1540,ORD-6336,2023-03-26,Africa,High Value,2,381.2,762.4,460.56,37.23,264.62
CUST-6510,ORD-6337,2022-10-18,Africa,High Value,5,425.74,2128.71,1037.77,56.37,1034.57
CUST-9461,ORD-6338,2022-06-18,Europe,Mid Value,2,254.22,508.43,269.49,34.02,204.93
CUST-8926,ORD-6339,2023-03-19,Europe,Low Value,2,479.13,958.27,632.26,25.56,300.45
CUST-6131,ORD-6340,2023-10-18,Asia,Mid Value,3,77.77,233.3,109.75,46.29,77.26
CUST-9697,ORD-6341,2022-07-03,North America,Low Value,2,70.79,141.58,84.28,12.26,45.04
CUST-2129,ORD-6342,2022-02-14,Asia,High Value,2,116.19,232.38,127.8,79.15,25.43
CUST-4145,ORD-6343,2022-09-25,Europe,High Value,5,491.32,2456.59,1179.36,54.17,1223.06
CUST-9553,ORD-6344,2023-04-21,North America,High Value,3,219.92,659.76,380.92,14.16,264.68
CUST-4720,ORD-6345,2022-09-10,North America,Low Value,3,463.57,1390.71,805.45,51.68,533.58
CUST-5067,ORD-6346,2023-01-31,Africa,Mid Value,2,116.96,233.93,127.38,10.58,95.97
CUST-5195,ORD-6347,2022-10-16,Europe,Mid Value,5,426.13,2130.65,988.26,42.97,1099.42
CUST-8281,ORD-6348,2022-07-31,North America,Mid Value,5,168.81,844.04,423.47,26.81,393.76
CUST-3509,ORD-6349,2023-11-20,Africa,Low Value,5,372.51,1862.56,1026.6,57.56,778.4
CUST-6016,ORD-6350,2022-01-21,North America,Low Value,5,487.74,2438.71,1266.44,41.53,1130.74
CUST-7533,ORD-6351,2022-11-12,Europe,High Value,1,467.85,467.85,229.31,63.94,174.6
CUST-5727,ORD-6352,2023-07-18,Asia,Mid Value,2,419.04,838.08,479.16,22.23,336.68
CUST-1681,ORD-6353,2023-03-14,Asia,Low Value,2,44.1,88.2,48.46,54.21,-14.47
CUST-4932,ORD-6354,2023-02-27,North America,Mid Value,2,311.73,623.46,384.2,56.59,182.67
CUST-6560,ORD-6355,2022-08-21,Africa,Mid Value,3,421.02,1263.05,745.33,40.81,476.9
CUST-5016,ORD-6356,2022-05-03,Africa,Low Value,3,211.68,635.03,312.71,69.37,252.95
CUST-8339,ORD-6357,2023-09-04,Africa,Low Value,5,370.97,1854.85,1153.56,16.0,685.29
CUST-1719,ORD-6358,2022-08-02,Europe,High Value,3,86.29,258.88,146.62,61.88,50.38
CUST-1074,ORD-6359,2023-10-09,Asia,High Value,4,104.85,419.39,200.62,14.9,203.87
CUST-5157,ORD-6360,2023-12-31,Asia,High Value,2,328.98,657.96,299.12,16.77,342.08
CUST-9511,ORD-6361,2023-08-23,North America,Mid Value,2,229.81,459.63,278.81,20.11,160.7
CUST-3149,ORD-6362,2022-02-09,Asia,Mid Value,1,124.76,124.76,75.44,54.58,-5.26
CUST-7713,ORD-6363,2022-11-28,Africa,High Value,1,155.78,155.78,102.05,52.93,0.8
CUST-5207,ORD-6364,2023-10-10,Europe,Mid Value,4,317.08,1268.32,812.5,38.44,417.38
CUST-8141,ORD-6365,2022-07-01,Africa,Mid Value,1,368.18,368.18,246.45,28.58,93.14
CUST-9652,ORD-6366,2022-09-22,Africa,Mid Value,5,119.65,598.27,312.96,50.96,234.36
CUST-4936,ORD-6367,2023-11-25,Asia,Mid Value,5,478.49,2392.47,1323.74,15.81,1052.92
CUST-2075,ORD-6368,2023-06-17,Europe,Low Value,2,23.93,47.85,22.27,52.15,-26.57
CUST-4876,ORD-6369,2023-03-08,Europe,Low Value,5,356.03,1780.15,984.13,5.9,790.12
CUST-5615,ORD-6370,2022-07-15,Africa,High Value,1,159.68,159.68,80.63,15.84,63.22
CUST-8265,ORD-6371,2023-12-25,North America,High Value,4,249.69,998.75,650.51,58.09,290.14
CUST-7379,ORD-6372,2023-05-24,Asia,Mid Value,5,293.53,1467.63,901.22,70.55,495.86
CUST-5652,ORD-6373,2023-03-23,North America,Mid Value,2,289.53,579.06,373.74,10.67,194.65
CUST-7792,ORD-6374,2023-06-12,Africa,Low Value,2,392.61,785.23,469.66,52.91,262.66
CUST-8456,ORD-6375,2022-07-21,Asia,Mid Value,1,415.44,415.44,249.05,9.64,156.75
CUST-5674,ORD-6376,2023-12-31,North America,Mid Value,5,55.21,276.04,140.45,70.92,64.67
CUST-1541,ORD-6377,2023-08-28,North America,High Value,1,357.44,357.44,220.71,34.37,102.36
CUST-3161,ORD-6378,2022-05-13,North America,Mid Value,2,211.55,423.1,205.62,60.59,156.89
CUST-3251,ORD-6379,2022-05-19,Asia,Low Value,4,412.92,1651.69,857.16,17.96,776.57
CUST-5569,ORD-6380,2023-10-31,North America,Mid Value,5,312.27,1561.34,772.84,69.6,718.89
CUST-3744,ORD-6381,2023-05-08,Europe,Mid Value,4,24.91,99.65,68.5,37.19,-6.03
CUST-7041,ORD-6382,2022-03-11,Africa,Mid Value,5,339.9,1699.52,1146.36,20.66,532.49
CUST-5675,ORD-6383,2022-01-15,Asia,Mid Value,2,464.34,928.68,621.02,47.93,259.73
CUST-2560,ORD-6384,2022-07-31,Europe,Mid Value,5,59.89,299.43,206.62,26.61,66.2
CUST-2164,ORD-6385,2022-03-01,North America,Low Value,2,257.23,514.46,310.3,26.53,177.64
CUST-6419,ORD-6386,2022-09-09,Africa,High Value,3,320.41,961.23,647.56,13.59,300.08
CUST-3722,ORD-6387,2023-03-22,North America,Mid Value,2,114.01,228.03,119.25,21.04,87.74
CUST-1470,ORD-6388,2022-01-02,Europe,High Value,2,332.33,664.66,363.03,64.84,236.79
CUST-2468,ORD-6389,2022-12-02,North America,High Value,5,43.9,219.52,124.41,44.27,50.84
CUST-8925,ORD-6390,2022-01-19,Asia,Low Value,4,454.73,1818.9,859.16,31.62,928.12
CUST-1808,ORD-6391,2023-07-15,Europe,High Value,2,386.07,772.15,506.66,74.7,190.78
CUST-9363,ORD-6392,2022-03-19,Asia,Mid Value,5,471.69,2358.46,1131.57,64.8,1162.08
CUST-7719,ORD-6393,2023-04-17,Africa,Mid Value,2,220.84,441.69,287.06,28.27,126.36
CUST-6073,ORD-6394,2022-01-28,Asia,Mid Value,1,36.42,36.42,24.78,13.3,-1.67
CUST-9012,ORD-6395,2023-07-14,Asia,Mid Value,1,183.94,183.94,108.88,18.83,56.23
CUST-2645,ORD-6396,2023-08-31,North America,Low Value,1,267.56,267.56,131.5,55.64,80.42
CUST-9249,ORD-6397,2022-06-14,North America,High Value,1,469.22,469.22,262.38,47.23,159.61
CUST-2129,ORD-6398,2023-04-03,Europe,Low Value,4,443.87,1775.49,860.6,78.56,836.33
CUST-2353,ORD-6399,2022-06-25,Africa,High Value,2,305.15,610.31,292.8,6.01,311.5
CUST-1767,ORD-6400,2023-08-08,Europe,Low Value,1,370.28,370.28,236.62,70.76,62.9
CUST-4895,ORD-6401,2022-01-29,Africa,Low Value,5,477.87,2389.36,1309.99,6.07,1073.3
CUST-9874,ORD-6402,2023-10-31,Africa,Low Value,1,428.28,428.28,192.74,36.86,198.69
CUST-4454,ORD-6403,2022-10-06,Asia,Mid Value,3,336.23,1008.7,466.14,73.74,468.82
CUST-8329,ORD-6404,2022-10-10,North America,Mid Value,3,279.23,837.68,548.21,54.38,235.09
CUST-2790,ORD-6405,2023-04-24,Africa,Low Value,4,248.5,994.0,601.29,48.75,343.96
CUST-1885,ORD-6406,2023-06-03,North America,High Value,3,383.17,1149.52,759.98,28.51,361.03
CUST-8734,ORD-6407,2022-11-01,Africa,High Value,5,408.21,2041.06,1058.12,77.46,905.48
CUST-4906,ORD-6408,2023-11-25,North America,Mid Value,1,124.47,124.47,65.79,17.62,41.06
CUST-5492,ORD-6409,2022-04-19,Europe,Low Value,3,247.53,742.6,448.69,25.24,268.66
CUST-3073,ORD-6410,2022-11-20,North America,Mid Value,3,390.15,1170.46,721.34,38.97,410.15
CUST-1312,ORD-6411,2022-07-25,Asia,Mid Value,4,344.34,1377.36,628.94,14.47,733.94
CUST-7269,ORD-6412,2022-08-22,Africa,Mid Value,3,303.96,911.87,617.16,36.77,257.95
CUST-6317,ORD-6413,2023-04-03,Asia,Low Value,1,175.39,175.39,113.97,7.95,53.47
CUST-1810,ORD-6414,2022-07-06,Africa,Low Value,2,312.42,624.85,301.78,74.31,248.76
CUST-7841,ORD-6415,2023-04-27,Asia,Mid Value,1,313.83,313.83,142.03,29.16,142.64
CUST-3032,ORD-6416,2023-02-11,Africa,Low Value,3,227.57,682.7,438.49,52.54,191.67
CUST-8129,ORD-6417,2023-05-24,North America,High Value,3,480.94,1442.83,974.95,70.29,397.59
CUST-3705,ORD-6418,2023-06-04,Africa,High Value,3,333.5,1000.49,530.79,66.37,403.33
CUST-9788,ORD-6419,2022-02-22,Asia,Mid Value,4,428.33,1713.34,908.41,70.5,734.42
CUST-3147,ORD-6420,2023-02-02,Asia,High Value,5,81.9,409.5,236.96,59.02,113.52
CUST-1615,ORD-6421,2022-07-18,Africa,Mid Value,1,383.25,383.25,237.1,19.53,126.63
CUST-1947,ORD-6422,2023-01-26,Africa,Mid Value,3,308.9,926.69,567.06,32.49,327.14
CUST-6677,ORD-6423,2023-10-11,Europe,Mid Value,2,167.97,335.95,214.39,43.4,78.16
CUST-5651,ORD-6424,2023-05-13,Europe,Low Value,4,85.45,341.82,163.56,30.27,147.99
CUST-8866,ORD-6425,2022-06-21,North America,Low Value,5,202.23,1011.15,586.42,76.64,348.09
CUST-3013,ORD-6426,2022-03-27,North America,Low Value,3,231.86,695.58,401.06,65.51,229.01
CUST-4697,ORD-6427,2023-07-12,North America,Low Value,1,87.57,87.57,60.2,64.92,-37.55
CUST-1490,ORD-6428,2022-07-05,North America,Mid Value,2,341.66,683.32,464.36,32.08,186.88
CUST-5350,ORD-6429,2022-06-05,North America,Low Value,4,167.41,669.65,426.96,61.61,181.08
CUST-3428,ORD-6430,2023-05-08,Africa,High Value,1,406.9,406.9,272.31,51.05,83.54
CUST-5987,ORD-6431,2023-06-05,Europe,High Value,1,331.21,331.21,210.78,33.14,87.28
CUST-9733,ORD-6432,2023-09-19,Africa,Low Value,4,169.04,676.16,426.07,28.12,221.98
CUST-5920,ORD-6433,2023-10-28,Europe,High Value,1,192.81,192.81,97.16,64.16,31.48
CUST-3926,ORD-6434,2022-05-10,Europe,High Value,2,472.23,944.46,570.75,49.76,323.95
CUST-8282,ORD-6435,2022-03-22,Asia,Low Value,2,475.1,950.19,645.2,7.77,297.22
CUST-5376,ORD-6436,2023-01-19,Asia,Mid Value,1,220.82,220.82,140.78,6.63,73.41
CUST-5868,ORD-6437,2023-10-21,Europe,Mid Value,3,346.0,1038.0,624.03,68.15,345.83
CUST-7986,ORD-6438,2022-10-22,Africa,Mid Value,1,490.39,490.39,252.33,11.74,226.32
CUST-7862,ORD-6439,2022-09-26,Europe,Low Value,3,497.14,1491.43,924.18,43.95,523.3
CUST-5423,ORD-6440,2023-10-07,North America,Mid Value,1,54.62,54.62,29.32,50.65,-25.35
CUST-7870,ORD-6441,2023-07-16,Africa,Mid Value,5,285.68,1428.4,666.07,73.7,688.63
CUST-9159,ORD-6442,2023-06-19,Africa,High Value,2,368.78,737.55,376.03,43.59,317.93
CUST-3073,ORD-6443,2023-01-13,Europe,Mid Value,1,109.7,109.7,60.04,19.55,30.11
CUST-7170,ORD-6444,2023-01-11,North America,Low Value,2,414.51,829.03,579.63,24.55,224.85
CUST-1701,ORD-6445,2022-03-29,Europe,Mid Value,4,244.86,979.43,626.87,8.66,343.9
CUST-9113,ORD-6446,2023-09-16,North America,High Value,5,258.92,1294.6,673.05,21.65,599.9
CUST-7825,ORD-6447,2022-04-21,Africa,High Value,3,151.68,455.03,291.49,66.14,97.4
CUST-8867,ORD-6448,2023-08-07,Europe,High Value,4,164.07,656.28,354.01,61.77,240.51
CUST-5264,ORD-6449,2022-06-03,North America,High Value,5,60.4,302.02,181.81,11.15,109.06
CUST-8968,ORD-6450,2023-04-08,Asia,Mid Value,4,467.13,1868.51,1198.03,40.97,629.51
CUST-9146,ORD-6451,2023-07-23,Africa,High Value,2,203.3,406.59,258.27,27.64,120.68
CUST-8776,ORD-6452,2022-06-05,Africa,High Value,5,97.87,489.35,237.34,53.75,198.27
CUST-9558,ORD-6453,2023-09-17,Asia,High Value,4,88.33,353.32,231.91,77.1,44.31
CUST-9719,ORD-6454,2022-11-14,North America,Mid Value,3,215.55,646.66,440.21,52.3,154.16
CUST-5886,ORD-6455,2023-07-13,Africa,Low Value,5,323.46,1617.3,822.16,60.93,734.21
CUST-4935,ORD-6456,2022-08-26,North America,High Value,5,393.34,1966.68,1046.97,34.86,884.85
CUST-5619,ORD-6457,2022-11-30,Asia,High Value,4,463.81,1855.24,1270.0,7.45,577.79
CUST-6191,ORD-6458,2022-04-16,Europe,High Value,1,325.14,325.14,226.27,36.36,62.51
CUST-7875,ORD-6459,2023-04-27,Africa,Mid Value,3,221.92,665.75,375.07,43.31,247.37
CUST-8856,ORD-6460,2023-11-30,Africa,Mid Value,3,222.53,667.6,306.19,41.95,319.47
CUST-6401,ORD-6461,2023-11-02,North America,High Value,4,295.7,1182.8,808.12,22.52,352.17
CUST-4022,ORD-6462,2023-12-11,Africa,Low Value,2,278.26,556.52,253.97,40.62,261.93
CUST-6738,ORD-6463,2023-01-17,Europe,High Value,2,327.59,655.18,348.92,58.85,247.41
CUST-6984,ORD-6464,2023-11-20,Asia,Low Value,1,261.64,261.64,123.6,28.36,109.67
CUST-2770,ORD-6465,2022-09-18,Africa,Low Value,1,48.32,48.32,27.92,52.55,-32.16
CUST-9989,ORD-6466,2022-10-20,Asia,Mid Value,4,260.35,1041.4,478.41,16.49,546.49
CUST-4215,ORD-6467,2022-12-01,North America,Mid Value,2,30.82,61.63,31.21,25.85,4.57
CUST-7694,ORD-6468,2023-10-17,Europe,Mid Value,3,106.69,320.08,180.75,71.29,68.03
CUST-3976,ORD-6469,2023-12-10,Africa,Low Value,2,205.97,411.93,193.01,52.0,166.93
CUST-4737,ORD-6470,2023-04-21,Asia,Low Value,4,284.63,1138.51,649.07,11.44,478.0
CUST-1752,ORD-6471,2022-08-13,Europe,Low Value,2,108.71,217.43,112.25,24.85,80.33
CUST-2392,ORD-6472,2023-07-09,Asia,Mid Value,5,152.62,763.12,394.33,79.55,289.25
CUST-7789,ORD-6473,2023-03-30,North America,Mid Value,4,199.62,798.49,546.37,25.26,226.86
CUST-1677,ORD-6474,2023-10-25,Europe,Mid Value,5,114.66,573.32,356.92,48.54,167.86
CUST-1105,ORD-6475,2022-10-23,Europe,High Value,4,499.41,1997.63,1363.12,46.28,588.23
CUST-5753,ORD-6476,2023-07-29,North America,Low Value,3,406.26,1218.79,723.87,35.18,459.74
CUST-2946,ORD-6477,2023-10-04,North America,Low Value,4,409.25,1637.0,1107.91,7.53,521.56
CUST-6544,ORD-6478,2023-04-08,Africa,High Value,4,293.05,1172.22,772.91,26.33,372.98
CUST-2095,ORD-6479,2022-08-02,North America,Low Value,4,481.44,1925.74,1346.98,76.5,502.26
CUST-7985,ORD-6480,2023-08-08,North America,Low Value,4,371.46,1485.83,855.5,6.44,623.88
CUST-2782,ORD-6481,2023-09-08,Asia,High Value,1,178.82,178.82,111.59,58.68,8.56
CUST-5541,ORD-6482,2022-06-07,Europe,Low Value,5,313.05,1565.26,767.24,71.96,726.07
CUST-4257,ORD-6483,2022-09-29,Asia,Mid Value,4,280.98,1123.9,769.73,62.18,291.99
CUST-7213,ORD-6484,2022-08-26,North America,High Value,4,298.54,1194.15,656.41,29.24,508.5
CUST-5869,ORD-6485,2022-10-30,Africa,Low Value,1,412.51,412.51,280.16,44.04,88.31
CUST-2561,ORD-6486,2023-11-01,Asia,Mid Value,2,264.59,529.18,251.45,70.07,207.66
CUST-5006,ORD-6487,2023-09-13,Asia,Low Value,1,369.75,369.75,214.01,78.16,77.57
CUST-4981,ORD-6488,2023-06-05,Europe,High Value,1,140.29,140.29,63.18,12.28,64.83
CUST-6682,ORD-6489,2022-11-17,Europe,Mid Value,1,467.39,467.39,258.94,14.33,194.13
CUST-6782,ORD-6490,2022-02-28,Europe,Low Value,4,61.46,245.85,115.75,76.69,53.42
CUST-1943,ORD-6491,2022-12-24,Africa,High Value,1,496.92,496.92,279.41,70.45,147.06
CUST-5550,ORD-6492,2023-12-05,Africa,Low Value,1,323.68,323.68,190.63,20.83,112.22
CUST-1600,ORD-6493,2023-10-10,North America,Low Value,1,245.58,245.58,162.83,77.76,4.98
CUST-7376,ORD-6494,2022-09-08,North America,Mid Value,4,169.18,676.7,354.5,20.68,301.53
CUST-2524,ORD-6495,2023-03-12,Europe,Low Value,3,214.47,643.4,380.7,11.64,251.06
CUST-4766,ORD-6496,2022-05-26,Asia,High Value,3,395.56,1186.69,553.73,56.14,576.82
CUST-1250,ORD-6497,2022-12-18,Europe,High Value,2,86.93,173.86,117.94,45.48,10.43
CUST-1078,ORD-6498,2023-07-24,North America,Mid Value,4,141.29,565.16,318.14,22.97,224.04
CUST-4123,ORD-6499,2023-11-20,Asia,Mid Value,1,79.39,79.39,40.74,74.62,-35.97
CUST-8064,ORD-6500,2022-09-02,North America,Low Value,1,224.79,224.79,127.19,35.32,62.29
CUST-9417,ORD-6501,2023-07-14,Africa,High Value,1,205.87,205.87,117.42,35.22,53.23
CUST-2209,ORD-6502,2022-10-28,Europe,Mid Value,3,331.42,994.25,632.17,52.39,309.7
CUST-6153,ORD-6503,2023-03-14,Europe,Low Value,1,497.94,497.94,345.4,22.31,130.24
CUST-5898,ORD-6504,2022-04-10,Asia,Low Value,1,448.33,448.33,222.61,49.01,176.71
CUST-3178,ORD-6505,2023-12-26,Europe,High Value,3,442.58,1327.74,615.57,32.3,679.87
CUST-8610,ORD-6506,2023-04-25,North America,High Value,1,329.94,329.94,202.56,57.13,70.26
CUST-9895,ORD-6507,2023-02-19,North America,Low Value,2,149.89,299.78,201.2,23.58,75.01
CUST-3544,ORD-6508,2022-06-14,Africa,High Value,5,204.36,1021.81,604.15,18.91,398.74
CUST-6522,ORD-6509,2023-09-30,North America,Low Value,2,140.06,280.12,131.65,23.74,124.74
CUST-3370,ORD-6510,2022-10-29,Asia,Low Value,4,84.84,339.36,188.5,75.2,75.67
CUST-4281,ORD-6511,2022-05-01,North America,High Value,2,229.29,458.59,281.43,68.69,108.47
CUST-5710,ORD-6512,2022-03-29,Africa,Mid Value,2,450.82,901.63,479.68,67.17,354.79
CUST-1328,ORD-6513,2022-08-05,Africa,Low Value,3,377.04,1131.13,747.93,63.55,319.64
CUST-6579,ORD-6514,2023-07-27,Europe,High Value,4,492.72,1970.89,997.61,52.77,920.51
CUST-5228,ORD-6515,2022-06-28,Asia,Low Value,2,113.51,227.02,122.85,12.38,91.8
CUST-7794,ORD-6516,2023-12-03,North America,Low Value,5,260.26,1301.31,883.73,29.35,388.23
CUST-1120,ORD-6517,2022-06-12,Africa,Low Value,2,400.66,801.32,475.5,47.14,278.69
CUST-7749,ORD-6518,2023-08-16,North America,High Value,1,241.02,241.02,108.84,12.93,119.25
CUST-1964,ORD-6519,2022-06-19,Africa,High Value,3,190.43,571.28,291.93,7.26,272.09
CUST-5224,ORD-6520,2022-10-28,Europe,High Value,1,411.63,411.63,262.75,12.01,136.87
CUST-4675,ORD-6521,2023-01-09,Africa,Mid Value,4,226.55,906.19,419.58,13.11,473.51
CUST-6694,ORD-6522,2023-12-09,Europe,Low Value,4,458.22,1832.9,1279.85,13.22,539.84
CUST-3076,ORD-6523,2022-07-22,Asia,Mid Value,3,148.83,446.5,301.15,19.26,126.08
CUST-7865,ORD-6524,2022-02-16,North America,Low Value,2,450.3,900.6,455.66,42.43,402.5
CUST-6643,ORD-6525,2023-04-08,North America,High Value,4,153.66,614.64,414.19,26.41,174.04
CUST-9524,ORD-6526,2023-11-01,Europe,Low Value,5,158.99,794.95,496.74,69.51,228.7
CUST-6249,ORD-6527,2023-02-12,Asia,Low Value,3,221.88,665.64,370.32,70.71,224.61
CUST-2316,ORD-6528,2022-07-13,Europe,Low Value,1,267.59,267.59,133.54,74.02,60.04
CUST-2196,ORD-6529,2023-03-03,Africa,Mid Value,5,220.75,1103.74,551.93,40.34,511.47
CUST-4170,ORD-6530,2022-11-13,Europe,High Value,3,433.83,1301.49,778.97,63.05,459.47
CUST-1355,ORD-6531,2023-04-24,Asia,High Value,5,401.87,2009.37,1113.22,49.32,846.82
CUST-1028,ORD-6532,2023-02-25,Africa,Low Value,3,168.73,506.2,303.12,15.83,187.26
CUST-2013,ORD-6533,2022-09-26,North America,High Value,1,265.53,265.53,141.41,52.68,71.44
CUST-3024,ORD-6534,2023-04-26,North America,Mid Value,2,226.89,453.79,230.31,67.78,155.71
CUST-9490,ORD-6535,2023-12-12,North America,Mid Value,3,46.91,140.74,92.77,31.1,16.88
CUST-6839,ORD-6536,2022-09-20,Asia,High Value,4,379.11,1516.44,1031.2,61.0,424.24
CUST-6791,ORD-6537,2023-03-02,Asia,Mid Value,1,107.2,107.2,67.14,63.09,-23.03
CUST-1754,ORD-6538,2022-06-15,Asia,Mid Value,1,468.39,468.39,229.7,53.27,185.42
CUST-9961,ORD-6539,2023-11-23,Asia,High Value,5,210.93,1054.67,498.94,71.25,484.48
CUST-4735,ORD-6540,2023-03-04,Asia,High Value,4,318.68,1274.74,745.43,15.86,513.45
CUST-2238,ORD-6541,2023-12-05,Africa,Low Value,5,412.78,2063.92,1212.73,68.26,782.93
CUST-2906,ORD-6542,2023-02-01,Europe,Low Value,1,106.54,106.54,64.97,50.8,-9.23
CUST-8399,ORD-6543,2022-08-04,North America,Mid Value,3,279.75,839.24,567.78,69.17,202.28
CUST-8961,ORD-6544,2022-04-17,Asia,High Value,4,133.96,535.85,327.78,44.95,163.12
CUST-5601,ORD-6545,2022-04-08,North America,Mid Value,1,264.64,264.64,179.7,29.6,55.34
CUST-2460,ORD-6546,2023-04-27,Asia,High Value,4,298.13,1192.52,571.72,72.29,548.51
CUST-8669,ORD-6547,2023-05-14,North America,Mid Value,3,101.19,303.56,190.43,70.81,42.33
CUST-2416,ORD-6548,2022-08-18,Europe,Mid Value,2,298.79,597.59,407.47,25.08,165.04
CUST-8766,ORD-6549,2022-09-14,North America,Mid Value,5,238.36,1191.78,674.19,60.81,456.78
CUST-2428,ORD-6550,2022-02-12,North America,Low Value,5,270.56,1352.8,935.97,11.85,404.98
CUST-5378,ORD-6551,2022-08-30,Asia,High Value,1,454.38,454.38,267.24,11.45,175.7
CUST-8529,ORD-6552,2023-07-08,Africa,Mid Value,1,252.23,252.23,172.96,43.36,35.91
CUST-5474,ORD-6553,2022-04-05,Africa,Low Value,3,248.55,745.65,475.08,7.68,262.89
CUST-4071,ORD-6554,2022-07-07,North America,Mid Value,1,245.79,245.79,138.73,37.53,69.53
CUST-1555,ORD-6555,2023-01-20,Africa,Mid Value,1,319.09,319.09,146.33,64.31,108.46
CUST-9547,ORD-6556,2023-02-04,Europe,High Value,1,196.41,196.41,120.66,71.71,4.03
CUST-2563,ORD-6557,2023-05-21,Europe,Mid Value,4,404.65,1618.61,831.27,24.11,763.23
CUST-2040,ORD-6558,2022-06-16,Africa,High Value,4,157.3,629.22,328.55,10.77,289.89
CUST-3686,ORD-6559,2022-05-05,Africa,Low Value,2,163.78,327.56,149.02,52.3,126.24
CUST-3553,ORD-6560,2023-11-04,Europe,Low Value,4,302.6,1210.4,713.43,24.86,472.11
CUST-2779,ORD-6561,2022-03-28,Africa,Mid Value,5,144.75,723.73,378.02,6.76,338.95
CUST-1075,ORD-6562,2023-05-04,Africa,Low Value,2,63.17,126.35,87.89,14.84,23.62
CUST-5326,ORD-6563,2022-08-14,Asia,High Value,1,118.68,118.68,75.63,75.38,-32.33
CUST-6835,ORD-6564,2023-10-19,Asia,High Value,5,458.56,2292.78,1236.66,70.63,985.49
CUST-6057,ORD-6565,2022-12-11,Africa,Low Value,2,25.14,50.27,26.32,67.22,-43.27
CUST-3349,ORD-6566,2023-06-02,Africa,High Value,2,84.06,168.12,105.71,30.46,31.96
CUST-3773,ORD-6567,2022-01-31,Asia,High Value,5,383.86,1919.3,985.66,58.59,875.05
CUST-3262,ORD-6568,2023-12-10,Asia,Mid Value,2,490.33,980.67,551.14,76.78,352.75
CUST-4229,ORD-6569,2022-10-23,Africa,Mid Value,5,350.33,1751.64,858.47,47.57,845.6
CUST-1392,ORD-6570,2023-02-18,Asia,High Value,2,462.72,925.44,475.24,29.98,420.22
CUST-2108,ORD-6571,2022-05-15,Europe,Low Value,2,430.51,861.03,408.64,64.95,387.44
CUST-5362,ORD-6572,2023-06-09,North America,High Value,2,250.39,500.77,278.82,37.28,184.67
CUST-6188,ORD-6573,2022-01-04,Europe,Mid Value,5,180.09,900.46,613.84,48.3,238.32
CUST-9802,ORD-6574,2022-06-27,Asia,Low Value,2,323.47,646.95,307.44,45.59,293.92
CUST-6057,ORD-6575,2022-09-16,Europe,High Value,4,276.11,1104.42,617.74,21.31,465.38
CUST-4998,ORD-6576,2023-10-14,North America,Low Value,4,32.4,129.59,67.98,5.05,56.56
CUST-9864,ORD-6577,2022-03-06,Asia,Low Value,4,479.5,1918.01,1037.15,79.91,800.95
CUST-7566,ORD-6578,2022-12-29,Europe,Low Value,4,293.72,1174.87,755.29,36.26,383.32
CUST-4677,ORD-6579,2023-12-18,Europe,High Value,4,439.76,1759.02,982.87,26.29,749.86
CUST-6796,ORD-6580,2022-01-17,North America,Mid Value,1,372.62,372.62,228.27,62.44,81.91
CUST-7363,ORD-6581,2022-07-19,Asia,Low Value,2,183.6,367.2,254.49,49.44,63.27
CUST-9123,ORD-6582,2023-06-28,Africa,Low Value,3,452.56,1357.67,820.19,71.03,466.45
CUST-9222,ORD-6583,2022-07-31,Asia,High Value,1,399.4,399.4,213.42,63.58,122.4
CUST-8690,ORD-6584,2023-03-11,North America,Mid Value,5,226.3,1131.5,621.66,26.13,483.71
CUST-2400,ORD-6585,2022-09-30,North America,Mid Value,1,423.43,423.43,264.21,49.42,109.8
CUST-5071,ORD-6586,2022-10-17,North America,High Value,3,150.35,451.04,281.26,42.7,127.07
CUST-9808,ORD-6587,2023-04-28,North America,Low Value,1,341.93,341.93,185.33,76.63,79.96
CUST-3786,ORD-6588,2022-08-22,Africa,High Value,2,75.0,150.0,94.67,22.97,32.36
CUST-8169,ORD-6589,2023-02-12,Asia,Mid Value,4,435.57,1742.27,1023.84,26.29,692.15
CUST-1870,ORD-6590,2023-11-25,Asia,Low Value,2,370.13,740.26,514.56,74.03,151.67
CUST-5196,ORD-6591,2022-05-26,Europe,Low Value,1,93.23,93.23,63.12,39.34,-9.22
CUST-3739,ORD-6592,2023-07-16,Africa,Mid Value,3,30.24,90.72,59.51,39.29,-8.08
CUST-1940,ORD-6593,2023-03-06,Africa,Low Value,5,207.14,1035.68,474.95,70.12,490.62
CUST-1340,ORD-6594,2023-03-08,Europe,High Value,2,344.13,688.26,375.18,27.2,285.88
CUST-8422,ORD-6595,2023-09-07,Europe,Mid Value,3,155.91,467.73,277.52,57.27,132.95
CUST-5133,ORD-6596,2023-06-29,Asia,Mid Value,5,487.16,2435.81,1413.76,59.11,962.94
CUST-1659,ORD-6597,2023-05-12,Asia,Low Value,4,468.65,1874.59,1201.41,38.18,635.0
CUST-4457,ORD-6598,2022-03-30,Asia,Mid Value,2,307.01,614.02,415.86,30.05,168.12
CUST-3975,ORD-6599,2023-02-15,Africa,High Value,2,171.49,342.98,221.83,61.0,60.14
CUST-1453,ORD-6600,2022-08-29,Africa,Mid Value,4,450.21,1800.84,909.51,24.19,867.13
CUST-9184,ORD-6601,2022-08-11,Europe,Low Value,4,405.67,1622.66,927.2,66.45,629.02
CUST-6442,ORD-6602,2023-10-27,North America,Mid Value,1,61.35,61.35,33.65,36.23,-8.52
CUST-1818,ORD-6603,2023-04-13,North America,Low Value,5,248.63,1243.17,797.56,6.38,439.24
CUST-5868,ORD-6604,2023-07-23,North America,Low Value,3,490.98,1472.95,992.45,47.7,432.81
CUST-1012,ORD-6605,2022-11-18,North America,High Value,4,237.87,951.5,496.4,19.58,435.51
CUST-8727,ORD-6606,2023-01-10,North America,Mid Value,1,467.8,467.8,267.69,39.99,160.12
CUST-1920,ORD-6607,2022-04-22,Asia,High Value,5,489.1,2445.49,1547.95,65.63,831.92
CUST-5920,ORD-6608,2023-06-11,Europe,High Value,5,205.93,1029.66,476.21,19.25,534.2
CUST-3418,ORD-6609,2023-02-16,North America,Mid Value,2,482.99,965.98,667.27,20.61,278.1
CUST-7475,ORD-6610,2022-09-26,North America,High Value,1,86.21,86.21,56.04,40.54,-10.36
CUST-3017,ORD-6611,2023-09-18,North America,High Value,1,96.86,96.86,56.73,40.74,-0.61
CUST-8957,ORD-6612,2022-09-09,Asia,Low Value,2,152.74,305.48,196.93,39.03,69.52
CUST-5792,ORD-6613,2023-01-09,North America,High Value,3,244.43,733.28,483.3,57.09,192.9
CUST-7830,ORD-6614,2023-10-16,Europe,Mid Value,4,106.89,427.57,245.19,25.18,157.19
CUST-3434,ORD-6615,2023-09-18,Asia,Low Value,2,183.29,366.57,205.29,24.54,136.74
CUST-3868,ORD-6616,2023-03-26,Asia,High Value,4,69.75,279.01,183.99,6.68,88.35
CUST-2438,ORD-6617,2023-06-21,Africa,High Value,1,226.4,226.4,150.54,33.63,42.23
CUST-4543,ORD-6618,2023-01-03,Africa,Mid Value,2,417.19,834.38,401.26,19.68,413.44
CUST-2781,ORD-6619,2022-09-12,Asia,High Value,3,305.63,916.88,620.69,49.37,246.82
CUST-7343,ORD-6620,2023-04-08,North America,Mid Value,4,408.88,1635.51,849.15,18.59,767.77
CUST-3263,ORD-6621,2022-09-25,North America,High Value,4,85.14,340.57,210.06,72.09,58.42
CUST-1211,ORD-6622,2022-05-06,North America,High Value,4,211.73,846.92,531.29,68.68,246.95
CUST-9699,ORD-6623,2023-01-28,North America,Mid Value,1,38.88,38.88,20.21,62.39,-43.72
CUST-7159,ORD-6624,2022-11-30,Africa,Low Value,4,197.59,790.36,415.76,65.64,308.96
CUST-8027,ORD-6625,2023-07-19,Europe,Mid Value,5,314.96,1574.79,986.73,76.97,511.1
CUST-1331,ORD-6626,2023-01-03,Asia,Low Value,4,293.06,1172.23,578.81,28.99,564.43
CUST-7860,ORD-6627,2023-07-09,North America,Low Value,1,48.95,48.95,32.54,78.49,-62.07
CUST-9044,ORD-6628,2023-11-09,Africa,Mid Value,2,49.79,99.58,50.36,71.79,-22.57
CUST-9169,ORD-6629,2023-07-08,Europe,Mid Value,4,166.43,665.73,358.02,32.14,275.56
CUST-9742,ORD-6630,2023-04-01,Asia,High Value,4,390.27,1561.09,806.56,69.81,684.72
CUST-6720,ORD-6631,2023-11-19,Asia,High Value,2,29.88,59.75,30.55,72.3,-43.1
CUST-1727,ORD-6632,2022-03-08,Asia,Low Value,5,315.65,1578.23,1096.42,7.71,474.1
CUST-5975,ORD-6633,2022-03-07,North America,High Value,1,108.18,108.18,55.53,70.7,-18.05
CUST-4243,ORD-6634,2023-08-18,Asia,Mid Value,2,473.27,946.54,562.8,37.49,346.25
CUST-1648,ORD-6635,2023-09-09,North America,Low Value,1,226.5,226.5,144.13,65.85,16.52
CUST-6095,ORD-6636,2023-02-04,Europe,High Value,2,42.98,85.97,39.59,13.34,33.04
CUST-7614,ORD-6637,2022-10-14,Africa,High Value,3,362.55,1087.64,729.15,17.91,340.58
CUST-8135,ORD-6638,2022-07-05,Africa,Mid Value,5,252.61,1263.06,616.66,78.41,568.0
CUST-2009,ORD-6639,2022-10-11,Africa,Mid Value,3,443.0,1328.99,793.43,36.21,499.35
CUST-2550,ORD-6640,2023-05-31,Asia,High Value,2,332.88,665.75,406.3,64.88,194.57
CUST-9995,ORD-6641,2023-10-12,Africa,Low Value,2,352.41,704.82,428.1,61.27,215.45
CUST-8492,ORD-6642,2023-11-22,Europe,Low Value,1,388.28,388.28,245.92,63.95,78.41
CUST-4401,ORD-6643,2022-08-25,North America,Mid Value,2,221.77,443.54,302.85,62.35,78.34
CUST-8447,ORD-6644,2022-01-18,Africa,Mid Value,1,400.42,400.42,272.98,73.55,53.9
CUST-6424,ORD-6645,2023-02-18,North America,Mid Value,1,44.3,44.3,26.34,49.44,-31.48
CUST-5241,ORD-6646,2022-01-09,North America,High Value,2,387.45,774.91,420.37,36.91,317.63
CUST-4161,ORD-6647,2023-02-24,Africa,High Value,1,325.43,325.43,172.6,74.39,78.44
CUST-5155,ORD-6648,2022-01-29,Africa,Mid Value,5,292.0,1460.0,980.64,31.77,447.59
CUST-8478,ORD-6649,2023-10-18,Africa,Low Value,3,172.71,518.14,343.67,52.3,122.16
CUST-9719,ORD-6650,2022-12-14,Asia,Mid Value,2,74.77,149.55,78.36,69.14,2.05
CUST-7617,ORD-6651,2023-10-23,Africa,Mid Value,1,330.66,330.66,161.39,73.7,95.57
CUST-6660,ORD-6652,2023-07-30,Asia,Low Value,1,246.4,246.4,163.93,76.21,6.27
CUST-9624,ORD-6653,2023-03-26,Europe,Low Value,1,124.57,124.57,75.0,54.49,-4.93
CUST-2176,ORD-6654,2023-01-15,North America,Low Value,1,40.82,40.82,21.56,59.02,-39.76
CUST-8956,ORD-6655,2023-11-30,Europe,Low Value,5,278.61,1393.04,839.53,42.31,511.19
CUST-9592,ORD-6656,2023-01-01,Africa,High Value,2,80.62,161.24,75.23,26.37,59.65
CUST-3233,ORD-6657,2022-08-15,North America,High Value,2,466.12,932.24,463.82,6.21,462.21
CUST-5700,ORD-6658,2022-04-28,Africa,Mid Value,5,92.3,461.52,270.65,21.65,169.21
CUST-6906,ORD-6659,2023-02-16,Africa,High Value,5,35.37,176.86,103.43,78.5,-5.06
CUST-8860,ORD-6660,2022-12-22,North America,Mid Value,5,145.78,728.91,372.96,65.48,290.47
CUST-8526,ORD-6661,2022-09-11,Europe,Mid Value,2,103.98,207.96,144.64,40.93,22.39
CUST-6559,ORD-6662,2023-06-27,Africa,Low Value,4,399.79,1599.18,884.52,30.77,683.89
CUST-7732,ORD-6663,2023-11-04,North America,Low Value,3,158.88,476.65,298.93,9.83,167.9
CUST-3513,ORD-6664,2023-12-28,Europe,High Value,5,137.72,688.58,354.35,5.76,328.47
CUST-8830,ORD-6665,2023-03-20,Asia,High Value,5,497.51,2487.54,1383.37,61.63,1042.54
CUST-7944,ORD-6666,2023-11-12,Europe,High Value,2,92.03,184.06,121.08,78.92,-15.93
CUST-8910,ORD-6667,2022-03-22,Europe,High Value,2,60.8,121.6,80.52,24.04,17.04
CUST-6649,ORD-6668,2022-02-15,North America,Low Value,3,166.7,500.1,241.96,25.59,232.55
CUST-2096,ORD-6669,2022-02-18,Europe,Low Value,1,214.44,214.44,115.51,75.1,23.83
CUST-2951,ORD-6670,2023-03-25,Asia,High Value,2,385.0,770.01,385.61,50.15,334.24
CUST-8799,ORD-6671,2023-02-11,Asia,Mid Value,3,478.61,1435.84,965.7,18.04,452.11
CUST-9804,ORD-6672,2022-10-10,Africa,Low Value,2,386.57,773.13,493.62,8.43,271.09
CUST-1595,ORD-6673,2023-04-18,Asia,Low Value,2,368.79,737.57,435.78,47.27,254.53
CUST-8875,ORD-6674,2023-02-20,Africa,Low Value,2,495.89,991.79,607.49,38.94,345.36
CUST-5439,ORD-6675,2023-08-23,Asia,Low Value,4,387.37,1549.5,1051.39,37.41,460.7
CUST-6972,ORD-6676,2022-05-01,Europe,High Value,4,86.98,347.9,182.93,77.69,87.27
CUST-1858,ORD-6677,2022-01-03,Africa,High Value,5,241.53,1207.67,547.58,24.72,635.37
CUST-6519,ORD-6678,2022-11-12,Asia,Mid Value,4,261.68,1046.73,477.92,41.6,527.2
CUST-8385,ORD-6679,2023-04-05,Europe,Low Value,3,166.31,498.93,230.34,21.0,247.59
CUST-9636,ORD-6680,2022-08-15,Europe,High Value,2,98.85,197.7,95.32,29.13,73.25
CUST-5317,ORD-6681,2022-03-20,Africa,High Value,4,361.64,1446.54,857.39,62.44,526.71
CUST-4454,ORD-6682,2023-10-19,North America,Low Value,2,153.2,306.39,213.03,19.8,73.57
CUST-2030,ORD-6683,2023-06-28,Europe,High Value,1,319.83,319.83,177.5,55.74,86.6
CUST-8906,ORD-6684,2023-12-24,Europe,High Value,5,174.84,874.22,549.1,14.72,310.39
CUST-2447,ORD-6685,2022-03-12,North America,High Value,4,262.99,1051.97,681.73,19.29,350.96
CUST-3850,ORD-6686,2022-07-16,Africa,Mid Value,2,181.79,363.57,236.45,6.73,120.39
CUST-9106,ORD-6687,2022-02-27,Asia,High Value,1,217.64,217.64,122.06,52.28,43.3
CUST-8151,ORD-6688,2023-02-28,Asia,Low Value,5,371.39,1856.96,1090.94,79.27,686.75
CUST-7952,ORD-6689,2023-04-14,Europe,Low Value,5,444.24,2221.18,1182.09,54.24,984.86
CUST-5055,ORD-6690,2023-09-16,North America,Low Value,1,264.2,264.2,164.32,74.25,25.63
CUST-6402,ORD-6691,2022-02-17,Europe,High Value,4,312.92,1251.68,683.06,44.48,524.14
CUST-2672,ORD-6692,2023-03-11,Africa,Mid Value,4,434.92,1739.67,918.14,56.02,765.51
CUST-5532,ORD-6693,2022-07-04,Europe,High Value,2,88.75,177.49,107.71,74.41,-4.63
CUST-5924,ORD-6694,2022-06-14,Asia,Low Value,3,97.86,293.57,157.15,11.47,124.95
CUST-7085,ORD-6695,2023-12-28,North America,Mid Value,2,192.43,384.87,212.45,49.81,122.61
CUST-8734,ORD-6696,2022-11-27,Africa,Mid Value,2,168.35,336.71,211.36,48.16,77.18
CUST-5864,ORD-6697,2022-11-26,Europe,High Value,2,493.46,986.92,654.66,7.49,324.78
CUST-2221,ORD-6698,2022-05-01,Asia,Low Value,1,290.76,290.76,162.45,16.71,111.6
CUST-3860,ORD-6699,2022-08-01,Europe,High Value,5,271.48,1357.38,788.02,46.43,522.93
CUST-9428,ORD-6700,2023-05-22,Asia,Low Value,5,297.78,1488.92,947.84,42.33,498.76
CUST-4253,ORD-6701,2023-07-07,North America,Mid Value,3,440.07,1320.22,668.35,30.79,621.09
CUST-4782,ORD-6702,2022-06-17,Africa,High Value,4,136.9,547.61,303.24,57.33,187.04
CUST-7957,ORD-6703,2023-06-30,Europe,Mid Value,2,265.26,530.53,346.36,32.02,152.15
CUST-1766,ORD-6704,2023-03-03,Africa,Low Value,1,150.06,150.06,101.09,62.67,-13.69
CUST-3681,ORD-6705,2023-12-10,North America,Mid Value,1,394.68,394.68,241.24,65.69,87.75
CUST-8710,ORD-6706,2023-12-04,Asia,Mid Value,2,393.02,786.03,431.02,53.34,301.67
CUST-8482,ORD-6707,2022-08-09,North America,Mid Value,1,479.57,479.57,288.45,25.92,165.19
CUST-6086,ORD-6708,2022-01-10,North America,High Value,1,234.47,234.47,116.0,65.2,53.28
CUST-8964,ORD-6709,2022-04-30,Africa,Low Value,2,96.15,192.31,87.95,23.88,80.48
CUST-3665,ORD-6710,2023-09-27,North America,Mid Value,3,450.28,1350.83,633.07,27.73,690.03
CUST-4513,ORD-6711,2022-09-04,Europe,Mid Value,1,447.49,447.49,213.47,50.66,183.36
CUST-1495,ORD-6712,2022-12-26,Asia,Mid Value,5,132.64,663.21,335.86,56.68,270.67
CUST-6822,ORD-6713,2022-08-09,North America,Mid Value,5,152.61,763.05,431.45,32.85,298.75
CUST-3072,ORD-6714,2023-05-21,Europe,Low Value,5,170.44,852.19,432.98,49.35,369.86
CUST-8795,ORD-6715,2022-02-27,Asia,Low Value,2,236.84,473.68,282.44,23.6,167.65
CUST-9529,ORD-6716,2023-04-05,Africa,High Value,5,417.94,2089.7,1461.9,64.61,563.19
CUST-4949,ORD-6717,2022-05-08,Asia,Low Value,4,89.3,357.19,205.22,79.41,72.56
CUST-7033,ORD-6718,2023-11-30,Africa,Low Value,1,356.19,356.19,227.68,57.38,71.13
CUST-9328,ORD-6719,2023-12-18,Asia,Mid Value,3,189.34,568.03,297.14,28.95,241.94
CUST-3555,ORD-6720,2022-03-27,North America,High Value,5,113.92,569.59,393.43,31.16,145.01
CUST-7370,ORD-6721,2022-04-14,Africa,High Value,2,182.45,364.9,186.93,7.29,170.68
CUST-5415,ORD-6722,2022-05-23,Africa,Mid Value,3,275.97,827.92,496.05,53.52,278.34
CUST-6959,ORD-6723,2022-07-24,Africa,High Value,2,462.28,924.56,643.34,50.0,231.22
CUST-6993,ORD-6724,2023-10-03,North America,Low Value,3,321.57,964.71,629.05,76.59,259.06
CUST-6021,ORD-6725,2022-02-07,North America,High Value,3,311.4,934.2,652.08,35.16,246.96
CUST-3907,ORD-6726,2022-12-29,Asia,Mid Value,1,72.2,72.2,39.34,74.97,-42.12
CUST-3914,ORD-6727,2023-09-13,Asia,High Value,3,58.3,174.91,82.11,62.02,30.79
CUST-4870,ORD-6728,2022-11-05,North America,High Value,4,82.14,328.57,167.86,26.6,134.11
CUST-6085,ORD-6729,2022-02-21,North America,High Value,4,65.86,263.45,181.62,6.23,75.59
CUST-7546,ORD-6730,2022-01-01,Africa,Mid Value,4,296.65,1186.62,643.91,59.5,483.21
CUST-1395,ORD-6731,2022-01-11,Asia,Low Value,2,237.26,474.51,228.33,42.23,203.95
CUST-1938,ORD-6732,2023-10-02,Asia,High Value,1,22.4,22.4,13.4,77.14,-68.14
CUST-3510,ORD-6733,2022-08-02,Africa,Low Value,2,188.51,377.02,216.83,6.66,153.54
CUST-5636,ORD-6734,2023-07-10,Africa,Low Value,5,81.13,405.67,188.89,44.14,172.64
CUST-2649,ORD-6735,2023-06-02,Africa,Low Value,4,494.3,1977.19,1113.63,64.16,799.4
CUST-4690,ORD-6736,2023-10-30,Europe,High Value,1,240.88,240.88,146.5,64.23,30.14
CUST-4435,ORD-6737,2023-02-19,Europe,Low Value,4,224.54,898.16,456.42,55.4,386.34
CUST-4201,ORD-6738,2022-01-08,North America,High Value,1,329.2,329.2,158.38,34.58,136.24
CUST-5179,ORD-6739,2022-01-05,Asia,High Value,2,191.4,382.81,255.03,10.04,117.74
CUST-9405,ORD-6740,2022-12-28,Africa,High Value,2,363.45,726.89,440.76,27.63,258.5
CUST-4237,ORD-6741,2023-11-25,Africa,Low Value,4,454.3,1817.2,888.28,53.84,875.09
CUST-4862,ORD-6742,2022-04-22,Asia,High Value,3,259.47,778.41,472.71,62.83,242.87
CUST-1058,ORD-6743,2022-09-30,Europe,Mid Value,1,203.8,203.8,129.17,66.3,8.33
CUST-5938,ORD-6744,2023-02-26,Asia,Mid Value,5,270.51,1352.55,810.7,63.06,478.8
CUST-3971,ORD-6745,2022-09-22,North America,Mid Value,3,309.71,929.12,445.08,29.28,454.75
CUST-9314,ORD-6746,2023-04-03,Europe,High Value,2,426.9,853.79,410.83,57.06,385.9
CUST-4345,ORD-6747,2022-07-31,Asia,Mid Value,1,209.35,209.35,96.57,77.68,35.1
CUST-3486,ORD-6748,2022-03-19,Asia,High Value,3,44.69,134.06,68.17,15.24,50.65
CUST-1561,ORD-6749,2023-10-28,North America,High Value,5,322.75,1613.76,750.26,59.85,803.65
CUST-4981,ORD-6750,2022-08-09,Asia,High Value,3,493.7,1481.1,964.68,35.75,480.67
CUST-7261,ORD-6751,2023-01-04,Europe,Low Value,5,430.03,2150.17,975.86,21.87,1152.44
CUST-2737,ORD-6752,2022-12-13,Africa,Mid Value,2,383.96,767.93,457.11,29.0,281.81
CUST-4554,ORD-6753,2022-01-25,Africa,High Value,1,104.72,104.72,68.33,17.49,18.91
CUST-8095,ORD-6754,2023-02-24,Africa,Mid Value,2,379.34,758.67,511.13,66.15,181.39
CUST-9266,ORD-6755,2022-12-20,Europe,Mid Value,1,59.11,59.11,32.65,34.06,-7.6
CUST-1294,ORD-6756,2023-12-21,Asia,Low Value,3,257.08,771.24,466.78,75.32,229.14
CUST-9212,ORD-6757,2023-02-21,Asia,Mid Value,2,198.03,396.06,272.41,77.48,46.18
CUST-6330,ORD-6758,2023-05-30,Asia,High Value,1,454.54,454.54,280.86,77.43,96.25
CUST-5655,ORD-6759,2022-08-03,Asia,High Value,5,96.72,483.61,326.57,16.68,140.36
CUST-2109,ORD-6760,2022-04-22,Africa,Mid Value,1,398.66,398.66,247.6,30.98,120.09
CUST-4771,ORD-6761,2023-12-05,Europe,Mid Value,2,43.29,86.57,40.43,28.28,17.86
CUST-9563,ORD-6762,2023-07-13,North America,Low Value,2,356.84,713.68,356.29,74.2,283.2
CUST-7123,ORD-6763,2023-03-04,Europe,High Value,3,161.01,483.04,330.94,11.49,140.62
CUST-8647,ORD-6764,2023-11-30,Asia,Mid Value,5,488.44,2442.19,1614.45,49.15,778.59
CUST-2174,ORD-6765,2023-07-16,Asia,Mid Value,1,342.44,342.44,190.29,41.4,110.75
CUST-2164,ORD-6766,2023-12-10,Europe,High Value,2,168.27,336.55,165.0,78.22,93.33
CUST-9712,ORD-6767,2022-08-04,Europe,Mid Value,1,133.05,133.05,65.1,77.25,-9.3
CUST-5466,ORD-6768,2023-02-17,Africa,Low Value,4,326.87,1307.47,884.13,36.8,386.54
CUST-6538,ORD-6769,2023-01-15,Asia,Mid Value,5,150.91,754.55,370.9,38.1,345.55
CUST-8111,ORD-6770,2023-08-25,Europe,Mid Value,5,109.67,548.33,299.7,33.84,214.79
CUST-9434,ORD-6771,2022-08-20,Asia,Low Value,4,330.88,1323.53,893.65,64.19,365.69
CUST-3800,ORD-6772,2022-09-15,Europe,Low Value,5,367.66,1838.29,842.59,12.51,983.18
CUST-5607,ORD-6773,2023-10-27,Asia,Low Value,4,134.25,537.01,326.34,13.71,196.97
CUST-8262,ORD-6774,2022-09-13,Europe,High Value,1,277.22,277.22,149.05,57.85,70.32
CUST-2541,ORD-6775,2023-02-07,Asia,Mid Value,4,338.54,1354.17,645.87,6.25,702.05
CUST-3765,ORD-6776,2023-02-28,North America,Mid Value,3,472.12,1416.36,838.32,55.33,522.72
CUST-5491,ORD-6777,2022-03-06,Africa,Low Value,4,405.65,1622.59,926.87,14.65,681.07
CUST-4083,ORD-6778,2022-07-09,North America,High Value,1,221.99,221.99,105.4,63.96,52.63
CUST-6356,ORD-6779,2023-08-26,Africa,Low Value,5,425.32,2126.58,1099.02,60.47,967.08
CUST-2857,ORD-6780,2022-06-22,Africa,Mid Value,3,232.01,696.04,442.05,18.67,235.32
CUST-1769,ORD-6781,2023-09-20,Europe,High Value,4,82.46,329.84,210.76,61.77,57.32
CUST-2422,ORD-6782,2023-07-15,North America,High Value,1,183.73,183.73,110.18,64.27,9.28
CUST-9598,ORD-6783,2022-08-15,Africa,Mid Value,3,406.27,1218.8,582.13,74.42,562.26
CUST-3972,ORD-6784,2023-08-04,Asia,High Value,3,478.79,1436.36,952.7,59.33,424.33
CUST-2872,ORD-6785,2023-01-23,Europe,High Value,3,492.12,1476.36,728.11,70.07,678.18
CUST-6599,ORD-6786,2023-02-05,Europe,Low Value,4,326.77,1307.06,823.76,52.81,430.5
CUST-3269,ORD-6787,2023-09-30,Asia,High Value,1,249.6,249.6,114.98,51.91,82.71
CUST-6275,ORD-6788,2022-08-01,Asia,Low Value,1,97.79,97.79,52.12,55.65,-9.98
CUST-5749,ORD-6789,2022-02-22,Africa,High Value,1,69.21,69.21,39.42,35.48,-5.69
CUST-7571,ORD-6790,2023-09-16,Asia,Low Value,2,268.88,537.76,245.75,22.14,269.87
CUST-6072,ORD-6791,2023-11-02,Europe,Low Value,5,369.33,1846.67,910.2,36.0,900.47
CUST-6463,ORD-6792,2023-10-24,Asia,High Value,1,175.48,175.48,92.96,49.5,33.02
CUST-8450,ORD-6793,2022-05-19,North America,Low Value,2,343.84,687.69,478.38,56.75,152.56
CUST-9420,ORD-6794,2023-02-22,Europe,Mid Value,2,293.99,587.98,379.17,39.25,169.56
CUST-4959,ORD-6795,2023-09-17,Asia,Mid Value,3,471.56,1414.68,933.93,29.76,450.99
CUST-2313,ORD-6796,2022-05-23,Europe,High Value,5,120.59,602.94,371.94,23.52,207.48
CUST-8847,ORD-6797,2023-05-24,Africa,High Value,3,303.71,911.12,476.61,18.74,415.78
CUST-2070,ORD-6798,2023-10-12,North America,High Value,5,218.62,1093.11,685.78,40.73,366.61
CUST-4285,ORD-6799,2023-05-01,Africa,Mid Value,3,145.56,436.67,270.05,57.98,108.64
CUST-9949,ORD-6800,2023-03-13,North America,High Value,4,191.5,766.0,461.51,67.24,237.26
CUST-4095,ORD-6801,2023-06-27,Asia,High Value,5,161.38,806.88,423.28,30.9,352.71
CUST-1320,ORD-6802,2022-10-20,Europe,Low Value,2,273.27,546.54,281.91,50.84,213.8
CUST-3321,ORD-6803,2023-09-12,Asia,High Value,2,287.87,575.73,307.48,40.83,227.42
CUST-1555,ORD-6804,2022-10-11,Africa,Mid Value,5,435.46,2177.3,1149.83,77.47,950.0
CUST-5939,ORD-6805,2023-11-02,Europe,Mid Value,3,395.03,1185.08,556.35,71.18,557.56
CUST-6432,ORD-6806,2022-01-14,Asia,High Value,4,165.21,660.83,429.92,71.17,159.74
CUST-2386,ORD-6807,2023-09-26,Asia,Mid Value,4,467.04,1868.14,1013.12,48.44,806.58
CUST-5763,ORD-6808,2023-12-28,Europe,Low Value,1,436.81,436.81,273.73,37.76,125.32
CUST-7854,ORD-6809,2022-09-29,Europe,Low Value,5,320.41,1602.07,833.05,53.89,715.14
CUST-8637,ORD-6810,2022-01-25,Africa,High Value,4,28.94,115.77,69.52,16.97,29.27
CUST-5841,ORD-6811,2022-11-18,North America,High Value,3,120.39,361.16,165.65,71.22,124.28
CUST-4867,ORD-6812,2023-11-12,North America,Low Value,3,398.87,1196.62,570.2,25.34,601.08
CUST-4793,ORD-6813,2022-04-13,Europe,Low Value,2,237.81,475.61,257.37,67.02,151.22
CUST-8373,ORD-6814,2022-02-09,North America,High Value,4,80.46,321.82,166.44,27.39,127.99
CUST-3513,ORD-6815,2022-08-23,Africa,Mid Value,4,215.96,863.86,465.06,44.15,354.65
CUST-4803,ORD-6816,2022-03-30,North America,High Value,3,121.71,365.14,249.27,62.92,52.95
CUST-3327,ORD-6817,2022-04-10,Europe,High Value,2,448.43,896.86,420.16,34.53,442.18
CUST-9809,ORD-6818,2022-05-24,Africa,High Value,4,446.84,1787.38,1011.09,31.85,744.44
CUST-3165,ORD-6819,2022-03-23,Europe,High Value,3,205.79,617.37,308.42,71.59,237.36
CUST-4308,ORD-6820,2023-08-12,Africa,High Value,2,85.95,171.9,92.65,10.17,69.08
CUST-7452,ORD-6821,2023-07-25,Africa,High Value,2,192.24,384.48,238.09,68.12,78.27
CUST-9067,ORD-6822,2022-08-17,Europe,High Value,3,81.8,245.39,170.11,74.61,0.66
CUST-8642,ORD-6823,2023-08-26,Asia,Mid Value,2,165.94,331.88,206.99,47.24,77.66
CUST-7404,ORD-6824,2023-01-30,Europe,High Value,2,390.17,780.33,523.77,57.2,199.37
CUST-1992,ORD-6825,2023-05-28,Africa,Low Value,1,160.13,160.13,77.96,69.61,12.57
CUST-6424,ORD-6826,2022-07-16,Europe,High Value,2,281.22,562.43,278.6,37.66,246.17
CUST-5381,ORD-6827,2022-10-01,Europe,Mid Value,4,77.06,308.24,206.27,70.91,31.06
CUST-4174,ORD-6828,2023-08-13,Africa,Low Value,2,186.86,373.72,224.94,32.92,115.87
CUST-5782,ORD-6829,2023-10-15,North America,High Value,4,39.03,156.1,101.16,27.99,26.96
CUST-6560,ORD-6830,2023-08-06,Africa,High Value,3,283.12,849.36,429.54,78.74,341.09
CUST-8460,ORD-6831,2023-07-16,Europe,Low Value,2,186.86,373.72,200.74,7.34,165.64
CUST-4078,ORD-6832,2023-01-07,Africa,High Value,3,438.56,1315.69,618.71,28.97,668.01
CUST-3983,ORD-6833,2022-03-21,Africa,Mid Value,5,208.43,1042.13,702.29,39.39,300.45
CUST-8259,ORD-6834,2022-08-23,North America,High Value,2,287.73,575.46,396.55,28.32,150.6
CUST-7054,ORD-6835,2022-10-14,Asia,Mid Value,3,488.79,1466.37,974.2,26.16,466.0
CUST-3523,ORD-6836,2023-10-29,Europe,High Value,5,328.5,1642.49,918.64,32.8,691.05
CUST-5581,ORD-6837,2023-07-26,Europe,Low Value,4,260.23,1040.91,557.18,34.85,448.87
CUST-6609,ORD-6838,2023-06-29,North America,Mid Value,4,67.1,268.4,151.82,10.37,106.21
CUST-3001,ORD-6839,2023-03-13,Africa,High Value,4,414.06,1656.25,1009.33,63.14,583.78
CUST-2387,ORD-6840,2022-05-07,Asia,High Value,4,328.34,1313.38,732.7,17.62,563.06
CUST-7552,ORD-6841,2023-12-13,Europe,Low Value,4,72.09,288.37,160.16,8.08,120.13
CUST-2030,ORD-6842,2023-02-21,Asia,Low Value,1,137.92,137.92,76.93,49.28,11.72
CUST-2220,ORD-6843,2023-09-30,Asia,Mid Value,3,278.07,834.21,530.68,55.14,248.39
CUST-7035,ORD-6844,2022-02-10,Africa,Mid Value,5,41.63,208.15,134.61,62.02,11.52
CUST-7523,ORD-6845,2023-04-14,Africa,Mid Value,5,364.79,1823.94,1217.73,11.58,594.63
CUST-9074,ORD-6846,2022-10-24,Africa,High Value,2,129.34,258.68,132.12,17.88,108.68
CUST-1834,ORD-6847,2023-08-20,Europe,High Value,3,255.06,765.18,374.46,18.67,372.05
CUST-2724,ORD-6848,2023-08-24,Asia,Mid Value,1,135.99,135.99,72.93,49.52,13.54
CUST-7598,ORD-6849,2022-02-11,Asia,High Value,1,254.81,254.81,141.45,71.73,41.63
CUST-3413,ORD-6850,2023-09-24,Europe,Low Value,3,111.05,333.14,208.37,57.98,66.79
CUST-6993,ORD-6851,2022-10-06,North America,High Value,4,305.08,1220.33,780.38,28.6,411.35
CUST-5498,ORD-6852,2023-04-04,Africa,Mid Value,4,457.0,1827.98,1272.34,68.99,486.65
CUST-3105,ORD-6853,2022-02-02,Europe,High Value,3,407.52,1222.56,665.75,55.23,501.58
CUST-3568,ORD-6854,2022-10-03,Africa,Low Value,5,135.93,679.65,374.24,56.63,248.78
CUST-1209,ORD-6855,2023-10-27,Asia,Mid Value,4,259.09,1036.37,606.82,76.8,352.75
CUST-5911,ORD-6856,2022-03-31,Europe,Mid Value,2,223.09,446.18,292.29,76.28,77.62
CUST-3220,ORD-6857,2023-09-08,North America,Mid Value,1,483.43,483.43,297.42,33.93,152.08
CUST-1233,ORD-6858,2023-06-08,Africa,Mid Value,4,403.43,1613.74,957.21,52.69,603.84
CUST-1792,ORD-6859,2022-06-09,Asia,High Value,5,71.57,357.83,219.0,20.15,118.68
CUST-4110,ORD-6860,2023-04-03,Asia,Low Value,4,100.91,403.62,228.49,35.89,139.23
CUST-3166,ORD-6861,2023-12-09,North America,High Value,4,356.97,1427.89,913.51,25.51,488.87
CUST-9526,ORD-6862,2023-02-03,North America,High Value,1,96.73,96.73,45.35,32.55,18.83
CUST-6193,ORD-6863,2022-04-01,Africa,Mid Value,2,476.22,952.45,549.81,55.66,346.99
CUST-2214,ORD-6864,2023-12-10,Asia,Low Value,2,496.61,993.23,647.23,20.77,325.23
CUST-5419,ORD-6865,2023-08-04,North America,High Value,5,393.62,1968.09,1034.49,18.52,915.08
CUST-8314,ORD-6866,2023-04-11,Europe,Low Value,3,32.86,98.59,65.16,33.45,-0.01
CUST-9475,ORD-6867,2022-08-08,North America,Low Value,3,251.71,755.13,487.59,12.36,255.17
CUST-1212,ORD-6868,2023-02-23,Europe,Low Value,3,214.92,644.75,383.74,66.04,194.98
CUST-2658,ORD-6869,2023-01-14,Asia,Low Value,5,403.78,2018.89,1035.76,76.89,906.23
CUST-6024,ORD-6870,2023-12-27,Africa,High Value,4,157.76,631.06,419.82,65.1,146.13
CUST-6917,ORD-6871,2023-03-23,Asia,Low Value,2,205.34,410.68,187.88,44.86,177.94
CUST-6141,ORD-6872,2022-05-26,Asia,High Value,2,64.88,129.76,77.61,55.56,-3.41
CUST-2794,ORD-6873,2022-08-21,Asia,Low Value,4,184.47,737.86,476.39,65.42,196.05
CUST-6988,ORD-6874,2023-01-06,Asia,Low Value,2,487.45,974.9,557.01,10.12,407.77
CUST-9296,ORD-6875,2022-08-22,Africa,High Value,2,472.23,944.46,449.29,36.36,458.81
CUST-6578,ORD-6876,2023-12-27,North America,Mid Value,3,380.12,1140.37,750.93,15.78,373.66
CUST-6551,ORD-6877,2023-01-02,Africa,High Value,3,455.49,1366.46,925.46,11.81,429.19
CUST-4845,ORD-6878,2023-04-26,Africa,Low Value,1,121.36,121.36,71.7,61.92,-12.27
CUST-7906,ORD-6879,2023-07-27,Africa,High Value,1,318.48,318.48,205.99,69.36,43.14
CUST-1378,ORD-6880,2022-12-29,Africa,Low Value,2,259.99,519.97,313.38,11.28,195.31
CUST-4293,ORD-6881,2023-08-13,North America,High Value,3,222.89,668.67,396.74,18.41,253.53
CUST-4329,ORD-6882,2023-05-26,Asia,High Value,1,175.92,175.92,84.92,21.56,69.44
CUST-5808,ORD-6883,2022-04-05,North America,High Value,1,435.83,435.83,243.72,69.27,122.84
CUST-8937,ORD-6884,2022-08-04,North America,Mid Value,3,252.56,757.69,469.54,73.52,214.63
CUST-1224,ORD-6885,2023-12-26,Asia,High Value,1,367.54,367.54,207.15,62.37,98.01
CUST-1737,ORD-6886,2023-12-13,North America,High Value,4,358.86,1435.42,867.63,64.73,503.07
CUST-1235,ORD-6887,2023-06-27,Africa,Mid Value,4,85.31,341.26,229.91,30.7,80.65
CUST-1711,ORD-6888,2022-05-15,Africa,Mid Value,3,43.49,130.47,70.66,35.62,24.19
CUST-6988,ORD-6889,2022-03-24,Asia,Low Value,3,423.18,1269.55,834.25,26.04,409.26
CUST-2888,ORD-6890,2023-01-26,Asia,Low Value,1,255.35,255.35,116.76,76.88,61.71
CUST-8173,ORD-6891,2022-02-16,Asia,High Value,2,408.84,817.68,542.26,59.57,215.85
CUST-2259,ORD-6892,2023-01-27,Africa,Low Value,5,162.59,812.96,387.51,30.6,394.84
CUST-6246,ORD-6893,2023-12-19,Asia,High Value,4,433.68,1734.72,920.03,15.18,799.52
CUST-8271,ORD-6894,2023-01-20,North America,Mid Value,4,418.79,1675.18,968.86,19.61,686.71
CUST-1748,ORD-6895,2023-01-16,North America,Mid Value,3,203.2,609.61,373.39,20.31,215.91
CUST-4551,ORD-6896,2022-03-18,Europe,High Value,2,217.62,435.23,299.56,51.11,84.56
CUST-7400,ORD-6897,2022-09-16,Europe,Low Value,3,188.43,565.29,297.77,72.72,194.8
CUST-7643,ORD-6898,2023-08-27,Asia,Low Value,1,36.71,36.71,17.31,70.15,-50.74
CUST-9701,ORD-6899,2023-02-03,Europe,Low Value,2,350.08,700.15,395.38,10.23,294.54
CUST-2823,ORD-6900,2022-04-10,Africa,High Value,1,150.91,150.91,80.94,58.18,11.8
CUST-7852,ORD-6901,2023-05-16,Africa,Low Value,4,444.33,1777.31,1066.44,17.58,693.29
CUST-8777,ORD-6902,2023-01-18,North America,Mid Value,3,450.74,1352.22,920.45,28.28,403.49
CUST-5232,ORD-6903,2023-12-08,North America,Mid Value,3,366.84,1100.51,672.24,45.79,382.49
CUST-7519,ORD-6904,2022-07-11,Europe,Mid Value,5,107.15,535.75,318.51,68.07,149.18
CUST-2777,ORD-6905,2023-08-03,Europe,Mid Value,2,62.86,125.72,64.31,22.76,38.66
CUST-2222,ORD-6906,2023-08-25,Africa,Mid Value,4,411.89,1647.58,850.46,70.54,726.58
CUST-8630,ORD-6907,2022-12-11,North America,Mid Value,5,448.67,2243.36,1254.08,60.11,929.17
CUST-2777,ORD-6908,2022-01-10,Europe,Mid Value,5,188.98,944.89,635.75,55.57,253.58
CUST-8490,ORD-6909,2022-09-21,Africa,Mid Value,3,189.42,568.26,338.04,14.97,215.25
CUST-5859,ORD-6910,2022-09-25,North America,Mid Value,2,207.33,414.66,237.88,40.57,136.22
CUST-9893,ORD-6911,2023-09-22,Africa,High Value,3,417.26,1251.78,733.09,25.63,493.06
CUST-9118,ORD-6912,2023-07-25,Africa,High Value,2,359.39,718.79,473.28,49.11,196.39
CUST-3989,ORD-6913,2022-07-14,North America,Mid Value,5,78.55,392.74,243.29,55.52,93.93
CUST-9343,ORD-6914,2023-07-16,Africa,Mid Value,1,324.65,324.65,221.37,9.9,93.38
CUST-2325,ORD-6915,2023-02-11,Europe,Mid Value,4,24.69,98.77,58.81,53.31,-13.35
CUST-6127,ORD-6916,2022-10-23,Africa,Low Value,5,360.99,1804.93,900.67,42.36,861.9
CUST-9998,ORD-6917,2022-04-07,Europe,High Value,3,387.02,1161.07,527.92,67.9,565.25
CUST-3722,ORD-6918,2023-04-07,Asia,Mid Value,4,411.18,1644.7,870.5,64.49,709.7
CUST-5656,ORD-6919,2023-10-01,Asia,High Value,5,320.31,1601.54,745.81,35.97,819.76
CUST-2325,ORD-6920,2022-03-28,Asia,Mid Value,2,106.68,213.36,117.73,78.22,17.42
CUST-5133,ORD-6921,2022-03-18,Africa,Low Value,3,401.0,1203.0,597.86,49.02,556.12
CUST-3869,ORD-6922,2023-12-17,Asia,Mid Value,5,451.9,2259.5,1245.5,77.27,936.73
CUST-2242,ORD-6923,2023-04-28,Asia,High Value,2,324.22,648.44,356.52,58.94,232.98
CUST-9539,ORD-6924,2022-05-26,Africa,High Value,2,152.06,304.11,157.86,35.57,110.69
CUST-2831,ORD-6925,2023-10-23,North America,High Value,2,106.09,212.19,130.11,22.53,59.54
CUST-2569,ORD-6926,2022-04-21,Africa,High Value,4,131.1,524.41,292.81,39.91,191.7
CUST-8246,ORD-6927,2023-10-03,Europe,Mid Value,3,28.11,84.34,56.79,75.2,-47.65
CUST-2918,ORD-6928,2023-11-09,Africa,Low Value,2,24.88,49.76,23.34,14.77,11.66
CUST-7416,ORD-6929,2022-10-24,North America,Low Value,5,162.58,812.89,449.25,39.52,324.12
CUST-4232,ORD-6930,2023-03-02,Asia,Mid Value,2,463.02,926.04,596.36,31.02,298.67
CUST-4758,ORD-6931,2023-10-11,Africa,Mid Value,3,318.24,954.71,547.65,70.05,337.01
CUST-6997,ORD-6932,2022-11-30,Asia,High Value,4,205.33,821.33,567.96,65.3,188.06
CUST-3355,ORD-6933,2023-06-07,Europe,Mid Value,2,25.21,50.41,24.89,46.41,-20.89
CUST-2824,ORD-6934,2023-08-06,North America,Low Value,5,495.06,2475.28,1309.44,36.13,1129.71
CUST-8280,ORD-6935,2023-11-02,Asia,Mid Value,3,238.81,716.42,343.19,56.31,316.91
CUST-5060,ORD-6936,2023-12-29,Asia,Mid Value,2,495.92,991.84,507.51,76.48,407.85
CUST-6324,ORD-6937,2023-06-22,Asia,Low Value,4,365.67,1462.67,904.12,12.59,545.96
CUST-1404,ORD-6938,2022-06-11,Asia,Low Value,1,44.59,44.59,25.5,72.41,-53.31
CUST-2721,ORD-6939,2023-03-06,Africa,Mid Value,5,432.33,2161.66,1060.33,27.07,1074.26
CUST-6316,ORD-6940,2023-09-06,North America,High Value,2,274.59,549.18,312.31,5.32,231.56
CUST-4845,ORD-6941,2022-03-10,North America,High Value,2,237.31,474.62,314.13,60.58,99.92
CUST-5210,ORD-6942,2022-05-13,Asia,High Value,1,383.77,383.77,214.89,64.13,104.74
CUST-1064,ORD-6943,2022-07-08,North America,Low Value,3,391.9,1175.71,532.96,27.86,614.9
CUST-7382,ORD-6944,2023-12-24,Asia,Low Value,1,402.29,402.29,186.55,63.38,152.35
CUST-1968,ORD-6945,2023-11-09,Europe,High Value,3,385.06,1155.17,646.35,64.85,443.97
CUST-1368,ORD-6946,2023-07-27,Europe,Mid Value,2,327.81,655.62,392.26,55.65,207.71
CUST-9424,ORD-6947,2022-10-06,Europe,Mid Value,1,344.3,344.3,231.24,7.9,105.16
CUST-3242,ORD-6948,2023-03-06,North America,Mid Value,2,432.12,864.24,601.07,55.06,208.11
CUST-6002,ORD-6949,2023-09-17,Asia,Low Value,1,351.46,351.46,244.3,74.93,32.23
CUST-4083,ORD-6950,2023-06-26,Africa,Low Value,2,68.65,137.3,80.94,51.52,4.84
CUST-9073,ORD-6951,2022-06-10,Africa,High Value,2,329.84,659.68,302.75,32.52,324.41
CUST-9880,ORD-6952,2023-03-29,Europe,Mid Value,2,101.6,203.19,102.28,47.26,53.65
CUST-2469,ORD-6953,2022-06-19,Europe,Low Value,4,26.84,107.37,59.97,79.49,-32.09
CUST-5725,ORD-6954,2023-11-29,North America,Low Value,1,122.8,122.8,82.27,40.44,0.09
CUST-5259,ORD-6955,2022-02-26,Africa,High Value,4,94.11,376.46,171.43,68.12,136.91
CUST-4622,ORD-6956,2022-08-28,North America,Mid Value,2,69.01,138.01,79.68,15.39,42.94
CUST-1823,ORD-6957,2022-12-24,Europe,Low Value,5,123.19,615.97,377.81,9.24,228.92
CUST-4431,ORD-6958,2022-07-20,Asia,Low Value,3,290.51,871.54,454.99,34.26,382.28
CUST-7528,ORD-6959,2023-03-20,Asia,Low Value,1,92.71,92.71,49.03,15.33,28.34
CUST-5151,ORD-6960,2022-10-29,Asia,Low Value,1,154.13,154.13,84.33,29.79,40.02
CUST-5213,ORD-6961,2022-04-16,Europe,Mid Value,3,427.8,1283.41,665.64,58.66,559.12
CUST-8420,ORD-6962,2022-04-11,North America,High Value,4,446.26,1785.06,998.38,38.41,748.27
CUST-9989,ORD-6963,2022-04-07,Asia,Mid Value,3,179.88,539.64,264.17,29.09,246.38
CUST-1779,ORD-6964,2023-10-27,Africa,High Value,5,451.5,2257.48,1128.36,71.86,1057.26
CUST-3892,ORD-6965,2022-01-29,Africa,Low Value,2,301.15,602.3,276.63,5.71,319.97
CUST-6534,ORD-6966,2023-05-21,Europe,Mid Value,3,128.66,385.97,213.38,66.05,106.54
CUST-4306,ORD-6967,2023-10-27,Africa,High Value,3,382.06,1146.18,718.47,51.6,376.12
CUST-3902,ORD-6968,2023-03-14,Africa,High Value,2,462.61,925.21,533.42,8.48,383.31
CUST-4718,ORD-6969,2023-01-14,Europe,Low Value,1,336.43,336.43,196.03,7.56,132.84
CUST-1021,ORD-6970,2022-03-14,North America,High Value,5,116.64,583.19,328.04,17.89,237.26
CUST-2500,ORD-6971,2022-09-11,Asia,High Value,3,61.22,183.67,109.5,78.31,-4.14
CUST-4641,ORD-6972,2023-05-31,Europe,High Value,3,130.12,390.35,198.07,11.43,180.85
CUST-6212,ORD-6973,2023-07-04,Africa,Low Value,1,182.48,182.48,91.58,60.41,30.48
CUST-1191,ORD-6974,2022-01-20,Asia,Mid Value,5,180.19,900.96,617.6,35.12,248.24
CUST-9587,ORD-6975,2023-09-17,Asia,Low Value,2,259.3,518.6,291.77,22.75,204.09
CUST-8174,ORD-6976,2023-06-19,Asia,High Value,2,262.48,524.96,344.79,48.13,132.04
CUST-6114,ORD-6977,2023-02-25,Europe,High Value,4,246.29,985.15,669.12,32.61,283.41
CUST-5662,ORD-6978,2023-03-22,Asia,Mid Value,5,185.04,925.18,558.55,28.26,338.36
CUST-5326,ORD-6979,2022-05-16,North America,High Value,5,71.28,356.39,187.0,22.97,146.42
CUST-5335,ORD-6980,2023-05-20,Africa,Mid Value,3,220.79,662.38,410.64,39.34,212.4
CUST-9281,ORD-6981,2022-10-28,Europe,High Value,4,493.16,1972.66,1100.21,17.72,854.73
CUST-9648,ORD-6982,2023-09-01,Europe,High Value,2,333.86,667.72,462.91,68.9,135.92
CUST-6494,ORD-6983,2022-02-02,Asia,Low Value,5,231.09,1155.47,754.31,49.38,351.77
CUST-9536,ORD-6984,2023-10-09,Africa,Low Value,5,60.08,300.38,196.37,9.72,94.29
CUST-3711,ORD-6985,2022-10-05,Asia,Mid Value,1,122.36,122.36,73.07,39.28,10.01
CUST-8595,ORD-6986,2022-05-13,Asia,Low Value,2,295.83,591.66,267.49,52.22,271.95
CUST-7273,ORD-6987,2023-06-11,Europe,Mid Value,1,258.98,258.98,170.4,69.62,18.96
CUST-7284,ORD-6988,2022-05-06,North America,Low Value,4,29.21,116.85,53.33,6.76,56.77
CUST-9817,ORD-6989,2022-12-11,Africa,Mid Value,5,61.39,306.97,147.52,39.22,120.22
CUST-4994,ORD-6990,2022-01-17,Africa,High Value,4,190.88,763.54,503.68,57.94,201.92
CUST-2678,ORD-6991,2023-07-16,Africa,Mid Value,1,87.6,87.6,44.21,19.71,23.68
CUST-9414,ORD-6992,2023-10-09,Africa,Low Value,2,479.76,959.53,633.56,21.6,304.37
CUST-1743,ORD-6993,2023-09-22,North America,Mid Value,5,36.38,181.88,92.59,41.73,47.56
CUST-1462,ORD-6994,2023-01-13,Europe,Low Value,2,487.54,975.09,626.67,71.34,277.08
CUST-2568,ORD-6995,2022-03-01,North America,High Value,4,335.15,1340.58,784.97,34.87,520.74
CUST-2736,ORD-6996,2023-09-29,Asia,Low Value,3,215.47,646.41,399.32,41.34,205.75
CUST-8903,ORD-6997,2023-04-12,Europe,High Value,2,278.93,557.86,367.92,52.68,137.26
CUST-8002,ORD-6998,2023-09-20,North America,High Value,2,216.86,433.72,301.87,28.31,103.54
CUST-9856,ORD-6999,2023-01-26,Africa,Low Value,2,295.14,590.28,278.27,70.03,241.98
CUST-2356,ORD-7000,2023-11-16,Africa,High Value,5,92.96,464.81,288.81,77.14,98.86
CUST-2014,ORD-7001,2022-07-06,Europe,Low Value,4,77.61,310.43,214.09,53.77,42.56
CUST-2054,ORD-7002,2023-05-13,North America,Mid Value,4,273.72,1094.89,595.02,52.89,446.99
CUST-2764,ORD-7003,2023-08-23,Europe,High Value,5,54.24,271.22,144.68,55.52,71.02
CUST-7009,ORD-7004,2023-12-16,Africa,Mid Value,2,160.39,320.78,198.88,19.54,102.36
CUST-5458,ORD-7005,2022-12-27,North America,Mid Value,2,464.91,929.82,511.85,59.93,358.04
CUST-1667,ORD-7006,2023-03-25,Africa,Low Value,3,440.58,1321.75,665.65,31.02,625.07
CUST-4370,ORD-7007,2023-11-25,Europe,Low Value,2,419.07,838.15,411.0,79.5,347.65
CUST-6976,ORD-7008,2023-11-11,Europe,High Value,1,263.44,263.44,131.23,61.41,70.79
CUST-2394,ORD-7009,2022-06-30,Europe,Low Value,2,33.38,66.77,41.8,48.78,-23.82
CUST-9290,ORD-7010,2022-05-10,Europe,Mid Value,3,78.26,234.77,159.57,73.42,1.79
CUST-5070,ORD-7011,2022-05-29,Europe,Mid Value,1,461.34,461.34,300.56,77.75,83.02
CUST-7982,ORD-7012,2023-04-17,Asia,Mid Value,3,421.48,1264.43,710.67,66.36,487.4
CUST-9613,ORD-7013,2023-12-22,Europe,High Value,3,200.73,602.19,350.57,61.74,189.88
CUST-6599,ORD-7014,2023-09-15,Europe,Low Value,4,369.91,1479.63,895.24,9.55,574.84
CUST-4650,ORD-7015,2023-05-15,Africa,Mid Value,5,430.17,2150.87,1279.74,57.95,813.18
CUST-4620,ORD-7016,2023-10-11,Europe,High Value,3,317.76,953.28,659.78,30.18,263.32
CUST-4190,ORD-7017,2022-12-21,North America,Low Value,2,429.69,859.39,577.23,74.74,207.42
CUST-9789,ORD-7018,2022-07-30,Europe,Low Value,4,137.44,549.77,253.38,50.88,245.51
CUST-1391,ORD-7019,2023-10-20,Asia,Mid Value,1,241.83,241.83,159.35,32.8,49.68
CUST-2075,ORD-7020,2023-08-19,Europe,High Value,5,297.94,1489.7,712.84,30.42,746.43
CUST-3650,ORD-7021,2022-01-30,Africa,Mid Value,4,322.96,1291.82,804.23,46.61,440.98
CUST-3384,ORD-7022,2023-07-31,North America,Mid Value,3,493.76,1481.27,772.35,41.86,667.05
CUST-1809,ORD-7023,2022-01-24,North America,High Value,4,426.05,1704.19,1096.38,34.32,573.49
CUST-9047,ORD-7024,2023-12-24,Europe,Mid Value,2,46.53,93.05,42.07,20.63,30.34
CUST-6501,ORD-7025,2022-08-10,Europe,High Value,2,101.18,202.37,110.41,64.74,27.23
CUST-7895,ORD-7026,2023-08-25,Europe,High Value,2,335.43,670.86,305.49,37.51,327.86
CUST-2159,ORD-7027,2023-09-10,Europe,Mid Value,5,135.44,677.22,466.19,12.42,198.62
CUST-8574,ORD-7028,2023-11-15,Africa,Mid Value,4,96.3,385.22,174.83,11.41,198.99
CUST-2531,ORD-7029,2023-08-12,Africa,Low Value,4,339.99,1359.97,664.78,22.86,672.33
CUST-6481,ORD-7030,2023-08-03,North America,Low Value,3,277.48,832.45,486.83,46.42,299.2
CUST-8548,ORD-7031,2023-02-05,Europe,High Value,1,406.49,406.49,248.58,16.1,141.81
CUST-5976,ORD-7032,2023-08-27,Africa,High Value,2,173.29,346.59,219.13,21.13,106.33
CUST-6695,ORD-7033,2023-05-27,Africa,High Value,1,178.26,178.26,91.22,42.63,44.41
CUST-9445,ORD-7034,2022-03-29,North America,Low Value,1,92.24,92.24,48.45,21.33,22.46
CUST-4548,ORD-7035,2023-04-10,North America,Mid Value,2,333.08,666.17,339.73,69.35,257.08
CUST-7163,ORD-7036,2022-02-19,Asia,Mid Value,2,360.27,720.54,368.21,49.25,303.08
CUST-7671,ORD-7037,2022-04-13,Africa,Low Value,3,86.44,259.33,167.39,11.44,80.51
CUST-6264,ORD-7038,2023-01-03,North America,Mid Value,5,141.97,709.87,487.68,15.49,206.7
CUST-2231,ORD-7039,2023-05-07,Africa,Mid Value,2,94.05,188.1,112.66,19.64,55.8
CUST-3423,ORD-7040,2023-07-12,Africa,Mid Value,1,378.88,378.88,185.41,52.24,141.23
CUST-9071,ORD-7041,2023-11-22,Europe,Low Value,3,120.37,361.1,168.4,12.92,179.77
CUST-5261,ORD-7042,2022-09-25,Europe,High Value,4,93.08,372.31,189.8,8.25,174.26
CUST-3908,ORD-7043,2023-02-01,Europe,Mid Value,3,53.53,160.59,79.4,59.63,21.55
CUST-5712,ORD-7044,2022-11-16,Europe,Mid Value,2,419.02,838.05,498.33,40.86,298.86
CUST-7755,ORD-7045,2023-06-04,Africa,High Value,2,79.51,159.02,99.31,68.66,-8.94
CUST-4883,ORD-7046,2023-03-25,Asia,Mid Value,5,34.24,171.2,77.24,64.46,29.5
CUST-4515,ORD-7047,2023-04-21,Asia,Mid Value,3,50.87,152.6,85.44,25.51,41.65
CUST-4403,ORD-7048,2023-08-13,Asia,High Value,2,196.08,392.16,237.55,19.42,135.19
CUST-5598,ORD-7049,2022-08-28,Africa,Low Value,1,306.39,306.39,152.65,43.72,110.02
CUST-6008,ORD-7050,2022-09-15,Asia,Low Value,1,211.14,211.14,142.57,11.01,57.56
CUST-7222,ORD-7051,2023-12-09,Africa,Mid Value,3,238.6,715.79,420.35,52.46,242.97
CUST-5009,ORD-7052,2023-10-05,North America,Mid Value,5,461.27,2306.33,1237.0,5.91,1063.42
CUST-3735,ORD-7053,2023-01-25,Asia,High Value,3,384.28,1152.85,524.16,65.23,563.45
CUST-5491,ORD-7054,2022-12-09,Africa,High Value,5,183.7,918.5,524.53,71.8,322.16
CUST-9593,ORD-7055,2023-01-22,North America,Mid Value,1,94.07,94.07,50.23,79.72,-35.88
CUST-1974,ORD-7056,2023-01-29,Europe,Mid Value,2,379.6,759.21,525.66,30.81,202.73
CUST-1223,ORD-7057,2023-11-14,North America,Low Value,4,295.29,1181.17,643.37,47.14,490.65
CUST-5613,ORD-7058,2023-10-21,North America,Low Value,2,481.88,963.76,655.6,69.72,238.44
CUST-7777,ORD-7059,2022-09-27,Asia,Low Value,1,456.05,456.05,283.44,39.66,132.95
CUST-9427,ORD-7060,2022-05-29,Europe,Low Value,1,290.55,290.55,136.12,29.69,124.73
CUST-5211,ORD-7061,2023-01-15,Europe,High Value,2,53.56,107.11,73.18,8.66,25.27
CUST-1225,ORD-7062,2022-01-28,Asia,Low Value,2,34.86,69.72,34.31,34.56,0.86
CUST-9183,ORD-7063,2022-05-29,North America,Low Value,1,422.01,422.01,237.17,10.92,173.92
CUST-5277,ORD-7064,2023-02-24,Africa,Mid Value,2,355.06,710.12,483.42,32.22,194.48
CUST-2341,ORD-7065,2022-10-07,Asia,Low Value,4,288.88,1155.5,759.31,30.73,365.46
CUST-5036,ORD-7066,2022-07-01,North America,Mid Value,4,350.68,1402.74,802.22,53.54,546.98
CUST-9401,ORD-7067,2022-06-15,Africa,Mid Value,3,279.1,837.29,420.1,32.46,384.74
CUST-4727,ORD-7068,2022-01-17,Asia,Low Value,4,297.6,1190.41,687.24,33.81,469.35
CUST-4928,ORD-7069,2022-05-30,Asia,Low Value,1,128.43,128.43,75.37,26.48,26.58
CUST-3803,ORD-7070,2022-12-05,Europe,Mid Value,1,238.64,238.64,166.87,50.6,21.18
CUST-7558,ORD-7071,2022-02-14,Europe,High Value,3,25.32,75.95,49.82,34.2,-8.08
CUST-1393,ORD-7072,2023-05-17,Europe,Mid Value,5,340.99,1704.96,1134.36,76.14,494.46
CUST-7839,ORD-7073,2022-07-08,Africa,High Value,3,179.51,538.52,375.1,71.9,91.52
CUST-9795,ORD-7074,2023-10-13,Asia,High Value,5,335.04,1675.18,972.99,22.77,679.42
CUST-1581,ORD-7075,2022-03-02,Europe,Low Value,5,464.7,2323.51,1385.52,35.3,902.69
CUST-1132,ORD-7076,2022-10-21,Europe,Low Value,2,303.99,607.98,342.66,52.59,212.72
CUST-3838,ORD-7077,2022-02-02,Asia,Low Value,4,177.48,709.92,341.73,6.22,361.97
CUST-4385,ORD-7078,2022-10-26,Africa,Low Value,5,119.44,597.18,347.15,22.06,227.98
CUST-4770,ORD-7079,2023-02-19,Europe,Mid Value,2,140.82,281.64,167.76,26.38,87.5
CUST-3268,ORD-7080,2023-09-16,North America,High Value,3,493.9,1481.71,754.66,35.18,691.87
CUST-1975,ORD-7081,2023-07-03,Africa,Mid Value,3,315.37,946.12,610.92,71.7,263.51
CUST-8605,ORD-7082,2023-03-07,Europe,High Value,5,231.46,1157.31,556.81,12.22,588.28
CUST-8213,ORD-7083,2023-05-10,North America,Mid Value,2,130.87,261.74,150.63,9.94,101.17
CUST-3835,ORD-7084,2022-04-10,Europe,High Value,1,391.06,391.06,240.77,54.83,95.46
CUST-3738,ORD-7085,2022-01-23,Africa,Low Value,4,205.97,823.89,382.07,32.34,409.49
CUST-5134,ORD-7086,2023-02-24,Asia,High Value,5,164.54,822.7,535.59,18.33,268.78
CUST-7833,ORD-7087,2023-02-28,Asia,Low Value,1,126.71,126.71,66.65,57.64,2.42
CUST-9353,ORD-7088,2023-05-02,Africa,High Value,4,109.1,436.41,274.69,23.22,138.5
CUST-2909,ORD-7089,2023-12-31,Europe,Mid Value,1,151.22,151.22,72.14,47.42,31.66
CUST-2963,ORD-7090,2022-03-30,Africa,High Value,2,321.06,642.11,388.53,35.66,217.93
CUST-6153,ORD-7091,2022-07-28,North America,Mid Value,5,135.13,675.63,398.15,32.09,245.39
CUST-1966,ORD-7092,2022-09-28,Europe,Mid Value,1,49.09,49.09,23.93,59.09,-33.93
CUST-1889,ORD-7093,2023-02-10,Africa,Low Value,1,192.33,192.33,116.59,51.01,24.74
CUST-4061,ORD-7094,2023-12-22,Asia,High Value,1,300.73,300.73,187.3,43.54,69.89
CUST-7461,ORD-7095,2022-10-05,Africa,Mid Value,5,48.9,244.52,140.51,14.61,89.41
CUST-7166,ORD-7096,2022-07-25,Europe,High Value,2,237.26,474.52,282.17,48.92,143.43
CUST-7967,ORD-7097,2023-08-13,Africa,Low Value,2,45.1,90.2,60.6,56.96,-27.36
CUST-9101,ORD-7098,2022-11-24,Asia,Low Value,1,388.73,388.73,242.73,66.11,79.89
CUST-8379,ORD-7099,2023-09-02,North America,High Value,2,438.5,877.01,593.29,27.46,256.27
CUST-8280,ORD-7100,2022-12-02,Africa,Mid Value,4,482.63,1930.51,1135.31,24.82,770.38
CUST-2067,ORD-7101,2023-08-29,Africa,Mid Value,2,351.81,703.61,347.38,61.16,295.07
CUST-5223,ORD-7102,2023-08-15,North America,Mid Value,1,323.39,323.39,165.44,40.06,117.89
CUST-5607,ORD-7103,2022-02-07,Africa,High Value,4,353.16,1412.63,697.98,35.44,679.21
CUST-4985,ORD-7104,2022-08-16,Asia,Mid Value,5,430.23,2151.16,1148.31,17.05,985.8
CUST-4179,ORD-7105,2023-04-28,North America,Mid Value,3,407.4,1222.21,695.91,37.56,488.74
CUST-5538,ORD-7106,2022-05-14,Asia,Mid Value,2,230.48,460.96,236.92,59.46,164.57
CUST-3362,ORD-7107,2023-12-09,Asia,Low Value,4,332.52,1330.06,756.68,38.79,534.59
CUST-3224,ORD-7108,2023-01-25,Asia,Mid Value,3,97.72,293.17,158.63,70.45,64.08
CUST-7371,ORD-7109,2023-09-05,Europe,High Value,5,353.56,1767.82,1040.96,5.32,721.55
CUST-2726,ORD-7110,2023-03-01,North America,High Value,3,370.77,1112.31,619.7,18.5,474.11
CUST-6791,ORD-7111,2023-08-10,Europe,Mid Value,5,404.63,2023.14,1129.97,51.1,842.07
CUST-9073,ORD-7112,2023-05-25,Europe,High Value,1,412.47,412.47,236.2,55.4,120.87
CUST-9458,ORD-7113,2023-12-21,Africa,High Value,1,231.16,231.16,161.11,25.68,44.37
CUST-8013,ORD-7114,2023-08-18,North America,Mid Value,5,453.69,2268.44,1336.42,75.64,856.38
CUST-1837,ORD-7115,2023-03-03,Africa,Low Value,3,490.86,1472.57,928.95,29.8,513.82
CUST-5584,ORD-7116,2023-10-17,Europe,Mid Value,2,489.46,978.92,542.5,35.84,400.58
CUST-1686,ORD-7117,2023-04-19,Africa,High Value,3,301.17,903.5,480.17,78.23,345.09
CUST-1356,ORD-7118,2023-07-22,Asia,High Value,3,288.55,865.66,587.9,40.94,236.81
CUST-5647,ORD-7119,2022-12-27,Europe,Mid Value,2,239.52,479.04,304.47,50.97,123.6
CUST-5418,ORD-7120,2022-07-30,Asia,High Value,3,163.9,491.7,292.86,45.51,153.33
CUST-7642,ORD-7121,2022-06-28,North America,Low Value,3,180.2,540.61,288.74,18.31,233.55
CUST-4391,ORD-7122,2022-02-27,Africa,Mid Value,4,123.56,494.24,254.27,79.36,160.61
CUST-5357,ORD-7123,2022-03-14,Europe,High Value,5,478.75,2393.73,1228.03,9.43,1156.28
CUST-5879,ORD-7124,2022-08-03,North America,Low Value,1,317.52,317.52,182.87,78.76,55.89
CUST-6319,ORD-7125,2022-03-14,Asia,High Value,5,468.54,2342.71,1566.58,40.1,736.03
CUST-3739,ORD-7126,2023-04-12,Africa,Low Value,3,205.82,617.46,413.86,19.22,184.38
CUST-5784,ORD-7127,2022-09-28,Africa,High Value,2,163.13,326.27,207.59,17.52,101.16
CUST-1877,ORD-7128,2023-05-14,Europe,Mid Value,2,83.72,167.44,98.05,54.17,15.21
CUST-3870,ORD-7129,2022-12-20,Africa,High Value,1,164.12,164.12,83.49,58.31,22.32
CUST-1292,ORD-7130,2022-08-22,Africa,Mid Value,1,447.28,447.28,254.82,72.4,120.06
CUST-9728,ORD-7131,2022-11-15,Asia,Low Value,1,299.49,299.49,186.79,22.74,89.97
CUST-3686,ORD-7132,2022-01-19,Asia,Low Value,2,237.19,474.38,284.04,37.49,152.85
CUST-1233,ORD-7133,2023-09-17,Asia,High Value,3,292.76,878.28,508.09,77.84,292.35
CUST-3374,ORD-7134,2023-07-29,North America,Mid Value,1,448.49,448.49,249.83,37.1,161.56
CUST-3272,ORD-7135,2023-01-07,North America,Mid Value,1,112.55,112.55,71.82,39.47,1.26
CUST-1966,ORD-7136,2022-07-03,Africa,Low Value,2,483.52,967.03,638.78,26.64,301.61
CUST-1889,ORD-7137,2022-10-04,North America,Low Value,3,339.77,1019.32,642.91,70.32,306.09
CUST-4863,ORD-7138,2023-11-05,Europe,High Value,1,430.57,430.57,294.72,32.42,103.43
CUST-7154,ORD-7139,2022-05-25,Asia,Low Value,3,272.2,816.59,526.67,52.67,237.25
CUST-4400,ORD-7140,2023-10-20,North America,Low Value,4,133.59,534.34,300.65,18.69,215.0
CUST-9226,ORD-7141,2022-03-22,Africa,Mid Value,1,292.37,292.37,176.65,51.18,64.54
CUST-5542,ORD-7142,2022-11-18,Asia,Mid Value,1,52.61,52.61,30.31,75.05,-52.75
CUST-4523,ORD-7143,2023-03-11,North America,Mid Value,2,429.05,858.11,503.35,63.26,291.5
CUST-2763,ORD-7144,2022-02-12,Asia,Low Value,4,331.8,1327.19,894.43,10.08,422.69
CUST-4291,ORD-7145,2022-11-09,North America,High Value,4,155.77,623.09,327.25,52.55,243.28
CUST-3488,ORD-7146,2022-10-20,Africa,High Value,4,151.75,606.98,275.13,46.9,284.95
CUST-2558,ORD-7147,2023-11-19,North America,Low Value,5,453.35,2266.73,1414.24,30.39,822.1
CUST-5690,ORD-7148,2022-03-10,North America,High Value,2,423.64,847.27,419.61,68.2,359.45
CUST-7121,ORD-7149,2022-02-25,North America,Low Value,2,386.29,772.58,377.45,64.38,330.75
CUST-3276,ORD-7150,2023-09-23,Asia,High Value,1,219.1,219.1,152.96,53.65,12.5
CUST-5439,ORD-7151,2022-07-23,North America,Low Value,2,438.8,877.6,453.45,60.81,363.34
CUST-2103,ORD-7152,2023-02-24,North America,Mid Value,1,138.51,138.51,69.38,19.49,49.64
CUST-8520,ORD-7153,2023-07-21,North America,High Value,1,31.64,31.64,15.75,74.03,-58.14
CUST-6409,ORD-7154,2023-07-04,Asia,Mid Value,5,227.73,1138.65,629.77,55.1,453.77
CUST-8869,ORD-7155,2022-08-31,Africa,Mid Value,2,461.37,922.74,509.68,40.09,372.98
CUST-3956,ORD-7156,2022-07-20,Africa,High Value,2,294.19,588.38,357.81,19.48,211.09
CUST-8710,ORD-7157,2023-04-19,Africa,Low Value,5,130.13,650.65,309.65,56.21,284.79
CUST-7017,ORD-7158,2023-06-11,North America,Mid Value,5,332.39,1661.97,1011.91,12.25,637.81
CUST-4384,ORD-7159,2023-10-18,Asia,Mid Value,2,377.59,755.19,425.48,28.98,300.73
CUST-1028,ORD-7160,2022-03-18,Africa,Low Value,2,284.16,568.32,285.25,48.03,235.04
CUST-9897,ORD-7161,2023-04-23,Africa,Low Value,1,424.45,424.45,273.58,53.46,97.41
CUST-8756,ORD-7162,2023-03-16,Africa,High Value,3,304.34,913.02,519.06,6.3,387.65
CUST-7948,ORD-7163,2022-09-20,Europe,High Value,1,66.09,66.09,41.59,5.66,18.84
CUST-6755,ORD-7164,2022-07-04,Asia,Low Value,4,408.58,1634.33,1111.57,13.36,509.39
CUST-4602,ORD-7165,2022-02-24,Europe,Mid Value,4,90.25,361.0,194.35,62.62,104.03
CUST-6062,ORD-7166,2022-11-04,North America,Low Value,3,443.72,1331.17,897.84,47.53,385.79
CUST-9071,ORD-7167,2023-05-31,Africa,High Value,5,270.49,1352.43,676.33,50.63,625.47
CUST-8244,ORD-7168,2022-10-26,North America,Mid Value,4,371.3,1485.18,750.81,50.26,684.12
CUST-7372,ORD-7169,2023-07-06,Asia,Mid Value,5,486.61,2433.03,1498.56,7.76,926.71
CUST-8105,ORD-7170,2022-08-18,North America,High Value,5,227.33,1136.66,540.66,17.92,578.08
CUST-4581,ORD-7171,2023-01-12,North America,Mid Value,1,240.67,240.67,135.66,59.59,45.41
CUST-3762,ORD-7172,2022-10-13,Africa,Low Value,5,416.41,2082.03,1048.21,53.43,980.39
CUST-1572,ORD-7173,2022-05-18,Asia,High Value,3,72.91,218.74,129.65,38.4,50.69
CUST-8705,ORD-7174,2023-04-23,North America,Mid Value,1,33.3,33.3,21.7,6.53,5.07
CUST-1614,ORD-7175,2023-09-07,Europe,High Value,3,310.07,930.22,428.46,36.26,465.49
CUST-5050,ORD-7176,2022-01-07,Africa,Mid Value,5,100.41,502.05,277.8,23.6,200.65
CUST-1325,ORD-7177,2023-11-07,Europe,Low Value,4,142.75,571.02,361.26,57.3,152.46
CUST-4740,ORD-7178,2023-02-23,Africa,High Value,5,488.61,2443.07,1308.42,66.85,1067.8
CUST-1358,ORD-7179,2023-04-17,North America,Mid Value,3,333.51,1000.53,460.67,42.79,497.08
CUST-4777,ORD-7180,2023-02-24,Africa,Low Value,2,430.77,861.53,515.06,35.26,311.2
CUST-6906,ORD-7181,2022-10-03,North America,Low Value,2,450.94,901.88,432.94,25.48,443.46
CUST-2721,ORD-7182,2023-07-15,Europe,Low Value,4,78.25,312.99,169.79,11.95,131.25
CUST-2349,ORD-7183,2023-08-31,North America,Mid Value,3,465.33,1396.0,973.9,32.88,389.22
CUST-4696,ORD-7184,2023-07-25,Africa,Mid Value,4,435.93,1743.72,958.18,55.85,729.68
CUST-4896,ORD-7185,2023-11-20,Africa,Low Value,1,41.76,41.76,27.59,54.96,-40.79
CUST-5260,ORD-7186,2022-03-31,Africa,Low Value,5,489.06,2445.3,1626.0,35.96,783.34
CUST-7941,ORD-7187,2022-10-09,Europe,Low Value,1,239.99,239.99,123.77,77.45,38.78
CUST-4808,ORD-7188,2023-07-02,Asia,Low Value,2,487.75,975.51,584.21,75.51,315.79
CUST-6246,ORD-7189,2022-06-20,Europe,Low Value,5,415.45,2077.25,1426.79,70.67,579.79
CUST-9384,ORD-7190,2023-09-30,North America,Mid Value,1,231.26,231.26,139.12,37.68,54.45
CUST-4845,ORD-7191,2022-12-21,North America,High Value,2,265.55,531.1,346.97,60.99,123.13
CUST-3577,ORD-7192,2022-07-23,Europe,High Value,1,152.05,152.05,86.0,74.67,-8.63
CUST-1091,ORD-7193,2022-10-16,Europe,High Value,5,253.72,1268.61,799.01,60.32,409.28
CUST-5234,ORD-7194,2023-04-07,North America,Mid Value,1,71.6,71.6,32.61,28.68,10.3
CUST-9672,ORD-7195,2023-09-01,North America,High Value,5,456.14,2280.72,1475.33,10.1,795.3
CUST-7592,ORD-7196,2022-06-22,North America,High Value,1,362.34,362.34,223.91,76.85,61.58
CUST-9128,ORD-7197,2022-10-28,Asia,High Value,4,406.5,1626.0,877.57,79.43,668.99
CUST-2075,ORD-7198,2023-08-23,Asia,High Value,1,274.94,274.94,152.38,57.02,65.53
CUST-3513,ORD-7199,2023-06-13,Europe,Low Value,1,80.3,80.3,42.69,28.65,8.96
CUST-9168,ORD-7200,2022-05-20,Europe,Mid Value,4,277.88,1111.51,645.87,69.88,395.77
CUST-7861,ORD-7201,2022-10-05,Asia,High Value,2,178.02,356.04,169.89,76.51,109.64
CUST-9990,ORD-7202,2023-10-25,Africa,Low Value,5,24.85,124.25,82.16,42.98,-0.89
CUST-1604,ORD-7203,2023-05-26,Asia,High Value,3,315.22,945.65,538.56,28.37,378.72
CUST-3979,ORD-7204,2022-12-12,Europe,High Value,2,429.75,859.5,396.04,35.48,427.99
CUST-8140,ORD-7205,2022-05-20,Asia,High Value,5,361.06,1805.32,1061.97,10.54,732.82
CUST-8065,ORD-7206,2022-04-24,Africa,High Value,1,127.3,127.3,86.9,47.43,-7.03
CUST-5916,ORD-7207,2023-08-03,Europe,High Value,2,413.18,826.37,389.93,33.41,403.02
CUST-7800,ORD-7208,2023-05-22,North America,Low Value,1,168.56,168.56,81.04,71.34,16.18
CUST-1597,ORD-7209,2023-01-01,Europe,High Value,2,124.87,249.75,136.56,25.67,87.52
CUST-8320,ORD-7210,2023-11-22,Asia,Low Value,2,481.35,962.7,610.26,5.63,346.81
CUST-9705,ORD-7211,2023-09-29,Asia,High Value,3,27.97,83.9,50.44,60.29,-26.82
CUST-6622,ORD-7212,2023-02-01,Africa,Mid Value,4,100.43,401.73,226.77,5.56,169.4
CUST-2877,ORD-7213,2023-10-21,Asia,Low Value,2,244.16,488.32,340.94,45.95,101.43
CUST-2699,ORD-7214,2022-04-21,Africa,High Value,1,100.19,100.19,49.74,18.59,31.86
CUST-6780,ORD-7215,2022-12-24,Europe,Low Value,3,100.1,300.29,196.82,50.79,52.68
CUST-1716,ORD-7216,2022-08-26,Asia,High Value,2,324.49,648.97,312.13,19.84,317.0
CUST-5086,ORD-7217,2022-01-03,Europe,High Value,4,413.13,1652.54,817.84,42.64,792.05
CUST-1665,ORD-7218,2023-12-24,North America,Low Value,1,337.58,337.58,176.84,30.13,130.6
CUST-8846,ORD-7219,2023-02-08,North America,High Value,3,68.7,206.09,137.73,18.69,49.67
CUST-7611,ORD-7220,2022-01-25,Africa,High Value,5,449.78,2248.91,1261.75,50.49,936.67
CUST-2079,ORD-7221,2023-05-24,Asia,High Value,4,462.92,1851.68,1016.47,11.17,824.04
CUST-9419,ORD-7222,2023-11-27,Europe,High Value,5,154.88,774.41,443.49,75.59,255.33
CUST-9340,ORD-7223,2023-04-10,Europe,High Value,5,285.49,1427.47,867.51,63.36,496.6
CUST-2069,ORD-7224,2022-03-02,Asia,High Value,3,252.91,758.74,421.76,73.69,263.29
CUST-6263,ORD-7225,2023-05-23,Europe,Low Value,3,340.75,1022.24,706.0,8.19,308.06
CUST-8951,ORD-7226,2022-05-03,Asia,Mid Value,3,489.41,1468.24,710.39,5.16,752.69
CUST-2363,ORD-7227,2023-05-12,Asia,High Value,5,493.46,2467.31,1403.7,31.84,1031.77
CUST-5508,ORD-7228,2022-02-24,North America,Low Value,1,264.39,264.39,146.43,51.25,66.7
CUST-2755,ORD-7229,2022-06-12,Asia,Mid Value,3,64.14,192.41,119.9,23.33,49.17
CUST-1519,ORD-7230,2023-11-30,Europe,Low Value,4,180.55,722.19,498.87,46.2,177.12
CUST-6463,ORD-7231,2022-02-08,Asia,Mid Value,3,218.51,655.54,342.26,50.45,262.83
CUST-8233,ORD-7232,2023-11-28,North America,Mid Value,3,276.62,829.87,571.64,16.37,241.86
CUST-2102,ORD-7233,2022-03-24,North America,Mid Value,3,480.98,1442.93,947.9,62.67,432.37
CUST-1597,ORD-7234,2023-12-08,Africa,Low Value,5,145.96,729.8,476.28,75.23,178.29
CUST-4273,ORD-7235,2023-06-30,Europe,Mid Value,1,277.61,277.61,130.0,53.01,94.6
CUST-6781,ORD-7236,2022-04-23,Asia,High Value,3,159.7,479.11,328.26,76.09,74.76
CUST-7256,ORD-7237,2023-03-01,Europe,High Value,5,461.34,2306.71,1521.81,23.46,761.44
CUST-8258,ORD-7238,2022-08-18,Europe,Mid Value,4,495.18,1980.72,1230.32,7.74,742.67
CUST-9780,ORD-7239,2022-10-10,Asia,Mid Value,1,437.95,437.95,211.08,23.56,203.32
CUST-7554,ORD-7240,2022-10-14,North America,High Value,5,182.6,912.98,506.71,53.61,352.66
CUST-9002,ORD-7241,2022-06-04,Europe,Low Value,2,153.38,306.77,202.48,49.82,54.46
CUST-5846,ORD-7242,2022-06-14,Africa,Low Value,4,226.96,907.85,507.83,25.06,374.96
CUST-5798,ORD-7243,2022-07-01,Europe,High Value,4,378.84,1515.35,847.25,35.6,632.49
CUST-7605,ORD-7244,2022-08-27,North America,Low Value,2,24.47,48.94,25.33,32.57,-8.96
CUST-3986,ORD-7245,2023-10-11,Africa,Low Value,5,497.65,2488.27,1151.56,76.28,1260.42
CUST-1400,ORD-7246,2022-12-05,Africa,Mid Value,5,444.04,2220.19,1283.83,28.58,907.79
CUST-3855,ORD-7247,2023-05-27,Africa,Low Value,4,31.43,125.73,80.92,19.48,25.32
CUST-4412,ORD-7248,2022-09-23,Africa,High Value,5,203.41,1017.04,494.81,47.42,474.81
CUST-1056,ORD-7249,2022-07-06,Asia,Low Value,2,350.16,700.32,471.63,14.36,214.33
CUST-9022,ORD-7250,2022-02-09,Asia,Mid Value,5,135.87,679.37,400.03,43.09,236.25
CUST-2875,ORD-7251,2023-05-08,Asia,High Value,4,88.56,354.25,231.35,56.52,66.38
CUST-5543,ORD-7252,2023-11-10,Africa,High Value,5,322.07,1610.36,993.21,75.74,541.41
CUST-5298,ORD-7253,2023-01-26,North America,High Value,1,453.69,453.69,219.47,71.92,162.31
CUST-4768,ORD-7254,2022-09-17,Europe,Mid Value,2,478.68,957.37,647.8,68.09,241.48
CUST-6752,ORD-7255,2023-10-17,Africa,High Value,2,24.93,49.85,31.38,34.54,-16.07
CUST-5833,ORD-7256,2023-12-17,North America,Mid Value,3,439.74,1319.22,605.38,72.05,641.79
CUST-2353,ORD-7257,2022-06-25,Europe,Mid Value,5,289.17,1445.84,860.29,58.75,526.8
CUST-5987,ORD-7258,2022-11-25,Africa,Low Value,2,134.1,268.2,152.88,38.11,77.2
CUST-7597,ORD-7259,2022-07-19,Europe,High Value,5,316.13,1580.66,1050.81,47.31,482.55
CUST-5311,ORD-7260,2023-12-12,Asia,Low Value,1,497.98,497.98,239.38,37.71,220.89
CUST-3934,ORD-7261,2022-07-15,Asia,Low Value,4,152.56,610.25,364.75,19.76,225.74
CUST-1022,ORD-7262,2023-08-12,Asia,Mid Value,4,152.91,611.63,322.68,38.88,250.07
CUST-2209,ORD-7263,2023-06-15,North America,Low Value,3,355.49,1066.48,545.4,65.56,455.52
CUST-9940,ORD-7264,2022-03-03,Asia,Low Value,3,40.74,122.22,55.69,24.99,41.54
CUST-1804,ORD-7265,2022-11-23,North America,Low Value,2,413.86,827.73,441.22,53.03,333.47
CUST-9325,ORD-7266,2022-10-08,Asia,High Value,2,333.21,666.43,365.88,46.5,254.05
CUST-5416,ORD-7267,2022-08-15,Asia,Low Value,2,423.77,847.54,476.27,74.01,297.26
CUST-9625,ORD-7268,2023-10-01,Asia,Mid Value,1,130.76,130.76,82.86,60.96,-13.06
CUST-6141,ORD-7269,2022-02-27,North America,High Value,3,426.65,1279.95,705.11,32.1,542.74
CUST-5968,ORD-7270,2023-04-22,Europe,Mid Value,3,235.33,706.0,352.16,47.13,306.71
CUST-4671,ORD-7271,2023-01-11,North America,High Value,4,83.71,334.83,184.0,73.34,77.49
CUST-8292,ORD-7272,2023-12-17,Africa,High Value,3,452.68,1358.05,634.74,21.99,701.32
CUST-8001,ORD-7273,2022-08-31,Africa,High Value,3,358.41,1075.22,745.15,40.59,289.49
CUST-3098,ORD-7274,2023-01-02,North America,Mid Value,1,100.78,100.78,47.02,21.63,32.13
CUST-9444,ORD-7275,2023-05-15,North America,Low Value,2,138.32,276.64,138.45,36.38,101.81
CUST-6061,ORD-7276,2022-09-09,Europe,High Value,1,149.05,149.05,83.02,9.37,56.66
CUST-4264,ORD-7277,2022-11-18,North America,Mid Value,5,482.4,2412.0,1648.25,70.7,693.06
CUST-6435,ORD-7278,2023-01-11,Asia,High Value,4,445.37,1781.46,881.26,78.37,821.83
CUST-9493,ORD-7279,2023-02-13,Europe,Low Value,4,186.25,744.98,409.7,47.59,287.7
CUST-7691,ORD-7280,2023-12-12,North America,High Value,4,243.99,975.94,680.55,46.56,248.83
CUST-3763,ORD-7281,2023-05-03,North America,Mid Value,2,156.93,313.87,188.48,76.69,48.7
CUST-5005,ORD-7282,2022-12-09,Africa,High Value,2,376.47,752.94,454.51,34.49,263.94
CUST-4241,ORD-7283,2022-08-28,Europe,Mid Value,2,97.38,194.76,135.07,51.58,8.11
CUST-4057,ORD-7284,2022-05-19,Africa,Low Value,4,182.53,730.14,420.94,67.79,241.4
CUST-1550,ORD-7285,2022-05-02,North America,Low Value,4,310.93,1243.72,560.47,42.93,640.32
CUST-6574,ORD-7286,2023-02-24,Europe,High Value,4,441.13,1764.5,807.69,21.61,935.2
CUST-6411,ORD-7287,2023-07-15,Asia,Low Value,5,325.06,1625.32,1008.27,65.95,551.1
CUST-2587,ORD-7288,2022-10-31,North America,Mid Value,5,471.07,2355.34,1184.45,25.34,1145.56
CUST-6920,ORD-7289,2022-04-25,North America,High Value,4,466.79,1867.15,1063.57,68.28,735.3
CUST-6260,ORD-7290,2022-12-09,Africa,Mid Value,2,364.78,729.57,428.87,75.85,224.85
CUST-5409,ORD-7291,2022-09-08,Asia,High Value,2,153.78,307.55,189.71,45.95,71.89
CUST-6783,ORD-7292,2022-01-07,North America,Mid Value,5,347.88,1739.39,819.14,8.7,911.55
CUST-1712,ORD-7293,2023-08-12,Africa,High Value,5,112.51,562.57,360.05,76.67,125.85
CUST-6406,ORD-7294,2022-06-28,Africa,Mid Value,4,179.94,719.75,489.46,67.35,162.94
CUST-8990,ORD-7295,2022-05-25,North America,Mid Value,4,383.79,1535.17,788.98,13.8,732.39
CUST-8420,ORD-7296,2023-02-20,Europe,High Value,2,428.3,856.61,466.95,52.2,337.46
CUST-7843,ORD-7297,2023-10-28,North America,Mid Value,3,220.05,660.15,419.82,28.67,211.65
CUST-3433,ORD-7298,2022-05-01,Asia,Low Value,2,271.25,542.5,277.82,29.77,234.91
CUST-4301,ORD-7299,2022-05-04,North America,Mid Value,2,205.34,410.69,240.48,48.52,121.68
CUST-1270,ORD-7300,2022-05-30,Europe,High Value,4,250.06,1000.26,615.14,58.39,326.72
CUST-2079,ORD-7301,2023-02-01,Africa,Low Value,3,265.99,797.98,534.5,5.84,257.64
CUST-6322,ORD-7302,2023-01-16,Asia,Low Value,3,352.08,1056.24,566.51,16.45,473.29
CUST-9795,ORD-7303,2022-01-01,Asia,Mid Value,4,380.25,1521.01,871.78,72.71,576.51
CUST-6257,ORD-7304,2023-11-04,Asia,Mid Value,1,488.01,488.01,242.12,42.12,203.76
CUST-8982,ORD-7305,2022-09-01,Asia,Mid Value,4,230.07,920.29,484.9,41.89,393.5
CUST-7214,ORD-7306,2023-02-02,Europe,Low Value,5,59.91,299.54,141.9,68.02,89.61
CUST-6006,ORD-7307,2022-09-08,Europe,Low Value,3,350.32,1050.96,524.86,14.7,511.4
CUST-4985,ORD-7308,2023-07-30,Europe,Low Value,4,259.17,1036.69,556.24,58.52,421.92
CUST-9791,ORD-7309,2022-10-26,Europe,High Value,2,423.69,847.38,471.2,42.97,333.21
CUST-9705,ORD-7310,2022-10-24,Africa,High Value,2,90.34,180.68,113.24,60.62,6.83
CUST-6991,ORD-7311,2023-05-15,North America,Mid Value,2,329.56,659.12,372.15,55.95,231.03
CUST-7227,ORD-7312,2022-04-25,Europe,High Value,4,240.44,961.78,444.59,54.99,462.2
CUST-8833,ORD-7313,2022-01-01,North America,High Value,1,221.27,221.27,141.37,69.2,10.69
CUST-3886,ORD-7314,2023-07-07,Asia,Mid Value,5,291.14,1455.68,848.95,46.31,560.42
CUST-3653,ORD-7315,2023-11-16,Africa,Mid Value,2,348.41,696.82,477.22,35.59,184.01
CUST-5864,ORD-7316,2023-08-23,Africa,Low Value,4,428.45,1713.78,1043.37,19.89,650.53
CUST-3514,ORD-7317,2023-04-27,North America,Low Value,1,132.85,132.85,77.52,30.8,24.54
CUST-4969,ORD-7318,2023-09-02,North America,Mid Value,3,160.69,482.06,252.41,70.24,159.4
CUST-4284,ORD-7319,2023-08-23,North America,Mid Value,3,283.32,849.96,432.73,30.31,386.92
CUST-8740,ORD-7320,2023-05-25,Africa,High Value,5,186.35,931.74,472.86,78.91,379.97
CUST-5566,ORD-7321,2022-12-01,Europe,High Value,4,292.81,1171.22,646.26,50.6,474.36
CUST-3196,ORD-7322,2023-04-10,Africa,High Value,4,116.07,464.29,228.82,66.12,169.35
CUST-1789,ORD-7323,2022-05-21,Europe,Mid Value,2,167.67,335.34,221.68,41.99,71.67
CUST-4475,ORD-7324,2023-08-06,Asia,Mid Value,1,175.92,175.92,114.58,54.09,7.25
CUST-2309,ORD-7325,2022-05-17,Europe,Low Value,5,496.31,2481.57,1568.88,79.21,833.48
CUST-1864,ORD-7326,2023-09-03,North America,High Value,1,430.09,430.09,198.78,42.52,188.79
CUST-6389,ORD-7327,2023-10-25,Europe,Low Value,5,422.1,2110.48,987.66,24.75,1098.07
CUST-4363,ORD-7328,2023-11-18,Europe,Mid Value,4,266.51,1066.05,649.34,53.74,362.97
CUST-9215,ORD-7329,2022-06-16,Africa,High Value,4,244.09,976.35,622.17,73.97,280.21
CUST-4003,ORD-7330,2022-12-09,North America,Low Value,5,53.66,268.3,122.53,6.29,139.48
CUST-9502,ORD-7331,2023-02-14,Asia,Mid Value,1,114.72,114.72,59.95,79.44,-24.68
CUST-2231,ORD-7332,2022-03-06,Europe,Low Value,3,449.77,1349.3,653.16,45.84,650.3
CUST-8959,ORD-7333,2023-08-04,Asia,High Value,3,272.31,816.92,414.85,64.96,337.12
CUST-3711,ORD-7334,2022-03-08,North America,Low Value,2,493.97,987.94,572.6,13.87,401.47
CUST-7581,ORD-7335,2023-03-09,Europe,Low Value,2,304.06,608.12,290.26,26.86,290.99
CUST-8705,ORD-7336,2022-02-19,Africa,Mid Value,1,201.19,201.19,102.1,78.29,20.81
CUST-1421,ORD-7337,2022-11-10,Asia,High Value,4,151.57,606.29,358.46,26.59,221.24
CUST-1946,ORD-7338,2022-11-05,Africa,Low Value,1,460.81,460.81,265.9,35.92,159.0
CUST-2834,ORD-7339,2023-08-26,Asia,Mid Value,5,197.95,989.76,657.59,26.05,306.11
CUST-2564,ORD-7340,2022-04-25,North America,High Value,3,90.15,270.44,131.88,40.14,98.43
CUST-8332,ORD-7341,2023-07-23,Europe,Mid Value,2,153.56,307.13,166.61,16.93,123.59
CUST-5944,ORD-7342,2022-12-08,Asia,High Value,1,329.9,329.9,224.69,43.16,62.04
CUST-2308,ORD-7343,2023-06-14,Africa,Mid Value,1,83.85,83.85,54.41,27.38,2.05
CUST-3986,ORD-7344,2023-10-04,Asia,Mid Value,5,63.95,319.76,191.64,66.13,61.98
CUST-1386,ORD-7345,2023-05-10,Asia,Mid Value,4,239.66,958.64,615.69,34.23,308.72
CUST-7131,ORD-7346,2022-09-26,Asia,Low Value,4,60.15,240.61,135.25,64.45,40.91
CUST-4258,ORD-7347,2022-03-21,Asia,Low Value,3,208.61,625.83,424.11,53.13,148.59
CUST-7121,ORD-7348,2023-04-01,Asia,Mid Value,2,174.91,349.82,209.86,73.63,66.32
CUST-5811,ORD-7349,2022-10-26,Asia,High Value,4,207.91,831.64,518.87,65.8,246.97
CUST-7574,ORD-7350,2022-07-21,Africa,Mid Value,4,254.14,1016.55,623.14,72.58,320.83
CUST-7697,ORD-7351,2023-05-18,Asia,Low Value,4,108.96,435.83,269.43,44.42,121.98
CUST-4933,ORD-7352,2023-11-02,Asia,High Value,1,232.36,232.36,141.8,73.51,17.05
CUST-2439,ORD-7353,2023-12-17,Asia,Low Value,4,193.53,774.12,362.63,16.61,394.88
CUST-7169,ORD-7354,2023-10-11,Europe,Mid Value,5,401.83,2009.14,1207.42,11.33,790.39
CUST-5480,ORD-7355,2023-04-30,North America,Low Value,3,353.45,1060.35,684.83,44.45,331.07
CUST-1055,ORD-7356,2023-08-08,North America,Low Value,4,438.82,1755.28,790.05,66.95,898.28
CUST-4324,ORD-7357,2023-07-14,North America,Low Value,2,341.12,682.25,459.1,20.91,202.24
CUST-7777,ORD-7358,2022-01-18,Africa,Mid Value,1,78.12,78.12,53.75,77.65,-53.28
CUST-1105,ORD-7359,2023-04-23,Africa,Low Value,5,263.4,1316.98,634.85,18.89,663.24
CUST-4201,ORD-7360,2023-05-03,Africa,Mid Value,3,376.39,1129.16,659.16,58.15,411.84
CUST-1669,ORD-7361,2023-03-22,Asia,Mid Value,1,424.01,424.01,202.53,73.63,147.85
CUST-9934,ORD-7362,2022-12-06,North America,Low Value,5,107.01,535.06,278.63,77.4,179.03
CUST-1966,ORD-7363,2023-06-15,Asia,High Value,1,127.28,127.28,77.05,54.61,-4.38
CUST-1307,ORD-7364,2023-09-04,Europe,Low Value,3,433.88,1301.63,684.28,48.07,569.28
CUST-3138,ORD-7365,2022-04-26,North America,Low Value,3,252.99,758.98,410.9,11.81,336.26
CUST-1109,ORD-7366,2022-03-15,Europe,Low Value,4,237.16,948.65,603.85,6.49,338.32
CUST-4632,ORD-7367,2022-09-26,Europe,High Value,2,257.18,514.35,305.39,78.93,130.03
CUST-7728,ORD-7368,2023-09-29,Asia,High Value,4,103.2,412.8,239.22,25.58,148.0
CUST-6684,ORD-7369,2022-04-26,North America,Mid Value,1,321.27,321.27,170.61,10.42,140.24
CUST-7499,ORD-7370,2023-11-17,Europe,High Value,4,407.83,1631.31,1021.26,45.39,564.66
CUST-2915,ORD-7371,2023-11-24,North America,High Value,3,421.79,1265.37,703.53,28.44,533.39
CUST-1556,ORD-7372,2023-10-31,Europe,Low Value,3,34.58,103.74,70.0,31.82,1.93
CUST-8619,ORD-7373,2022-06-13,Europe,Mid Value,3,363.29,1089.87,654.36,31.53,403.98
CUST-1104,ORD-7374,2023-08-06,Asia,Mid Value,4,63.79,255.15,149.16,23.65,82.34
CUST-3047,ORD-7375,2022-08-10,North America,High Value,5,484.1,2420.49,1575.21,77.58,767.7
CUST-1145,ORD-7376,2022-05-06,Asia,High Value,4,251.48,1005.9,574.73,24.89,406.28
CUST-1873,ORD-7377,2023-10-19,Asia,Low Value,4,392.2,1568.8,815.5,46.78,706.52
CUST-1298,ORD-7378,2022-06-25,Asia,High Value,4,318.49,1273.97,622.68,22.9,628.39
CUST-4238,ORD-7379,2023-10-26,Asia,High Value,4,476.93,1907.72,1126.42,62.14,719.16
CUST-9837,ORD-7380,2023-11-25,Asia,Mid Value,3,487.36,1462.07,813.22,22.18,626.67
CUST-7382,ORD-7381,2023-01-10,Europe,High Value,2,153.86,307.72,169.05,51.1,87.58
CUST-3511,ORD-7382,2023-05-13,North America,Low Value,4,251.78,1007.11,541.17,67.55,398.39
CUST-7596,ORD-7383,2022-03-26,North America,Mid Value,4,262.04,1048.14,647.65,25.37,375.12
CUST-1783,ORD-7384,2023-01-18,Asia,Mid Value,2,105.29,210.59,122.09,65.24,23.26
CUST-5992,ORD-7385,2023-09-25,North America,High Value,4,453.89,1815.56,1060.85,11.94,742.77
CUST-1370,ORD-7386,2023-10-03,Europe,Low Value,2,187.81,375.62,197.96,13.73,163.93
CUST-1486,ORD-7387,2023-04-08,Asia,Mid Value,3,61.98,185.94,112.2,35.04,38.7
CUST-8378,ORD-7388,2023-03-27,Africa,Low Value,5,94.18,470.88,259.4,35.52,175.96
CUST-4196,ORD-7389,2023-06-02,Africa,Low Value,4,266.39,1065.54,684.47,43.74,337.33
CUST-5287,ORD-7390,2023-11-26,Europe,High Value,5,443.21,2216.04,1290.59,6.78,918.68
CUST-3261,ORD-7391,2023-07-04,Europe,Low Value,4,321.54,1286.18,671.85,13.79,600.54
CUST-9572,ORD-7392,2022-04-26,Africa,Mid Value,1,123.12,123.12,59.95,5.77,57.4
CUST-1238,ORD-7393,2023-09-06,Asia,High Value,1,162.47,162.47,101.54,76.59,-15.66
CUST-7843,ORD-7394,2022-01-08,Europe,Mid Value,3,488.49,1465.48,795.43,28.5,641.55
CUST-2105,ORD-7395,2022-08-06,Africa,Low Value,5,45.37,226.84,105.79,56.61,64.44
CUST-2386,ORD-7396,2023-12-20,Asia,Low Value,5,497.28,2486.41,1687.6,50.63,748.18
CUST-2667,ORD-7397,2023-08-13,Europe,High Value,2,454.81,909.62,497.26,59.35,353.01
CUST-3691,ORD-7398,2023-02-08,North America,High Value,2,345.67,691.34,440.03,71.21,180.1
CUST-8756,ORD-7399,2023-07-21,North America,Mid Value,4,472.74,1890.95,1067.87,22.49,800.59
CUST-2996,ORD-7400,2022-10-31,North America,Mid Value,2,93.18,186.37,125.38,36.93,24.06
CUST-2425,ORD-7401,2023-04-12,Asia,Low Value,2,472.44,944.89,432.07,29.63,483.19
CUST-9023,ORD-7402,2022-03-29,Europe,High Value,5,122.04,610.18,314.15,11.18,284.84
CUST-7849,ORD-7403,2022-01-10,Africa,Low Value,1,282.18,282.18,165.48,7.39,109.3
CUST-4247,ORD-7404,2022-11-04,Europe,Low Value,5,254.61,1273.03,675.73,62.36,534.94
CUST-3592,ORD-7405,2023-03-10,North America,Mid Value,2,265.98,531.96,338.15,14.69,179.12
CUST-2490,ORD-7406,2022-06-13,North America,Mid Value,4,148.34,593.37,369.14,6.15,218.08
CUST-2224,ORD-7407,2022-08-27,Asia,Mid Value,1,394.71,394.71,180.14,37.88,176.69
CUST-3587,ORD-7408,2022-11-13,Africa,High Value,2,376.44,752.88,451.82,29.17,271.89
CUST-8714,ORD-7409,2023-10-18,Asia,Mid Value,2,477.9,955.81,629.85,9.96,316.0
CUST-4064,ORD-7410,2022-12-01,Africa,High Value,4,263.36,1053.42,557.16,8.87,487.39
CUST-8804,ORD-7411,2022-01-18,Europe,Low Value,4,283.08,1132.34,549.0,73.49,509.85
CUST-1832,ORD-7412,2022-03-12,Asia,High Value,2,453.62,907.24,575.71,75.48,256.05
CUST-3440,ORD-7413,2022-06-24,Asia,Mid Value,2,461.33,922.66,622.9,41.17,258.59
CUST-5795,ORD-7414,2022-12-05,Asia,High Value,5,331.78,1658.89,1018.93,68.62,571.33
CUST-2646,ORD-7415,2022-09-05,North America,High Value,3,413.79,1241.37,821.18,65.01,355.18
CUST-1440,ORD-7416,2022-07-12,North America,Mid Value,4,262.47,1049.87,734.56,48.45,266.86
CUST-6956,ORD-7417,2023-02-23,Africa,Mid Value,4,206.33,825.34,474.44,61.31,289.58
CUST-3367,ORD-7418,2022-11-21,Europe,Low Value,5,434.75,2173.76,1486.47,74.79,612.51
CUST-7696,ORD-7419,2022-11-02,Asia,High Value,1,393.09,393.09,210.73,47.47,134.89
CUST-6190,ORD-7420,2022-07-23,North America,Low Value,1,136.36,136.36,86.78,43.38,6.2
CUST-5663,ORD-7421,2022-05-03,Asia,Low Value,1,42.87,42.87,28.95,5.27,8.65
CUST-8062,ORD-7422,2023-07-24,Africa,High Value,4,291.49,1165.95,676.51,45.66,443.78
CUST-5331,ORD-7423,2023-03-23,Africa,Low Value,3,423.98,1271.93,771.57,66.31,434.04
CUST-4034,ORD-7424,2023-12-14,Europe,High Value,3,138.66,415.97,288.11,62.16,65.7
CUST-4262,ORD-7425,2023-05-06,Africa,Low Value,5,388.35,1941.75,995.72,53.43,892.6
CUST-3107,ORD-7426,2023-03-09,Asia,Low Value,1,218.72,218.72,117.89,6.84,93.99
CUST-8036,ORD-7427,2023-09-16,Europe,High Value,1,181.14,181.14,116.49,74.4,-9.75
CUST-5320,ORD-7428,2022-05-08,Europe,Mid Value,2,102.95,205.9,110.21,37.18,58.51
CUST-6938,ORD-7429,2023-07-02,North America,High Value,5,468.46,2342.3,1347.28,47.87,947.16
CUST-3747,ORD-7430,2022-02-16,Asia,Mid Value,5,128.34,641.68,296.85,34.83,310.0
CUST-5677,ORD-7431,2023-05-20,Africa,High Value,4,154.01,616.04,364.31,31.17,220.57
CUST-8972,ORD-7432,2022-04-25,North America,High Value,4,179.11,716.46,434.67,43.29,238.49
CUST-5264,ORD-7433,2023-02-20,Asia,Mid Value,5,156.64,783.19,368.61,42.1,372.48
CUST-4133,ORD-7434,2022-08-11,Asia,Mid Value,3,98.19,294.58,150.53,31.73,112.33
CUST-2465,ORD-7435,2023-09-28,Europe,High Value,5,190.14,950.68,530.76,65.29,354.63
CUST-5109,ORD-7436,2023-05-18,Europe,High Value,3,246.45,739.35,477.11,8.8,253.44
CUST-3211,ORD-7437,2023-11-03,Asia,High Value,4,284.85,1139.4,518.9,13.78,606.73
CUST-6539,ORD-7438,2022-04-06,North America,Mid Value,5,95.12,475.6,253.42,11.19,210.99
CUST-2689,ORD-7439,2022-04-17,Europe,High Value,3,394.12,1182.36,533.51,47.37,601.48
CUST-8727,ORD-7440,2023-09-24,Europe,Mid Value,2,169.53,339.07,196.77,35.94,106.36
CUST-8764,ORD-7441,2023-09-05,Asia,Low Value,2,460.62,921.23,529.43,38.9,352.9
CUST-5541,ORD-7442,2023-09-07,Asia,Mid Value,5,178.19,890.93,569.16,48.26,273.51
CUST-4541,ORD-7443,2023-11-09,Europe,Low Value,1,434.18,434.18,195.81,29.3,209.08
CUST-1818,ORD-7444,2023-11-29,North America,High Value,5,189.22,946.08,605.19,18.73,322.16
CUST-5521,ORD-7445,2022-02-01,Europe,High Value,4,262.8,1051.2,707.25,28.01,315.93
CUST-2124,ORD-7446,2023-05-08,Asia,Mid Value,4,198.73,794.92,420.8,79.55,294.58
CUST-6660,ORD-7447,2022-03-07,Europe,Low Value,2,205.81,411.61,219.56,76.45,115.6
CUST-6641,ORD-7448,2022-06-28,Asia,High Value,3,316.92,950.76,428.1,76.75,445.92
CUST-2129,ORD-7449,2023-03-19,Europe,High Value,2,352.61,705.21,393.0,7.07,305.14
CUST-2702,ORD-7450,2023-07-03,Asia,Low Value,3,437.83,1313.48,792.36,11.71,509.41
CUST-3001,ORD-7451,2022-07-20,Asia,High Value,5,293.15,1465.73,704.54,8.43,752.76
CUST-7912,ORD-7452,2022-02-18,North America,High Value,1,124.09,124.09,76.22,66.16,-18.3
CUST-4878,ORD-7453,2023-11-11,Asia,Mid Value,4,495.0,1979.99,1072.04,79.35,828.6
CUST-8232,ORD-7454,2022-09-20,Europe,High Value,5,348.21,1741.06,1076.41,45.72,618.93
CUST-7331,ORD-7455,2022-05-13,Asia,Low Value,2,199.88,399.76,204.99,57.56,137.21
CUST-7035,ORD-7456,2022-12-10,Africa,High Value,5,484.74,2423.69,1560.04,31.42,832.24
CUST-7523,ORD-7457,2022-06-25,Europe,Mid Value,1,480.07,480.07,281.9,62.41,135.76
CUST-9111,ORD-7458,2023-01-26,North America,High Value,3,58.18,174.54,101.81,54.21,18.52
CUST-9736,ORD-7459,2022-01-11,Europe,Low Value,1,29.52,29.52,16.88,65.07,-52.44
CUST-3401,ORD-7460,2022-07-20,North America,High Value,2,41.34,82.68,54.61,42.5,-14.43
CUST-9974,ORD-7461,2022-01-03,Africa,Low Value,1,348.95,348.95,205.38,19.55,124.02
CUST-1539,ORD-7462,2022-08-02,North America,Mid Value,4,361.22,1444.89,707.85,40.68,696.36
CUST-6615,ORD-7463,2022-11-03,Asia,High Value,1,367.53,367.53,222.89,28.41,116.24
CUST-3956,ORD-7464,2023-06-28,Africa,High Value,5,322.51,1612.57,932.91,57.06,622.61
CUST-9077,ORD-7465,2023-07-14,Africa,Mid Value,3,157.04,471.11,220.12,15.26,235.73
CUST-4722,ORD-7466,2022-11-23,North America,Low Value,4,100.22,400.89,238.64,29.89,132.36
CUST-6087,ORD-7467,2022-07-18,Europe,Low Value,4,465.37,1861.49,874.61,5.49,981.38
CUST-7460,ORD-7468,2023-08-24,North America,High Value,4,458.31,1833.23,1157.15,66.16,609.92
CUST-3170,ORD-7469,2022-04-19,North America,Low Value,2,136.39,272.79,167.41,35.5,69.88
CUST-4391,ORD-7470,2022-10-18,Africa,Low Value,2,100.61,201.22,115.36,63.21,22.64
CUST-7942,ORD-7471,2022-04-18,Asia,High Value,5,200.16,1000.82,637.72,12.32,350.78
CUST-2616,ORD-7472,2023-02-12,Europe,Low Value,3,43.24,129.71,67.47,19.53,42.7
CUST-7458,ORD-7473,2023-07-06,North America,Low Value,1,97.83,97.83,54.94,68.79,-25.9
CUST-3756,ORD-7474,2022-02-21,Asia,High Value,5,202.54,1012.72,459.59,49.66,503.46
CUST-7853,ORD-7475,2022-04-22,Asia,High Value,2,134.6,269.19,187.65,5.44,76.1
CUST-8709,ORD-7476,2022-10-22,Europe,Low Value,5,373.67,1868.37,867.04,72.88,928.44
CUST-2936,ORD-7477,2023-08-03,Asia,High Value,3,454.38,1363.14,649.01,78.76,635.37
CUST-4091,ORD-7478,2022-07-08,North America,Low Value,5,456.39,2281.94,1309.2,54.59,918.15
CUST-1968,ORD-7479,2023-12-22,Africa,Low Value,4,310.05,1240.21,674.65,59.59,505.98
CUST-8297,ORD-7480,2022-03-06,Asia,Low Value,1,357.68,357.68,208.56,15.02,134.1
CUST-4203,ORD-7481,2023-07-28,Africa,Low Value,2,257.14,514.27,338.78,62.47,113.02
CUST-7499,ORD-7482,2023-04-10,Europe,High Value,2,90.41,180.82,88.54,12.42,79.86
CUST-6173,ORD-7483,2022-09-15,Europe,High Value,3,324.82,974.45,594.3,71.73,308.42
CUST-1889,ORD-7484,2023-10-08,Asia,Mid Value,3,187.98,563.93,256.31,42.86,264.76
CUST-9984,ORD-7485,2023-09-26,Africa,High Value,3,22.78,68.34,44.25,15.59,8.5
CUST-8382,ORD-7486,2022-11-27,North America,Mid Value,2,295.98,591.96,387.08,11.65,193.22
CUST-4531,ORD-7487,2023-05-16,Africa,Low Value,4,115.22,460.87,251.1,38.01,171.76
CUST-1801,ORD-7488,2023-11-14,Asia,High Value,1,445.52,445.52,219.79,5.4,220.33
CUST-9234,ORD-7489,2022-07-29,Africa,Low Value,3,468.29,1404.88,917.06,77.09,410.73
CUST-4349,ORD-7490,2022-03-30,Africa,Mid Value,2,97.84,195.69,132.54,17.8,45.35
CUST-9005,ORD-7491,2023-11-10,Europe,High Value,4,34.12,136.47,63.98,36.46,36.03
CUST-4201,ORD-7492,2022-01-28,Asia,High Value,3,21.94,65.82,39.16,50.5,-23.84
CUST-1349,ORD-7493,2022-08-26,Africa,High Value,3,458.26,1374.78,941.09,55.61,378.08
CUST-1583,ORD-7494,2022-12-02,Asia,High Value,1,92.97,92.97,56.8,47.36,-11.19
CUST-4377,ORD-7495,2022-03-04,North America,Low Value,1,228.96,228.96,149.99,18.39,60.58
CUST-7028,ORD-7496,2023-07-07,Asia,High Value,5,47.44,237.19,120.36,40.38,76.44
CUST-8694,ORD-7497,2023-05-15,North America,Mid Value,3,199.21,597.62,284.22,29.19,284.21
CUST-7196,ORD-7498,2023-06-25,Asia,High Value,5,397.0,1985.02,1079.94,11.7,893.37
CUST-8083,ORD-7499,2023-04-14,Asia,Mid Value,2,215.2,430.4,236.19,34.06,160.14
CUST-4401,ORD-7500,2023-08-15,Africa,Mid Value,1,392.28,392.28,253.63,50.66,87.99
CUST-4185,ORD-7501,2022-02-20,Africa,Low Value,4,350.64,1402.57,773.62,12.65,616.3
CUST-6285,ORD-7502,2022-04-22,North America,High Value,3,268.31,804.92,409.83,17.37,377.72
CUST-7772,ORD-7503,2022-10-28,North America,Mid Value,3,374.1,1122.3,753.72,11.47,357.11
CUST-9490,ORD-7504,2022-03-31,Europe,High Value,5,441.97,2209.87,1426.83,5.08,777.95
CUST-4347,ORD-7505,2022-08-17,Africa,Low Value,1,400.65,400.65,247.13,75.23,78.28
CUST-1788,ORD-7506,2022-05-30,North America,Low Value,5,352.03,1760.15,883.21,67.87,809.07
CUST-5945,ORD-7507,2022-05-18,Africa,High Value,3,356.87,1070.62,536.6,22.37,511.66
CUST-3889,ORD-7508,2022-05-15,Asia,Mid Value,1,97.33,97.33,55.75,48.32,-6.75
CUST-6273,ORD-7509,2023-04-02,Europe,Low Value,3,476.32,1428.97,832.7,65.12,531.14
CUST-4272,ORD-7510,2023-08-24,Africa,Mid Value,1,118.72,118.72,61.02,32.49,25.2
CUST-6234,ORD-7511,2023-05-09,Africa,Mid Value,3,187.5,562.49,270.47,60.43,231.59
CUST-7902,ORD-7512,2023-06-11,Africa,High Value,4,268.63,1074.53,581.11,70.15,423.28
CUST-8612,ORD-7513,2022-11-29,Africa,Low Value,5,80.57,402.83,224.49,42.4,135.95
CUST-3492,ORD-7514,2022-12-28,North America,High Value,1,304.92,304.92,141.22,71.6,92.1
CUST-7745,ORD-7515,2022-06-23,North America,High Value,5,107.69,538.43,318.3,20.75,199.38
CUST-5240,ORD-7516,2023-08-25,Europe,High Value,1,463.22,463.22,208.68,72.61,181.93
CUST-3322,ORD-7517,2022-08-01,Asia,Mid Value,1,446.56,446.56,217.83,65.41,163.32
CUST-6298,ORD-7518,2022-12-09,Asia,High Value,1,281.32,281.32,136.93,68.0,76.39
CUST-2861,ORD-7519,2022-03-02,Europe,Low Value,3,235.75,707.25,439.83,5.34,262.08
CUST-7620,ORD-7520,2022-03-02,Asia,Mid Value,2,69.25,138.5,79.15,54.77,4.58
CUST-5047,ORD-7521,2023-11-09,North America,High Value,3,415.18,1245.55,820.83,35.05,389.67
CUST-8581,ORD-7522,2023-06-08,Africa,Low Value,2,202.1,404.2,208.65,50.34,145.2
CUST-8320,ORD-7523,2022-08-04,Asia,High Value,3,138.24,414.71,208.45,11.27,194.98
CUST-2098,ORD-7524,2023-08-12,Africa,High Value,2,497.74,995.49,647.79,22.74,324.96
CUST-6247,ORD-7525,2023-09-16,Africa,High Value,1,340.78,340.78,191.2,31.35,118.24
CUST-2734,ORD-7526,2023-08-01,North America,Mid Value,1,55.45,55.45,28.76,58.88,-32.18
CUST-5663,ORD-7527,2023-11-25,Africa,High Value,2,404.62,809.24,448.78,46.47,314.0
CUST-6909,ORD-7528,2023-02-27,Asia,Low Value,2,380.19,760.39,423.02,6.1,331.27
CUST-4416,ORD-7529,2023-12-17,North America,High Value,5,212.58,1062.88,630.32,30.11,402.46
CUST-7302,ORD-7530,2023-02-27,Europe,High Value,1,79.37,79.37,36.46,75.5,-32.59
CUST-8593,ORD-7531,2023-01-06,North America,Mid Value,3,258.77,776.32,397.47,18.49,360.37
CUST-1680,ORD-7532,2022-07-25,Asia,High Value,5,386.39,1931.97,1094.89,22.76,814.32
CUST-9163,ORD-7533,2022-10-13,North America,Low Value,2,56.49,112.97,66.15,28.05,18.77
CUST-3070,ORD-7534,2022-04-15,Asia,Low Value,3,98.45,295.36,144.63,25.1,125.62
CUST-7668,ORD-7535,2023-11-19,Asia,High Value,4,317.08,1268.34,632.15,14.13,622.06
CUST-9001,ORD-7536,2023-12-24,North America,Low Value,4,288.58,1154.33,729.42,28.45,396.46
CUST-3191,ORD-7537,2023-06-27,Asia,Low Value,4,454.44,1817.77,1174.99,45.46,597.33
CUST-9859,ORD-7538,2022-08-30,Europe,High Value,3,411.1,1233.3,578.15,55.65,599.5
CUST-8586,ORD-7539,2023-05-06,Asia,Low Value,2,461.04,922.08,643.17,53.21,225.7
CUST-9872,ORD-7540,2023-10-27,Europe,Low Value,3,243.66,730.98,408.09,17.2,305.69
CUST-3846,ORD-7541,2023-12-09,Europe,High Value,5,398.14,1990.72,1187.34,51.09,752.29
CUST-3463,ORD-7542,2023-05-13,Asia,Mid Value,5,43.38,216.92,129.81,31.87,55.24
CUST-7837,ORD-7543,2023-03-11,Africa,Mid Value,4,161.36,645.42,346.27,66.64,232.51
CUST-5922,ORD-7544,2023-04-29,Europe,High Value,2,329.25,658.5,386.01,32.18,240.31
CUST-5392,ORD-7545,2023-03-23,Europe,Mid Value,5,386.57,1932.84,1151.68,78.24,702.91
CUST-4183,ORD-7546,2023-01-19,North America,Mid Value,1,293.84,293.84,188.11,51.11,54.61
CUST-4167,ORD-7547,2023-05-25,Europe,Mid Value,1,250.75,250.75,154.33,37.17,59.25
CUST-3997,ORD-7548,2022-06-19,Europe,Mid Value,4,131.97,527.87,296.49,42.73,188.65
CUST-7521,ORD-7549,2022-11-19,Europe,High Value,4,103.61,414.44,206.32,18.2,189.92
CUST-4227,ORD-7550,2023-04-19,Europe,Mid Value,4,440.23,1760.93,803.49,56.01,901.42
CUST-7564,ORD-7551,2022-08-20,Africa,Mid Value,5,88.26,441.31,270.51,77.23,93.57
CUST-3024,ORD-7552,2023-11-27,Europe,High Value,2,228.94,457.88,260.73,43.62,153.53
CUST-1329,ORD-7553,2022-12-25,Asia,High Value,4,446.47,1785.88,1234.73,79.43,471.73
CUST-3486,ORD-7554,2022-10-02,Africa,Mid Value,3,90.9,272.71,129.42,16.28,127.0
CUST-2155,ORD-7555,2022-02-01,Europe,Low Value,4,81.22,324.89,152.1,52.83,119.96
CUST-5477,ORD-7556,2022-06-26,Asia,High Value,5,352.4,1762.02,872.76,55.84,833.41
CUST-3185,ORD-7557,2022-03-06,Asia,High Value,2,179.16,358.31,195.0,28.38,134.94
CUST-8086,ORD-7558,2023-12-11,Africa,Mid Value,4,229.14,916.56,452.59,31.37,432.6
CUST-3317,ORD-7559,2022-01-27,Africa,Low Value,1,320.28,320.28,181.27,75.91,63.11
CUST-4621,ORD-7560,2023-10-25,Asia,High Value,4,201.91,807.63,432.02,50.9,324.71
CUST-5491,ORD-7561,2023-04-24,Africa,High Value,4,403.92,1615.7,1130.78,63.61,421.3
CUST-3511,ORD-7562,2022-09-25,Africa,High Value,2,485.11,970.23,671.08,59.45,239.7
CUST-8842,ORD-7563,2023-08-20,North America,Low Value,3,467.87,1403.61,759.64,50.82,593.15
CUST-9641,ORD-7564,2022-03-07,Africa,High Value,4,281.82,1127.27,730.5,8.59,388.18
CUST-8848,ORD-7565,2022-05-13,North America,High Value,4,190.31,761.25,388.55,54.7,318.0
CUST-6404,ORD-7566,2023-01-01,Africa,Low Value,5,228.19,1140.96,529.9,30.87,580.19
CUST-6393,ORD-7567,2022-03-23,Africa,High Value,2,178.48,356.95,164.24,40.18,152.53
CUST-2293,ORD-7568,2022-11-24,Asia,Low Value,5,232.03,1160.14,530.52,68.86,560.75
CUST-3465,ORD-7569,2022-04-08,North America,Low Value,4,26.23,104.91,66.51,77.65,-39.25
CUST-4175,ORD-7570,2023-08-08,Africa,Low Value,4,46.5,186.01,99.62,57.07,29.32
CUST-8849,ORD-7571,2022-11-23,Europe,Mid Value,1,390.24,390.24,255.98,22.4,111.86
CUST-9444,ORD-7572,2023-06-26,Africa,High Value,5,180.71,903.55,603.99,28.83,270.74
CUST-9210,ORD-7573,2022-05-05,Asia,High Value,2,401.31,802.63,422.49,15.36,364.79
CUST-3759,ORD-7574,2022-07-29,Asia,High Value,4,250.37,1001.49,523.07,48.55,429.87
CUST-6255,ORD-7575,2023-12-26,Asia,Low Value,1,406.84,406.84,214.4,74.74,117.7
CUST-9414,ORD-7576,2022-05-13,North America,Mid Value,1,338.52,338.52,192.57,65.82,80.13
CUST-1002,ORD-7577,2023-05-18,North America,Low Value,3,116.48,349.44,158.64,45.77,145.03
CUST-9130,ORD-7578,2022-06-06,North America,High Value,2,234.91,469.81,212.69,75.6,181.52
CUST-2259,ORD-7579,2023-07-13,Europe,Low Value,1,358.08,358.08,226.98,72.26,58.85
CUST-9190,ORD-7580,2023-01-17,North America,Mid Value,2,178.7,357.39,233.04,32.08,92.27
CUST-5323,ORD-7581,2022-01-22,Asia,High Value,4,112.79,451.14,226.04,46.23,178.87
CUST-6773,ORD-7582,2023-08-18,North America,Low Value,3,279.13,837.4,501.16,27.2,309.04
CUST-3568,ORD-7583,2023-02-23,North America,Mid Value,2,151.35,302.7,152.56,5.66,144.48
CUST-2885,ORD-7584,2023-04-17,Africa,Low Value,3,305.28,915.85,580.24,38.84,296.77
CUST-8060,ORD-7585,2022-08-22,North America,Low Value,2,150.43,300.87,167.02,61.26,72.59
CUST-8844,ORD-7586,2023-07-26,Africa,High Value,2,455.16,910.32,596.88,52.56,260.87
CUST-7111,ORD-7587,2023-03-30,North America,Mid Value,5,185.07,925.36,635.85,74.51,215.0
CUST-3338,ORD-7588,2023-12-01,Africa,Low Value,3,455.58,1366.73,804.82,56.43,505.48
CUST-4758,ORD-7589,2023-07-24,Asia,Mid Value,2,154.15,308.3,208.16,15.59,84.55
CUST-5810,ORD-7590,2022-06-11,North America,High Value,5,310.14,1550.69,710.91,25.01,814.77
CUST-7791,ORD-7591,2022-10-28,Asia,High Value,5,82.5,412.52,233.35,14.4,164.77
CUST-8171,ORD-7592,2022-11-02,North America,High Value,3,393.62,1180.86,680.02,64.61,436.23
CUST-3731,ORD-7593,2022-01-02,Europe,Mid Value,4,116.1,464.42,257.27,76.3,130.85
CUST-1869,ORD-7594,2022-09-28,Europe,Mid Value,3,434.73,1304.19,689.54,21.97,592.68
CUST-6166,ORD-7595,2023-02-25,Asia,Low Value,2,237.17,474.35,299.19,62.41,112.74
CUST-1093,ORD-7596,2022-05-23,Asia,Mid Value,4,65.38,261.52,153.82,37.78,69.92
CUST-3987,ORD-7597,2023-12-01,Europe,High Value,3,194.5,583.5,274.6,31.64,277.26
CUST-9627,ORD-7598,2023-11-23,Europe,Low Value,3,394.27,1182.81,813.39,79.02,290.4
CUST-5947,ORD-7599,2023-06-19,Africa,Mid Value,3,56.62,169.86,114.13,30.94,24.8
CUST-7651,ORD-7600,2022-02-06,North America,High Value,3,320.35,961.05,517.4,54.58,389.08
CUST-7979,ORD-7601,2022-04-17,Europe,High Value,4,263.49,1053.95,539.15,58.46,456.34
CUST-7794,ORD-7602,2022-10-24,Asia,Low Value,2,168.74,337.47,204.89,62.98,69.61
CUST-7524,ORD-7603,2022-04-07,Asia,High Value,5,382.7,1913.48,881.78,69.65,962.05
CUST-4144,ORD-7604,2022-10-08,Europe,Mid Value,3,45.17,135.51,77.79,47.46,10.27
CUST-4587,ORD-7605,2022-04-20,Asia,High Value,5,258.87,1294.34,800.1,50.33,443.91
CUST-1076,ORD-7606,2023-07-03,North America,Low Value,5,263.29,1316.47,726.26,58.34,531.88
CUST-9959,ORD-7607,2023-07-06,Africa,High Value,5,61.47,307.37,213.03,16.17,78.18
CUST-7553,ORD-7608,2023-08-20,North America,High Value,3,85.29,255.87,161.13,20.0,74.74
CUST-9297,ORD-7609,2022-07-07,Africa,Mid Value,3,216.63,649.9,444.22,62.32,143.36
CUST-7694,ORD-7610,2023-05-03,Africa,Mid Value,3,277.53,832.59,563.64,15.12,253.83
CUST-3873,ORD-7611,2022-12-20,Europe,Mid Value,3,45.53,136.6,65.97,56.64,14.0
CUST-4346,ORD-7612,2022-01-19,Asia,Mid Value,1,25.64,25.64,15.83,7.43,2.39
CUST-8024,ORD-7613,2023-01-28,Africa,High Value,2,112.45,224.9,134.75,30.32,59.83
CUST-4148,ORD-7614,2022-09-18,Europe,Mid Value,1,254.15,254.15,117.85,54.67,81.63
CUST-1244,ORD-7615,2023-02-14,Asia,High Value,4,39.33,157.34,83.3,58.0,16.03
CUST-3625,ORD-7616,2023-02-07,Asia,Mid Value,1,371.95,371.95,217.09,52.26,102.61
CUST-4849,ORD-7617,2023-11-01,Africa,Mid Value,1,92.93,92.93,54.55,38.12,0.26
CUST-8737,ORD-7618,2023-04-29,Asia,Mid Value,1,390.85,390.85,255.43,24.1,111.32
CUST-9333,ORD-7619,2022-10-31,North America,High Value,2,118.27,236.54,141.2,51.0,44.35
CUST-1892,ORD-7620,2023-09-16,Asia,Mid Value,5,186.38,931.89,528.03,18.87,384.98
CUST-6487,ORD-7621,2023-10-18,North America,High Value,4,249.96,999.86,637.9,9.52,352.44
CUST-8251,ORD-7622,2022-01-18,Asia,Mid Value,4,186.69,746.76,442.62,6.47,297.67
CUST-8310,ORD-7623,2022-07-03,Africa,Mid Value,2,31.34,62.67,42.05,25.08,-4.46
CUST-3399,ORD-7624,2023-02-09,Africa,Low Value,1,456.12,456.12,308.5,7.25,140.37
CUST-5640,ORD-7625,2022-05-11,Europe,Mid Value,5,157.5,787.52,473.38,23.69,290.45
CUST-3960,ORD-7626,2023-04-24,North America,High Value,3,85.3,255.89,151.25,26.71,77.93
CUST-8325,ORD-7627,2022-01-08,North America,Low Value,2,83.61,167.22,104.56,30.87,31.78
CUST-2469,ORD-7628,2023-12-06,Africa,High Value,5,487.81,2439.07,1539.98,58.51,840.58
CUST-4374,ORD-7629,2022-11-14,Africa,High Value,2,79.07,158.14,99.91,38.1,20.13
CUST-9847,ORD-7630,2023-01-26,Africa,Low Value,2,186.34,372.69,225.54,78.9,68.25
CUST-9234,ORD-7631,2023-06-03,North America,Mid Value,3,52.46,157.38,100.83,76.05,-19.51
CUST-8923,ORD-7632,2022-05-16,Europe,Low Value,5,373.03,1865.13,906.51,78.62,880.01
CUST-6122,ORD-7633,2023-06-15,North America,High Value,1,306.44,306.44,200.83,35.92,69.69
CUST-6387,ORD-7634,2023-10-13,Africa,Mid Value,5,276.11,1380.57,728.4,8.32,643.85
CUST-8631,ORD-7635,2023-01-02,Europe,Low Value,5,430.8,2154.02,1446.25,69.52,638.24
CUST-8226,ORD-7636,2023-05-04,Asia,High Value,1,295.2,295.2,142.57,37.62,115.02
CUST-6108,ORD-7637,2023-11-20,Asia,Mid Value,3,478.65,1435.96,647.48,53.09,735.4
CUST-3224,ORD-7638,2022-01-11,Africa,High Value,5,318.93,1594.67,723.85,68.26,802.56
CUST-3110,ORD-7639,2023-07-07,Europe,Mid Value,1,190.08,190.08,95.52,50.55,44.01
CUST-1957,ORD-7640,2023-03-22,Africa,Mid Value,2,37.64,75.28,36.02,60.27,-21.01
CUST-8146,ORD-7641,2022-04-24,North America,Low Value,2,368.13,736.26,433.28,23.66,279.33
CUST-1560,ORD-7642,2023-11-23,North America,Mid Value,1,199.35,199.35,112.06,19.63,67.67
CUST-8413,ORD-7643,2023-12-07,Europe,High Value,2,307.62,615.23,370.07,46.65,198.52
CUST-2312,ORD-7644,2022-07-15,Africa,Mid Value,5,440.65,2203.24,1097.57,52.85,1052.82
CUST-2821,ORD-7645,2022-11-19,Africa,High Value,1,23.68,23.68,15.12,70.38,-61.82
CUST-6646,ORD-7646,2023-05-27,Asia,Mid Value,5,384.61,1923.07,1158.88,66.6,697.59
CUST-5945,ORD-7647,2023-09-20,Europe,Mid Value,4,228.94,915.75,462.73,79.18,373.84
CUST-6374,ORD-7648,2023-10-24,Africa,Low Value,3,79.55,238.65,131.19,77.48,29.98
CUST-3651,ORD-7649,2023-09-22,North America,Mid Value,3,299.58,898.74,565.8,51.76,281.17
CUST-5701,ORD-7650,2022-06-14,Africa,Mid Value,3,275.66,826.97,512.8,42.76,271.41
CUST-3877,ORD-7651,2022-09-09,Africa,High Value,1,424.31,424.31,250.59,62.05,111.67
CUST-6582,ORD-7652,2022-02-13,North America,High Value,4,270.35,1081.4,751.31,24.6,305.49
CUST-6390,ORD-7653,2023-04-15,North America,High Value,3,417.13,1251.39,604.36,31.43,615.59
CUST-5083,ORD-7654,2023-05-04,Africa,Mid Value,5,281.35,1406.77,804.77,62.53,539.47
CUST-1745,ORD-7655,2022-06-30,North America,High Value,3,234.53,703.6,426.39,76.25,200.97
CUST-9749,ORD-7656,2022-03-18,Asia,High Value,4,198.17,792.67,553.69,72.15,166.83
CUST-1941,ORD-7657,2023-01-09,Asia,Mid Value,5,103.37,516.87,302.71,10.46,203.7
CUST-5023,ORD-7658,2023-09-20,Asia,High Value,5,300.33,1501.67,841.83,22.39,637.45
CUST-3296,ORD-7659,2022-03-08,North America,Low Value,1,281.24,281.24,191.4,25.5,64.34
CUST-1939,ORD-7660,2023-06-09,North America,Low Value,1,488.36,488.36,281.58,33.74,173.03
CUST-2610,ORD-7661,2022-04-02,North America,High Value,2,217.96,435.91,298.52,10.3,127.09
CUST-7300,ORD-7662,2023-10-13,Europe,High Value,4,222.33,889.32,567.04,22.32,299.97
CUST-2725,ORD-7663,2022-09-01,North America,High Value,5,98.66,493.29,242.69,58.71,191.89
CUST-9853,ORD-7664,2022-12-07,Asia,Mid Value,4,306.83,1227.34,603.69,23.33,600.32
CUST-8187,ORD-7665,2022-10-31,Asia,Low Value,3,426.97,1280.91,678.23,75.69,526.98
CUST-1032,ORD-7666,2023-02-02,Asia,Low Value,3,139.0,417.01,194.71,36.73,185.57
CUST-6985,ORD-7667,2023-12-04,Europe,High Value,2,24.36,48.71,28.53,12.48,7.71
CUST-4414,ORD-7668,2023-03-24,Africa,High Value,5,351.91,1759.54,1169.98,68.2,521.36
CUST-2156,ORD-7669,2022-04-07,Asia,Mid Value,5,35.06,175.3,96.41,73.66,5.22
CUST-4126,ORD-7670,2022-11-27,Europe,Mid Value,2,216.45,432.91,264.97,74.61,93.32
CUST-9252,ORD-7671,2022-07-24,Africa,Low Value,3,314.1,942.3,655.25,42.04,245.01
CUST-2543,ORD-7672,2023-03-25,Europe,Mid Value,5,205.29,1026.43,511.61,74.04,440.78
CUST-1271,ORD-7673,2023-02-22,Europe,Low Value,4,145.08,580.31,313.09,58.19,209.03
CUST-6295,ORD-7674,2023-10-11,Africa,High Value,5,403.65,2018.24,920.82,19.67,1077.75
CUST-5076,ORD-7675,2022-03-18,North America,High Value,3,164.45,493.34,250.61,44.99,197.75
CUST-6902,ORD-7676,2023-07-03,North America,Low Value,5,106.42,532.11,343.14,37.46,151.51
CUST-3709,ORD-7677,2023-03-01,Asia,High Value,5,206.43,1032.15,633.89,38.83,359.43
CUST-6221,ORD-7678,2023-03-05,Africa,Mid Value,1,83.2,83.2,53.74,36.0,-6.54
CUST-9529,ORD-7679,2023-04-30,Asia,High Value,5,351.39,1756.95,977.44,18.15,761.36
CUST-7722,ORD-7680,2022-05-15,Europe,High Value,2,360.84,721.68,457.48,34.25,229.95
CUST-9201,ORD-7681,2023-10-16,North America,Low Value,2,27.09,54.19,32.51,43.4,-21.72
CUST-5144,ORD-7682,2022-09-11,Asia,Mid Value,4,353.54,1414.14,752.47,26.43,635.25
CUST-6606,ORD-7683,2023-07-14,Asia,Mid Value,5,163.51,817.57,452.2,18.26,347.11
CUST-7766,ORD-7684,2022-09-12,North America,High Value,4,334.98,1339.91,784.29,19.87,535.75
CUST-1730,ORD-7685,2023-10-08,Europe,High Value,3,359.11,1077.34,742.4,19.47,315.46
CUST-5890,ORD-7686,2023-12-21,Asia,Mid Value,3,153.34,460.01,314.11,38.51,107.39
CUST-2648,ORD-7687,2023-05-14,Asia,Mid Value,1,108.99,108.99,75.92,20.68,12.38
CUST-5228,ORD-7688,2023-09-05,Africa,Low Value,1,416.65,416.65,189.2,58.8,168.65
CUST-3130,ORD-7689,2023-04-29,Africa,High Value,5,374.81,1874.04,1179.33,30.17,664.54
CUST-5366,ORD-7690,2022-02-15,North America,High Value,5,421.83,2109.14,1420.85,75.45,612.84
CUST-2506,ORD-7691,2023-03-19,North America,Mid Value,4,229.15,916.58,581.87,9.7,325.01
CUST-3158,ORD-7692,2023-08-05,Europe,Low Value,4,239.06,956.23,529.85,28.25,398.14
CUST-3916,ORD-7693,2023-10-10,Europe,Mid Value,5,185.2,926.0,584.49,60.38,281.13
CUST-4229,ORD-7694,2023-08-02,Asia,High Value,5,259.55,1297.75,728.08,56.36,513.31
CUST-7265,ORD-7695,2022-01-04,Africa,High Value,1,330.35,330.35,207.64,36.55,86.16
CUST-5136,ORD-7696,2022-01-01,Europe,High Value,1,410.98,410.98,265.12,70.26,75.6
CUST-3689,ORD-7697,2022-10-17,Asia,High Value,1,107.92,107.92,71.31,10.35,26.25
CUST-8190,ORD-7698,2022-04-19,Asia,Low Value,5,214.6,1073.0,678.14,43.18,351.68
CUST-3810,ORD-7699,2023-07-29,North America,High Value,4,241.38,965.51,473.1,20.03,472.37
CUST-7152,ORD-7700,2023-04-05,Africa,Mid Value,2,254.24,508.47,347.83,33.05,127.6
CUST-1012,ORD-7701,2022-09-23,Asia,Low Value,2,280.15,560.29,282.02,57.43,220.84
CUST-6938,ORD-7702,2022-05-18,North America,Low Value,4,404.84,1619.35,873.47,12.42,733.46
CUST-8999,ORD-7703,2023-03-10,Asia,High Value,4,445.4,1781.6,992.85,8.28,780.47
CUST-8219,ORD-7704,2022-02-13,Africa,Low Value,4,96.4,385.58,242.19,36.56,106.83
CUST-6328,ORD-7705,2023-05-25,Asia,High Value,1,362.09,362.09,226.42,25.36,110.31
CUST-4621,ORD-7706,2022-09-19,Asia,Low Value,3,249.97,749.92,517.77,59.04,173.11
CUST-4683,ORD-7707,2023-12-29,Europe,Low Value,5,220.5,1102.52,548.09,9.92,544.51
CUST-8872,ORD-7708,2023-09-25,Europe,Mid Value,1,74.4,74.4,41.87,77.49,-44.95
CUST-6310,ORD-7709,2022-06-01,North America,Mid Value,2,50.79,101.57,50.88,51.56,-0.87
CUST-1652,ORD-7710,2022-08-01,Asia,Mid Value,5,489.35,2446.75,1512.43,42.59,891.72
CUST-6799,ORD-7711,2022-08-22,North America,Low Value,4,328.34,1313.35,660.95,35.94,616.45
CUST-9812,ORD-7712,2023-09-15,Africa,Mid Value,2,237.16,474.33,316.36,61.18,96.79
CUST-4790,ORD-7713,2022-12-27,North America,Mid Value,4,385.65,1542.59,1073.15,31.72,437.71
CUST-2645,ORD-7714,2022-11-16,Asia,Mid Value,4,63.74,254.97,134.94,63.27,56.77
CUST-5512,ORD-7715,2022-08-10,Europe,Low Value,4,311.57,1246.3,791.2,58.3,396.8
CUST-5759,ORD-7716,2022-07-29,Europe,High Value,5,337.09,1685.47,982.97,46.35,656.15
CUST-6874,ORD-7717,2023-01-31,North America,Mid Value,2,236.99,473.97,255.86,71.65,146.46
CUST-4688,ORD-7718,2023-08-06,Europe,Low Value,2,141.25,282.49,140.63,30.95,110.92
CUST-8689,ORD-7719,2023-05-04,Asia,Low Value,4,478.2,1912.8,1204.69,9.34,698.78
CUST-2379,ORD-7720,2023-08-24,Asia,High Value,1,164.54,164.54,80.58,33.22,50.75
CUST-5243,ORD-7721,2023-04-09,Africa,Mid Value,3,79.9,239.71,124.69,70.65,44.37
CUST-7507,ORD-7722,2023-12-01,Europe,Low Value,1,322.63,322.63,219.36,10.8,92.47
CUST-8819,ORD-7723,2023-09-16,Europe,Low Value,5,295.68,1478.38,853.16,62.24,562.98
CUST-9593,ORD-7724,2023-03-28,Africa,Low Value,3,382.29,1146.87,760.97,66.89,319.0
CUST-3653,ORD-7725,2023-02-17,North America,High Value,1,381.82,381.82,245.08,37.1,99.64
CUST-6611,ORD-7726,2023-04-21,Africa,Mid Value,2,317.71,635.43,345.71,19.59,270.13
CUST-7127,ORD-7727,2022-09-13,Europe,Low Value,1,119.62,119.62,60.35,31.66,27.61
CUST-4923,ORD-7728,2022-05-30,North America,Low Value,4,445.83,1783.32,847.04,34.89,901.4
CUST-9459,ORD-7729,2022-05-07,Asia,Low Value,5,139.18,695.88,480.27,74.92,140.69
CUST-6912,ORD-7730,2023-01-27,Asia,Low Value,1,65.11,65.11,34.59,26.35,4.18
CUST-6130,ORD-7731,2023-04-25,Africa,Mid Value,1,164.72,164.72,101.84,77.95,-15.07
CUST-6439,ORD-7732,2023-02-01,Asia,Mid Value,3,251.95,755.85,478.13,13.16,264.56
CUST-8880,ORD-7733,2023-02-06,Europe,Low Value,4,119.45,477.79,238.62,78.05,161.12
CUST-7449,ORD-7734,2022-10-01,Africa,Low Value,3,180.16,540.49,336.97,21.75,181.77
CUST-2725,ORD-7735,2022-05-19,Europe,Low Value,5,266.57,1332.86,602.89,17.58,712.39
CUST-8522,ORD-7736,2022-04-13,Europe,High Value,5,175.01,875.05,485.26,14.01,375.78
CUST-5784,ORD-7737,2022-08-30,North America,High Value,4,62.87,251.49,135.2,28.72,87.57
CUST-2232,ORD-7738,2022-04-27,North America,High Value,3,114.66,343.99,235.01,51.24,57.73
CUST-9808,ORD-7739,2022-08-02,North America,Low Value,4,401.22,1604.88,1117.81,54.97,432.1
CUST-9338,ORD-7740,2023-04-29,Asia,High Value,3,478.08,1434.24,748.65,32.75,652.84
CUST-8446,ORD-7741,2023-06-13,North America,Mid Value,2,91.25,182.5,109.96,22.31,50.24
CUST-5616,ORD-7742,2023-11-22,Europe,High Value,4,346.89,1387.56,882.91,79.63,425.02
CUST-5725,ORD-7743,2022-08-12,Africa,Low Value,5,454.68,2273.39,1131.64,25.29,1116.46
CUST-4677,ORD-7744,2022-09-27,Africa,Mid Value,3,163.59,490.77,305.09,33.37,152.31
CUST-7287,ORD-7745,2022-05-14,Europe,Low Value,2,418.14,836.28,430.21,41.07,365.0
CUST-9480,ORD-7746,2022-04-24,Asia,Mid Value,5,454.37,2271.85,1118.24,60.47,1093.14
CUST-2409,ORD-7747,2023-03-17,Africa,High Value,3,163.76,491.28,325.55,16.41,149.32
CUST-9205,ORD-7748,2023-10-06,Europe,High Value,2,47.24,94.47,54.38,24.96,15.13
CUST-1256,ORD-7749,2023-10-13,Europe,Mid Value,5,460.06,2300.3,1205.91,79.77,1014.62
CUST-2721,ORD-7750,2022-12-31,Europe,Mid Value,5,178.63,893.16,492.29,66.89,333.99
CUST-2423,ORD-7751,2022-08-20,Africa,Low Value,2,26.59,53.19,29.43,38.29,-14.53
CUST-5953,ORD-7752,2023-04-03,Africa,Mid Value,5,247.96,1239.81,796.59,13.15,430.07
CUST-3990,ORD-7753,2023-01-10,North America,Low Value,3,75.62,226.86,152.38,70.0,4.48
CUST-2195,ORD-7754,2023-08-27,North America,Mid Value,3,452.82,1358.45,772.84,63.73,521.88
CUST-5559,ORD-7755,2023-09-03,Europe,Mid Value,5,94.4,471.99,250.49,48.55,172.94
CUST-5365,ORD-7756,2022-07-26,Europe,High Value,1,166.12,166.12,104.96,35.33,25.83
CUST-2244,ORD-7757,2023-06-04,Europe,High Value,2,399.42,798.83,540.27,75.17,183.39
CUST-7766,ORD-7758,2023-04-13,Europe,Low Value,1,407.05,407.05,194.78,27.17,185.09
CUST-6302,ORD-7759,2023-03-19,Africa,Low Value,3,452.61,1357.84,881.52,29.07,447.26
CUST-2306,ORD-7760,2022-11-17,North America,Low Value,5,258.75,1293.75,762.4,70.67,460.69
CUST-3402,ORD-7761,2022-04-03,Asia,Mid Value,4,493.63,1974.5,1316.8,51.98,605.73
CUST-1496,ORD-7762,2023-02-12,Europe,Mid Value,4,267.77,1071.08,619.65,76.32,375.12
CUST-4399,ORD-7763,2022-06-07,North America,Low Value,1,399.54,399.54,265.95,53.38,80.21
CUST-1909,ORD-7764,2022-04-09,Europe,Mid Value,1,193.71,193.71,114.02,7.47,72.22
CUST-1372,ORD-7765,2022-08-13,Africa,High Value,1,471.82,471.82,229.41,18.26,224.15
CUST-7236,ORD-7766,2023-03-17,Asia,Mid Value,3,348.81,1046.42,472.18,26.14,548.1
CUST-2344,ORD-7767,2023-12-21,North America,High Value,3,57.01,171.02,103.47,70.04,-2.49
CUST-9515,ORD-7768,2023-08-08,North America,Low Value,5,72.09,360.45,215.56,67.31,77.58
CUST-3431,ORD-7769,2023-02-05,Asia,Mid Value,3,447.59,1342.77,674.82,64.27,603.68
CUST-5670,ORD-7770,2023-07-25,Africa,Low Value,5,408.59,2042.94,1353.77,46.52,642.65
CUST-3784,ORD-7771,2022-03-05,Asia,High Value,5,178.45,892.23,595.06,15.42,281.74
CUST-2695,ORD-7772,2023-07-14,North America,Low Value,1,270.37,270.37,176.02,14.84,79.51
CUST-2907,ORD-7773,2022-10-06,Asia,High Value,4,429.32,1717.28,1174.87,14.46,527.95
CUST-5814,ORD-7774,2023-12-11,Africa,High Value,1,69.65,69.65,40.16,69.1,-39.61
CUST-1780,ORD-7775,2023-11-01,Africa,Low Value,3,86.31,258.92,161.97,15.62,81.33
CUST-2019,ORD-7776,2023-06-03,Europe,High Value,2,363.45,726.91,491.47,65.64,169.79
CUST-2403,ORD-7777,2022-09-05,Asia,Low Value,3,59.46,178.38,100.62,68.36,9.4
CUST-2426,ORD-7778,2023-01-03,Asia,Low Value,4,189.23,756.93,457.64,12.88,286.41
CUST-9855,ORD-7779,2023-09-10,North America,Low Value,3,140.87,422.6,244.35,72.65,105.61
CUST-6868,ORD-7780,2022-04-08,Africa,High Value,4,384.94,1539.75,1071.38,72.32,396.06
CUST-1010,ORD-7781,2022-09-25,Asia,High Value,2,21.17,42.35,23.69,52.87,-34.21
CUST-7330,ORD-7782,2022-03-01,North America,Mid Value,2,75.38,150.77,79.8,43.48,27.5
CUST-3825,ORD-7783,2023-05-15,Europe,Low Value,5,67.52,337.62,205.07,53.55,79.0
CUST-8464,ORD-7784,2022-11-04,Asia,Low Value,3,172.68,518.03,269.47,35.36,213.2
CUST-4003,ORD-7785,2023-05-08,Asia,Low Value,5,131.59,657.95,437.14,49.15,171.66
CUST-8195,ORD-7786,2023-02-15,North America,Low Value,1,129.58,129.58,87.21,77.71,-35.35
CUST-7720,ORD-7787,2022-05-20,North America,Low Value,1,197.79,197.79,106.07,13.5,78.22
CUST-4088,ORD-7788,2022-11-24,Africa,Low Value,1,122.74,122.74,66.23,22.53,33.98
CUST-2789,ORD-7789,2023-04-09,Africa,Low Value,1,70.98,70.98,33.48,44.31,-6.8
CUST-4036,ORD-7790,2023-12-03,Africa,Mid Value,1,299.96,299.96,154.17,24.4,121.39
CUST-8377,ORD-7791,2023-09-29,Asia,Mid Value,3,476.83,1430.5,668.01,79.46,683.04
CUST-8598,ORD-7792,2022-06-12,North America,Low Value,5,311.44,1557.2,995.53,59.02,502.65
CUST-5838,ORD-7793,2022-03-01,Africa,Low Value,5,383.37,1916.85,948.99,37.55,930.31
CUST-6872,ORD-7794,2022-01-31,Asia,Mid Value,4,486.64,1946.58,914.37,72.71,959.5
CUST-4653,ORD-7795,2022-11-29,Africa,Mid Value,1,93.52,93.52,45.92,15.83,31.76
CUST-5299,ORD-7796,2022-03-17,Europe,Low Value,2,240.71,481.42,262.05,26.59,192.77
CUST-1973,ORD-7797,2022-11-13,Asia,Low Value,4,299.29,1197.15,665.16,76.69,455.29
CUST-8083,ORD-7798,2023-02-21,Africa,Mid Value,4,174.61,698.46,471.21,46.77,180.47
CUST-6494,ORD-7799,2022-07-09,Africa,Mid Value,3,314.3,942.91,490.22,74.05,378.64
CUST-4406,ORD-7800,2023-05-04,Europe,Low Value,4,319.43,1277.74,804.25,78.82,394.67
CUST-6150,ORD-7801,2022-11-11,Europe,Mid Value,2,424.27,848.54,571.68,32.02,244.84
CUST-4129,ORD-7802,2022-10-23,Africa,Low Value,5,419.61,2098.04,1393.46,48.24,656.34
CUST-1104,ORD-7803,2023-05-16,Africa,High Value,4,88.41,353.64,176.73,68.5,108.41
CUST-8433,ORD-7804,2022-06-26,North America,Low Value,3,101.07,303.2,157.65,25.46,120.1
CUST-8689,ORD-7805,2023-12-20,Africa,Low Value,1,126.74,126.74,58.76,38.51,29.47
CUST-4567,ORD-7806,2022-08-03,Africa,Low Value,2,145.39,290.78,165.98,16.5,108.3
CUST-5348,ORD-7807,2023-10-15,North America,Mid Value,1,290.96,290.96,160.41,53.94,76.61
CUST-5390,ORD-7808,2023-08-20,North America,Low Value,4,177.2,708.78,415.58,5.31,287.89
CUST-7811,ORD-7809,2023-11-25,Africa,Low Value,5,477.42,2387.11,1347.45,38.7,1000.96
CUST-2181,ORD-7810,2022-11-28,North America,Mid Value,3,76.78,230.35,146.03,74.69,9.64
CUST-5644,ORD-7811,2022-05-08,Asia,High Value,2,138.31,276.63,170.8,72.3,33.52
CUST-6873,ORD-7812,2022-09-26,Europe,High Value,5,436.79,2183.96,1216.8,65.28,901.88
CUST-5394,ORD-7813,2023-07-05,Asia,Mid Value,2,300.48,600.96,276.12,15.59,309.25
CUST-4534,ORD-7814,2023-06-19,Europe,Low Value,3,282.77,848.3,454.65,44.02,349.63
CUST-6844,ORD-7815,2023-01-01,Europe,High Value,3,305.29,915.86,486.36,58.94,370.56
CUST-6939,ORD-7816,2023-09-11,Africa,High Value,4,141.09,564.35,266.56,12.59,285.2
CUST-7475,ORD-7817,2022-12-14,Europe,Mid Value,2,385.49,770.99,405.59,16.03,349.38
CUST-2774,ORD-7818,2022-05-22,Asia,High Value,4,258.34,1033.34,720.08,8.0,305.26
CUST-9283,ORD-7819,2022-05-25,Africa,High Value,2,40.45,80.89,53.01,29.23,-1.35
CUST-1446,ORD-7820,2022-09-02,North America,Mid Value,2,105.04,210.07,136.63,70.8,2.64
CUST-1108,ORD-7821,2023-03-18,Asia,High Value,1,411.98,411.98,272.25,43.06,96.67
CUST-4239,ORD-7822,2023-12-04,Africa,Low Value,4,185.62,742.49,494.69,69.0,178.8
CUST-6931,ORD-7823,2022-10-17,Europe,Mid Value,2,391.25,782.51,415.78,11.27,355.46
CUST-5053,ORD-7824,2023-11-22,Asia,Low Value,2,338.42,676.84,359.11,9.21,308.53
CUST-5537,ORD-7825,2022-04-22,Europe,Low Value,3,164.7,494.1,263.91,65.29,164.9
CUST-7361,ORD-7826,2022-08-02,Africa,Mid Value,1,80.98,80.98,53.01,42.33,-14.36
CUST-2245,ORD-7827,2023-10-12,Africa,High Value,3,407.33,1222.0,793.48,40.32,388.2
CUST-3720,ORD-7828,2022-07-19,North America,Mid Value,4,328.68,1314.73,597.18,40.67,676.87
CUST-9469,ORD-7829,2023-02-09,North America,High Value,4,164.38,657.53,451.92,33.58,172.03
CUST-8741,ORD-7830,2023-02-25,Asia,Low Value,2,271.17,542.34,282.77,71.48,188.09
CUST-6105,ORD-7831,2022-01-07,North America,High Value,5,313.71,1568.57,951.39,44.07,573.1
CUST-3922,ORD-7832,2023-06-09,Europe,Low Value,3,21.02,63.05,38.46,78.04,-53.45
CUST-3513,ORD-7833,2023-08-15,Europe,Low Value,4,341.85,1367.39,654.08,68.49,644.81
CUST-3801,ORD-7834,2022-10-13,North America,Low Value,2,334.92,669.83,417.94,60.32,191.58
CUST-7981,ORD-7835,2023-11-02,North America,Mid Value,2,59.64,119.28,69.58,52.72,-3.02
CUST-9221,ORD-7836,2023-01-24,North America,High Value,3,398.12,1194.36,719.88,67.64,406.85
CUST-7502,ORD-7837,2023-02-20,Asia,High Value,2,416.04,832.09,467.41,71.13,293.55
CUST-7038,ORD-7838,2023-12-14,Asia,High Value,1,159.28,159.28,103.7,14.99,40.58
CUST-7229,ORD-7839,2022-05-30,Europe,Low Value,5,97.86,489.31,297.89,31.98,159.44
CUST-1364,ORD-7840,2023-03-04,Asia,Mid Value,3,349.51,1048.53,522.41,65.41,460.71
CUST-2800,ORD-7841,2022-10-20,Asia,High Value,3,79.21,237.62,151.65,21.6,64.38
CUST-6958,ORD-7842,2022-11-30,Africa,High Value,3,431.86,1295.58,745.79,48.96,500.83
CUST-8436,ORD-7843,2022-09-29,Europe,Mid Value,2,250.46,500.92,230.08,63.53,207.31
CUST-5793,ORD-7844,2022-02-12,Europe,High Value,2,456.71,913.42,501.2,21.8,390.42
CUST-9160,ORD-7845,2023-04-13,North America,Mid Value,3,328.24,984.72,542.02,35.15,407.55
CUST-1179,ORD-7846,2022-11-15,Africa,Mid Value,3,156.84,470.53,306.01,73.63,90.88
CUST-4873,ORD-7847,2023-05-07,North America,High Value,1,244.66,244.66,124.41,31.7,88.55
CUST-4960,ORD-7848,2023-06-11,Asia,Mid Value,4,274.09,1096.35,617.39,50.35,428.6
CUST-2186,ORD-7849,2022-06-21,Europe,Mid Value,1,411.28,411.28,190.67,37.54,183.07
CUST-1773,ORD-7850,2023-12-31,Asia,High Value,3,433.69,1301.07,872.19,70.78,358.11
CUST-5460,ORD-7851,2023-10-11,Asia,Low Value,2,347.85,695.69,390.25,36.81,268.63
CUST-1352,ORD-7852,2022-11-17,Africa,High Value,2,161.22,322.43,214.14,31.94,76.35
CUST-7943,ORD-7853,2022-02-13,Africa,High Value,3,273.71,821.14,508.54,18.0,294.6
CUST-6202,ORD-7854,2023-06-16,Europe,Low Value,4,82.7,330.79,175.31,31.19,124.29
CUST-6344,ORD-7855,2023-09-23,Europe,Mid Value,5,130.45,652.26,409.74,55.22,187.31
CUST-5507,ORD-7856,2023-03-30,Africa,High Value,5,165.47,827.34,469.28,18.19,339.88
CUST-5830,ORD-7857,2022-03-24,Africa,Low Value,1,54.92,54.92,29.4,57.9,-32.38
CUST-1117,ORD-7858,2023-06-27,Africa,Low Value,4,444.79,1779.18,1097.72,5.8,675.66
CUST-1481,ORD-7859,2022-11-18,Africa,High Value,5,78.87,394.35,253.79,32.52,108.03
CUST-5287,ORD-7860,2022-08-22,Europe,High Value,4,354.48,1417.93,882.17,39.95,495.82
CUST-7802,ORD-7861,2023-06-24,Europe,Low Value,2,262.72,525.44,297.25,12.21,215.98
CUST-9298,ORD-7862,2022-09-09,Asia,High Value,2,419.25,838.5,431.68,56.31,350.51
CUST-5477,ORD-7863,2023-03-25,Asia,Low Value,4,375.7,1502.79,980.72,12.71,509.36
CUST-7533,ORD-7864,2022-08-27,Asia,High Value,3,384.67,1154.02,619.32,11.75,522.96
CUST-1243,ORD-7865,2023-05-05,Europe,Low Value,5,220.81,1104.03,665.99,32.59,405.44
CUST-8012,ORD-7866,2023-04-09,North America,High Value,5,420.31,2101.54,1006.3,60.37,1034.87
CUST-1865,ORD-7867,2022-11-10,Asia,High Value,2,65.48,130.95,83.16,77.28,-29.49
CUST-6329,ORD-7868,2022-06-24,North America,High Value,1,233.32,233.32,160.58,63.2,9.54
CUST-1603,ORD-7869,2023-12-07,North America,Mid Value,5,497.41,2487.07,1398.54,39.95,1048.59
CUST-6756,ORD-7870,2022-06-29,North America,High Value,2,475.09,950.19,557.85,25.44,366.9
CUST-5018,ORD-7871,2023-01-20,Africa,Low Value,2,59.46,118.92,80.26,27.61,11.06
CUST-6192,ORD-7872,2022-10-22,Europe,Low Value,4,295.03,1180.13,765.7,26.28,388.16
CUST-3015,ORD-7873,2022-08-03,Europe,Mid Value,4,171.51,686.05,473.76,25.87,186.41
CUST-4380,ORD-7874,2023-12-16,Asia,Mid Value,4,369.67,1478.67,763.76,10.18,704.73
CUST-4770,ORD-7875,2022-03-16,Asia,Mid Value,1,373.18,373.18,211.78,21.53,139.87
CUST-6829,ORD-7876,2022-12-10,Europe,High Value,5,20.04,100.22,56.52,13.09,30.61
CUST-2613,ORD-7877,2023-12-15,Africa,High Value,1,425.99,425.99,242.08,5.55,178.36
CUST-2879,ORD-7878,2022-05-22,Europe,Low Value,1,127.32,127.32,86.36,26.42,14.54
CUST-6372,ORD-7879,2023-12-19,North America,Low Value,4,483.64,1934.54,969.94,31.41,933.19
CUST-5108,ORD-7880,2022-07-18,Europe,High Value,2,454.61,909.21,612.56,74.56,222.1
CUST-9978,ORD-7881,2022-06-20,Africa,Low Value,3,111.52,334.55,198.31,79.61,56.62
CUST-1148,ORD-7882,2023-02-10,Europe,High Value,2,325.44,650.88,380.25,48.46,222.17
CUST-2754,ORD-7883,2022-08-16,Europe,Mid Value,2,162.25,324.5,179.81,72.57,72.11
CUST-8378,ORD-7884,2023-02-15,Europe,High Value,2,69.43,138.86,81.22,51.37,6.27
CUST-7681,ORD-7885,2023-11-22,North America,High Value,2,439.52,879.04,572.1,42.32,264.62
CUST-4756,ORD-7886,2022-03-03,Asia,High Value,1,106.8,106.8,61.2,8.2,37.39
CUST-6392,ORD-7887,2022-11-23,Africa,Low Value,4,222.06,888.26,572.04,8.34,307.87
CUST-4052,ORD-7888,2023-12-17,North America,High Value,4,463.61,1854.44,1027.66,7.31,819.48
CUST-6692,ORD-7889,2022-05-13,Europe,High Value,2,56.17,112.34,55.69,16.26,40.39
CUST-5218,ORD-7890,2023-08-07,Europe,High Value,3,284.28,852.84,472.19,10.77,369.88
CUST-5803,ORD-7891,2023-08-13,Asia,Mid Value,5,294.63,1473.15,929.31,19.6,524.23
CUST-3377,ORD-7892,2022-07-08,Asia,High Value,2,386.27,772.54,512.15,43.94,216.45
CUST-6086,ORD-7893,2022-12-22,Asia,High Value,2,417.02,834.05,536.21,42.74,255.09
CUST-4182,ORD-7894,2022-03-12,North America,High Value,3,223.59,670.77,364.64,30.81,275.32
CUST-4160,ORD-7895,2022-09-20,Africa,Low Value,1,376.97,376.97,224.22,54.95,97.8
CUST-7576,ORD-7896,2022-11-02,Asia,Mid Value,2,457.01,914.02,493.68,34.39,385.95
CUST-9903,ORD-7897,2023-07-12,Europe,Mid Value,3,445.41,1336.22,836.64,21.52,478.06
CUST-3586,ORD-7898,2022-08-12,Africa,High Value,1,260.87,260.87,145.86,56.91,58.1
CUST-3648,ORD-7899,2022-11-24,Europe,High Value,1,311.37,311.37,199.66,78.52,33.2
CUST-8313,ORD-7900,2023-08-11,Europe,Low Value,2,342.95,685.9,310.85,65.8,309.25
CUST-2717,ORD-7901,2022-03-15,Africa,High Value,1,413.17,413.17,221.06,36.05,156.06
CUST-6308,ORD-7902,2023-05-26,North America,Low Value,2,263.71,527.42,353.14,33.18,141.11
CUST-8407,ORD-7903,2022-05-22,Africa,High Value,2,73.71,147.42,78.27,7.9,61.26
CUST-1870,ORD-7904,2023-08-08,Asia,Low Value,4,204.94,819.78,449.81,54.28,315.69
CUST-4574,ORD-7905,2022-04-12,Africa,Mid Value,5,365.7,1828.48,1184.28,21.7,622.51
CUST-6827,ORD-7906,2023-08-29,Asia,High Value,5,319.42,1597.12,756.48,56.26,784.37
CUST-8986,ORD-7907,2023-08-04,Asia,Low Value,4,381.68,1526.7,806.06,62.01,658.63
CUST-9462,ORD-7908,2022-03-06,Africa,Low Value,2,259.98,519.96,334.65,70.98,114.32
CUST-9741,ORD-7909,2022-07-12,Africa,High Value,3,103.71,311.14,214.46,46.12,50.57
CUST-6769,ORD-7910,2022-03-03,Asia,Low Value,1,75.3,75.3,48.62,67.25,-40.57
CUST-6733,ORD-7911,2023-06-16,Europe,High Value,4,251.01,1004.02,495.09,59.24,449.7
CUST-4240,ORD-7912,2022-08-29,Africa,High Value,4,118.75,474.99,312.9,31.47,130.62
CUST-5893,ORD-7913,2023-12-16,North America,Low Value,4,491.49,1965.95,1118.52,12.98,834.45
CUST-1886,ORD-7914,2023-02-14,Asia,Low Value,4,115.4,461.61,298.08,23.16,140.36
CUST-6854,ORD-7915,2022-10-27,Europe,Low Value,5,292.06,1460.28,744.51,68.34,647.43
CUST-6318,ORD-7916,2022-07-14,Africa,Mid Value,2,20.85,41.7,22.32,45.08,-25.7
CUST-3258,ORD-7917,2023-03-30,Africa,High Value,4,141.75,567.0,382.96,54.92,129.13
CUST-5382,ORD-7918,2023-07-28,Europe,High Value,4,144.39,577.55,391.4,65.46,120.69
CUST-2785,ORD-7919,2023-09-11,North America,Mid Value,4,374.23,1496.94,780.34,55.03,661.56
CUST-8727,ORD-7920,2023-09-29,Asia,Mid Value,3,257.9,773.7,364.33,69.2,340.17
CUST-1295,ORD-7921,2022-10-28,Africa,Low Value,3,25.8,77.41,52.81,11.48,13.12
CUST-3597,ORD-7922,2023-04-01,North America,High Value,1,202.0,202.0,106.07,72.77,23.16
CUST-1680,ORD-7923,2022-07-21,Asia,Mid Value,2,329.49,658.99,316.33,65.95,276.71
CUST-5890,ORD-7924,2023-11-05,North America,Mid Value,4,325.62,1302.48,699.47,72.73,530.28
CUST-5298,ORD-7925,2022-10-29,Asia,High Value,1,45.87,45.87,23.87,59.81,-37.82
CUST-1324,ORD-7926,2023-09-16,Asia,High Value,1,465.88,465.88,219.03,25.58,221.27
CUST-8952,ORD-7927,2022-12-03,North America,High Value,2,138.56,277.11,192.85,13.54,70.72
CUST-1986,ORD-7928,2022-02-01,Asia,Low Value,3,447.93,1343.8,703.4,14.72,625.67
CUST-4118,ORD-7929,2022-04-08,Africa,Mid Value,2,122.44,244.88,126.87,42.42,75.59
CUST-1760,ORD-7930,2022-07-10,Africa,Low Value,1,292.57,292.57,162.37,34.32,95.88
CUST-8758,ORD-7931,2023-06-25,North America,High Value,2,214.92,429.84,238.0,54.07,137.77
CUST-1906,ORD-7932,2022-02-17,North America,High Value,3,299.05,897.14,501.02,42.75,353.38
CUST-6499,ORD-7933,2022-09-07,Asia,Mid Value,1,258.97,258.97,175.24,14.4,69.34
CUST-1364,ORD-7934,2022-08-14,Asia,Low Value,2,20.98,41.97,19.52,5.17,17.28
CUST-8769,ORD-7935,2022-09-29,North America,Low Value,4,188.64,754.56,517.18,14.62,222.75
CUST-4413,ORD-7936,2023-10-27,Europe,Low Value,4,25.38,101.54,62.6,16.01,22.94
CUST-9027,ORD-7937,2023-04-30,North America,High Value,2,348.02,696.03,434.59,58.99,202.45
CUST-8939,ORD-7938,2022-11-24,Europe,Mid Value,2,429.68,859.36,420.62,26.4,412.34
CUST-4081,ORD-7939,2022-06-29,Europe,Low Value,3,204.66,613.99,326.81,12.02,275.15
CUST-6448,ORD-7940,2023-10-27,North America,High Value,1,271.9,271.9,125.91,61.65,84.34
CUST-4258,ORD-7941,2022-01-23,North America,High Value,2,51.6,103.2,63.29,75.54,-35.62
CUST-3107,ORD-7942,2023-08-29,North America,Low Value,1,204.89,204.89,109.61,12.54,82.75
CUST-8928,ORD-7943,2023-01-05,Europe,Mid Value,4,86.65,346.61,203.74,77.23,65.64
CUST-3933,ORD-7944,2022-09-02,Africa,Mid Value,1,51.06,51.06,32.58,76.27,-57.8
CUST-3829,ORD-7945,2022-06-09,Africa,Low Value,5,102.58,512.88,301.77,44.23,166.88
CUST-9633,ORD-7946,2023-01-08,North America,High Value,3,438.01,1314.02,614.79,27.18,672.04
CUST-6006,ORD-7947,2022-10-12,North America,High Value,3,491.46,1474.37,686.19,15.36,772.83
CUST-2559,ORD-7948,2023-06-05,Asia,Low Value,1,442.02,442.02,294.74,66.79,80.5
CUST-2741,ORD-7949,2023-03-26,Asia,High Value,3,485.44,1456.33,750.79,50.36,655.18
CUST-6830,ORD-7950,2023-11-28,Asia,High Value,1,370.79,370.79,200.43,53.85,116.51
CUST-8523,ORD-7951,2023-10-09,North America,Low Value,1,96.66,96.66,48.77,69.57,-21.68
CUST-1625,ORD-7952,2023-09-14,Africa,High Value,4,290.32,1161.29,725.48,38.3,397.51
CUST-2690,ORD-7953,2023-08-04,Africa,Low Value,1,371.17,371.17,202.85,32.61,135.71
CUST-9282,ORD-7954,2022-05-16,North America,Low Value,3,266.46,799.39,450.92,62.17,286.29
CUST-7310,ORD-7955,2022-04-06,North America,Low Value,5,286.24,1431.2,885.36,27.29,518.55
CUST-4006,ORD-7956,2022-04-29,Europe,High Value,2,301.37,602.74,365.12,29.59,208.03
CUST-5302,ORD-7957,2023-01-09,Europe,Low Value,3,244.09,732.26,471.27,33.58,227.41
CUST-2088,ORD-7958,2022-10-01,Africa,High Value,5,159.48,797.41,508.12,69.23,220.07
CUST-7007,ORD-7959,2022-06-26,Asia,Low Value,3,325.77,977.32,547.27,63.43,366.61
CUST-5611,ORD-7960,2022-10-04,Africa,Mid Value,5,45.68,228.42,113.74,26.86,87.82
CUST-8928,ORD-7961,2022-05-18,Europe,High Value,3,102.05,306.14,154.84,15.77,135.52
CUST-5490,ORD-7962,2022-05-12,Africa,High Value,2,464.13,928.25,581.72,34.46,312.07
CUST-9378,ORD-7963,2022-02-13,Europe,High Value,4,254.63,1018.53,524.87,51.84,441.82
CUST-2597,ORD-7964,2022-05-03,Europe,Mid Value,4,414.41,1657.63,928.46,55.72,673.45
CUST-4747,ORD-7965,2022-05-16,Asia,Low Value,2,368.74,737.48,351.76,20.03,365.69
CUST-3670,ORD-7966,2023-01-02,Asia,Mid Value,3,173.94,521.82,250.77,23.71,247.35
CUST-9431,ORD-7967,2023-01-08,Europe,Low Value,5,405.75,2028.76,1039.71,74.76,914.29
CUST-3580,ORD-7968,2022-05-06,North America,Low Value,1,63.83,63.83,30.08,33.88,-0.12
CUST-8432,ORD-7969,2023-03-15,Asia,Low Value,3,439.99,1319.97,684.59,28.56,606.82
CUST-9330,ORD-7970,2023-07-30,Europe,Low Value,2,346.67,693.34,410.49,57.18,225.67
CUST-3506,ORD-7971,2022-02-20,North America,Low Value,4,464.99,1859.98,1183.3,40.09,636.58
CUST-5725,ORD-7972,2022-05-17,North America,Mid Value,4,449.84,1799.38,824.43,23.51,951.44
CUST-5300,ORD-7973,2022-06-07,Africa,High Value,3,202.53,607.58,364.64,35.7,207.24
CUST-9759,ORD-7974,2022-02-25,Africa,Mid Value,5,431.28,2156.4,1166.17,15.81,974.41
CUST-8002,ORD-7975,2023-08-16,Asia,High Value,2,290.25,580.5,294.11,25.97,260.41
CUST-7131,ORD-7976,2023-03-04,North America,High Value,2,95.41,190.83,87.39,36.38,67.05
CUST-9831,ORD-7977,2023-03-19,Asia,High Value,5,418.18,2090.92,1111.29,43.85,935.78
CUST-5537,ORD-7978,2022-11-22,Europe,Mid Value,5,455.8,2279.01,1475.47,60.62,742.91
CUST-3335,ORD-7979,2023-10-02,Asia,Low Value,3,60.58,181.75,105.87,33.87,42.01
CUST-5321,ORD-7980,2023-09-30,North America,Low Value,3,466.67,1400.0,901.47,45.93,452.6
CUST-3985,ORD-7981,2022-03-21,Africa,High Value,4,308.61,1234.43,682.75,76.33,475.35
CUST-1559,ORD-7982,2023-04-19,Asia,Low Value,4,32.43,129.72,85.72,66.37,-22.37
CUST-1713,ORD-7983,2023-01-12,Africa,Low Value,5,280.06,1400.31,682.77,22.78,694.76
CUST-5593,ORD-7984,2022-11-29,Asia,Mid Value,1,402.44,402.44,263.6,21.01,117.83
CUST-4988,ORD-7985,2022-06-24,Europe,Low Value,1,275.93,275.93,157.0,54.7,64.22
CUST-7203,ORD-7986,2023-10-19,North America,Low Value,1,359.48,359.48,228.81,49.65,81.02
CUST-1256,ORD-7987,2023-03-17,Asia,Mid Value,2,442.2,884.4,451.14,46.02,387.25
CUST-9768,ORD-7988,2022-05-06,Europe,Low Value,3,437.49,1312.46,750.12,16.56,545.77
CUST-1037,ORD-7989,2023-11-25,Europe,High Value,5,105.86,529.29,335.14,32.2,161.95
CUST-9652,ORD-7990,2022-08-07,Europe,Mid Value,4,225.02,900.09,513.9,61.95,324.24
CUST-2832,ORD-7991,2022-10-05,Africa,Low Value,1,73.36,73.36,41.41,59.27,-27.32
CUST-8600,ORD-7992,2023-04-30,Africa,Low Value,4,305.65,1222.59,797.94,17.39,407.26
CUST-6167,ORD-7993,2023-08-18,Europe,Mid Value,3,478.27,1434.81,703.9,37.01,693.89
CUST-1432,ORD-7994,2022-05-21,Europe,High Value,5,107.29,536.43,305.11,38.2,193.12
CUST-5151,ORD-7995,2023-08-30,Asia,Mid Value,1,213.74,213.74,140.13,43.14,30.47
CUST-7411,ORD-7996,2023-12-07,Asia,High Value,1,477.93,477.93,316.06,39.59,122.28
CUST-2751,ORD-7997,2022-04-20,North America,Mid Value,5,380.06,1900.28,911.32,42.63,946.34
CUST-5997,ORD-7998,2022-02-21,Asia,Low Value,4,54.16,216.65,143.54,65.99,7.12
CUST-6720,ORD-7999,2023-09-07,North America,Mid Value,3,225.64,676.92,306.67,34.21,336.04
CUST-8616,ORD-8000,2023-09-05,North America,Mid Value,3,494.19,1482.56,984.25,46.4,451.9
CUST-1256,ORD-8001,2023-10-16,North America,High Value,3,237.56,712.67,367.87,50.51,294.29
CUST-1671,ORD-8002,2023-12-14,Africa,Mid Value,4,322.11,1288.45,766.04,75.67,446.74
CUST-1489,ORD-8003,2022-11-15,Asia,High Value,4,356.47,1425.88,645.08,54.11,726.69
CUST-7889,ORD-8004,2022-07-18,Europe,Mid Value,1,338.69,338.69,214.35,14.8,109.54
CUST-3096,ORD-8005,2023-12-30,North America,Low Value,4,268.98,1075.94,600.26,48.68,427.0
CUST-2682,ORD-8006,2022-02-15,Europe,Mid Value,2,83.74,167.48,110.78,54.64,2.06
CUST-3460,ORD-8007,2023-05-20,North America,Low Value,5,360.04,1800.2,1060.1,5.71,734.38
CUST-5529,ORD-8008,2023-06-24,Asia,High Value,4,468.0,1871.99,1233.01,10.65,628.33
CUST-6121,ORD-8009,2023-05-29,North America,High Value,3,472.01,1416.04,853.76,6.42,555.86
CUST-2975,ORD-8010,2022-01-17,Asia,High Value,4,304.83,1219.31,776.05,8.62,434.64
CUST-4216,ORD-8011,2022-11-11,Europe,High Value,1,256.25,256.25,163.23,11.72,81.3
CUST-5515,ORD-8012,2023-03-12,Asia,Mid Value,5,180.3,901.51,461.27,76.84,363.4
CUST-6692,ORD-8013,2023-01-23,Europe,Mid Value,5,69.71,348.57,207.16,20.5,120.9
CUST-5939,ORD-8014,2022-03-18,Asia,Mid Value,3,443.9,1331.69,890.19,20.34,421.16
CUST-6563,ORD-8015,2023-01-06,North America,Low Value,5,85.79,428.93,287.26,69.31,72.36
CUST-3963,ORD-8016,2022-06-14,North America,Mid Value,2,158.21,316.43,172.83,61.46,82.15
CUST-5529,ORD-8017,2023-09-01,Asia,Low Value,5,375.39,1876.96,997.08,55.69,824.19
CUST-7786,ORD-8018,2023-09-09,Europe,Low Value,3,358.29,1074.86,659.42,36.63,378.81
CUST-7200,ORD-8019,2022-01-24,Europe,Mid Value,5,346.89,1734.43,1118.05,7.34,609.04
CUST-1976,ORD-8020,2023-12-13,Europe,Low Value,4,376.02,1504.08,690.17,66.99,746.92
CUST-8345,ORD-8021,2022-02-04,Asia,High Value,1,280.15,280.15,132.61,69.56,77.98
CUST-1045,ORD-8022,2023-05-29,Asia,Mid Value,4,94.38,377.51,243.37,41.13,93.0
CUST-2193,ORD-8023,2023-04-06,Asia,Mid Value,2,499.21,998.42,558.32,53.37,386.74
CUST-5512,ORD-8024,2022-05-18,Asia,Low Value,2,448.23,896.45,553.03,40.82,302.6
CUST-5943,ORD-8025,2023-07-28,Europe,Mid Value,1,226.95,226.95,148.67,27.21,51.07
CUST-7282,ORD-8026,2023-12-10,Europe,Mid Value,1,274.56,274.56,175.5,45.52,53.54
CUST-1246,ORD-8027,2023-07-25,Africa,Low Value,1,208.9,208.9,136.3,56.64,15.96
CUST-4219,ORD-8028,2022-09-22,Asia,Mid Value,1,326.23,326.23,188.71,16.59,120.92
CUST-9983,ORD-8029,2022-11-29,Africa,Mid Value,5,370.95,1854.74,907.79,44.8,902.14
CUST-1636,ORD-8030,2022-07-07,Asia,Mid Value,4,131.15,524.6,298.17,63.2,163.23
CUST-4775,ORD-8031,2022-03-04,Africa,Low Value,2,227.74,455.48,314.66,40.67,100.16
CUST-3421,ORD-8032,2022-10-06,Europe,Mid Value,5,327.31,1636.56,861.43,16.77,758.37
CUST-5183,ORD-8033,2023-06-26,Europe,Mid Value,1,494.25,494.25,274.22,70.23,149.8
CUST-1712,ORD-8034,2022-06-20,Africa,Mid Value,3,175.94,527.82,338.52,55.54,133.76
CUST-6845,ORD-8035,2023-05-18,North America,High Value,3,377.6,1132.8,531.28,52.44,549.09
CUST-6323,ORD-8036,2023-06-17,Asia,Mid Value,4,186.4,745.61,476.64,53.88,215.09
CUST-7032,ORD-8037,2022-10-26,Africa,Low Value,2,64.32,128.65,66.71,23.38,38.56
CUST-4644,ORD-8038,2022-07-20,Africa,High Value,2,389.67,779.34,402.79,41.92,334.63
CUST-8773,ORD-8039,2022-05-15,North America,Low Value,4,331.67,1326.67,790.17,29.45,507.05
CUST-3108,ORD-8040,2022-09-29,Europe,Mid Value,1,266.88,266.88,137.13,67.51,62.24
CUST-4614,ORD-8041,2023-06-19,Africa,Mid Value,1,344.02,344.02,209.95,49.16,84.91
CUST-7957,ORD-8042,2023-03-18,Europe,Mid Value,2,442.06,884.13,598.74,58.8,226.59
CUST-6279,ORD-8043,2022-03-28,Asia,High Value,2,383.13,766.25,422.33,54.52,289.4
CUST-5332,ORD-8044,2022-01-31,North America,Mid Value,2,431.75,863.5,592.27,41.28,229.96
CUST-4900,ORD-8045,2022-05-01,Europe,Low Value,1,159.21,159.21,109.15,65.36,-15.3
CUST-8939,ORD-8046,2022-03-10,Africa,High Value,3,404.23,1212.7,608.64,51.15,552.9
CUST-7963,ORD-8047,2023-10-08,North America,Low Value,4,192.8,771.22,430.3,22.01,318.91
CUST-5568,ORD-8048,2023-05-11,North America,Low Value,4,29.91,119.65,83.46,26.81,9.39
CUST-8838,ORD-8049,2022-05-26,North America,Low Value,5,40.73,203.64,98.18,67.02,38.44
CUST-2845,ORD-8050,2022-11-29,North America,Low Value,5,370.57,1852.85,1053.97,75.59,723.29
CUST-1382,ORD-8051,2023-04-26,North America,Low Value,3,150.52,451.55,251.95,46.1,153.5
CUST-5112,ORD-8052,2022-09-20,Asia,Mid Value,2,167.64,335.28,218.77,33.92,82.6
CUST-8069,ORD-8053,2022-10-20,Asia,Low Value,3,318.84,956.51,469.19,51.88,435.45
CUST-4810,ORD-8054,2023-03-05,North America,Low Value,5,375.92,1879.62,949.92,41.26,888.44
CUST-2509,ORD-8055,2022-03-27,Africa,Mid Value,5,288.26,1441.32,711.85,68.13,661.34
CUST-8573,ORD-8056,2022-01-16,Africa,High Value,4,359.06,1436.23,706.14,67.47,662.62
CUST-2578,ORD-8057,2023-12-29,Asia,Mid Value,3,471.71,1415.12,728.0,39.21,647.9
CUST-1879,ORD-8058,2023-09-20,Europe,High Value,1,430.0,430.0,250.28,65.34,114.37
CUST-3162,ORD-8059,2022-04-28,North America,Low Value,5,135.59,677.93,424.87,19.47,233.58
CUST-8714,ORD-8060,2022-09-27,Africa,Mid Value,4,455.26,1821.04,992.61,33.04,795.39
CUST-2359,ORD-8061,2023-01-30,Asia,High Value,2,162.69,325.37,182.72,10.97,131.69
CUST-5431,ORD-8062,2022-06-11,Asia,High Value,3,337.08,1011.25,655.39,65.58,290.27
CUST-9148,ORD-8063,2023-12-01,Europe,Mid Value,5,439.86,2199.32,1278.47,78.14,842.7
CUST-4960,ORD-8064,2022-04-14,Europe,Mid Value,1,319.25,319.25,190.74,48.26,80.26
CUST-4811,ORD-8065,2023-10-15,Africa,Mid Value,5,406.97,2034.87,1179.19,62.49,793.19
CUST-5242,ORD-8066,2022-06-16,Europe,Mid Value,1,465.13,465.13,301.14,35.12,128.87
CUST-5217,ORD-8067,2022-10-27,Europe,Mid Value,3,484.13,1452.39,720.2,47.12,685.08
CUST-1080,ORD-8068,2022-01-28,North America,Low Value,1,217.1,217.1,150.96,31.05,35.1
CUST-3732,ORD-8069,2023-02-28,Asia,Low Value,1,496.53,496.53,332.6,57.26,106.66
CUST-8833,ORD-8070,2023-07-16,Asia,Mid Value,4,150.41,601.63,330.93,23.47,247.23
CUST-3709,ORD-8071,2022-06-05,Europe,Mid Value,3,241.85,725.55,401.79,16.49,307.27
CUST-3422,ORD-8072,2022-11-20,Asia,Low Value,5,385.14,1925.69,1275.29,72.39,578.01
CUST-4641,ORD-8073,2022-12-14,Asia,High Value,2,485.67,971.35,545.31,69.82,356.22
CUST-1667,ORD-8074,2022-05-01,Africa,Low Value,3,45.41,136.24,78.61,67.62,-10.0
CUST-3496,ORD-8075,2023-10-14,Asia,Mid Value,3,473.91,1421.72,904.92,66.62,450.19
CUST-4499,ORD-8076,2023-06-12,Europe,High Value,2,499.36,998.73,546.3,59.71,392.71
CUST-9080,ORD-8077,2023-07-15,Africa,Mid Value,5,456.6,2282.99,1286.48,70.61,925.91
CUST-7823,ORD-8078,2022-06-13,Asia,High Value,4,72.02,288.1,132.32,20.77,135.01
CUST-2189,ORD-8079,2022-03-03,Asia,Mid Value,5,423.54,2117.68,1023.46,70.28,1023.94
CUST-7604,ORD-8080,2022-12-06,Africa,Low Value,2,327.09,654.17,369.39,73.83,210.95
CUST-9650,ORD-8081,2023-10-28,Africa,Mid Value,5,24.57,122.86,56.69,58.7,7.47
CUST-2025,ORD-8082,2022-11-08,Asia,Low Value,3,492.5,1477.5,778.28,49.95,649.27
CUST-8785,ORD-8083,2023-01-11,North America,High Value,4,92.25,369.01,206.39,22.71,139.91
CUST-1071,ORD-8084,2022-12-12,North America,Low Value,1,210.47,210.47,100.06,69.96,40.45
CUST-6546,ORD-8085,2022-05-30,Asia,High Value,5,34.53,172.65,80.51,48.26,43.88
CUST-3685,ORD-8086,2023-08-08,Asia,Mid Value,1,168.57,168.57,76.54,50.8,41.23
CUST-8372,ORD-8087,2023-08-04,Africa,Low Value,4,292.8,1171.19,669.13,50.49,451.56
CUST-2848,ORD-8088,2022-06-26,Africa,High Value,1,466.81,466.81,227.2,70.01,169.6
CUST-3022,ORD-8089,2022-12-20,Asia,High Value,5,495.37,2476.87,1540.99,15.27,920.62
CUST-7338,ORD-8090,2023-05-29,Asia,High Value,2,223.21,446.42,255.91,9.63,180.89
CUST-4741,ORD-8091,2022-11-05,Asia,High Value,3,225.53,676.58,307.67,21.8,347.12
CUST-2298,ORD-8092,2022-04-29,Asia,Mid Value,3,96.96,290.89,135.2,41.88,113.82
CUST-5102,ORD-8093,2023-06-03,North America,Mid Value,1,259.21,259.21,176.12,40.21,42.89
CUST-1904,ORD-8094,2023-04-23,Africa,Mid Value,3,471.24,1413.72,680.12,43.4,690.2
CUST-4026,ORD-8095,2023-02-18,Europe,High Value,3,99.39,298.17,190.63,13.58,93.97
CUST-7709,ORD-8096,2023-08-10,Asia,Mid Value,2,147.91,295.81,151.33,64.47,80.02
CUST-5711,ORD-8097,2022-12-17,Asia,High Value,1,447.83,447.83,237.53,27.66,182.65
CUST-9021,ORD-8098,2023-05-21,Asia,High Value,2,320.69,641.37,292.59,73.49,275.29
CUST-6969,ORD-8099,2022-07-14,Europe,High Value,2,178.64,357.29,210.46,68.0,78.83
CUST-3620,ORD-8100,2022-07-06,Africa,Low Value,4,410.12,1640.47,929.75,9.76,700.96
CUST-3646,ORD-8101,2023-03-26,Africa,Mid Value,1,72.3,72.3,46.0,9.02,17.28
CUST-5865,ORD-8102,2023-05-11,Asia,Mid Value,2,432.01,864.02,584.44,52.17,227.4
CUST-8345,ORD-8103,2023-05-30,Asia,Low Value,5,268.64,1343.2,788.36,10.8,544.05
CUST-3289,ORD-8104,2023-11-27,Africa,Low Value,3,383.33,1149.99,791.27,47.89,310.83
CUST-8370,ORD-8105,2022-09-30,Europe,Low Value,1,268.83,268.83,130.93,10.94,126.96
CUST-4872,ORD-8106,2022-02-21,Asia,Low Value,4,138.21,552.84,296.41,40.95,215.48
CUST-8690,ORD-8107,2022-09-20,Europe,High Value,2,327.61,655.21,430.78,36.43,188.0
CUST-2440,ORD-8108,2023-01-03,Europe,Mid Value,5,94.3,471.5,277.4,49.32,144.78
CUST-1765,ORD-8109,2022-05-13,Africa,Mid Value,3,130.34,391.01,229.42,31.71,129.87
CUST-5092,ORD-8110,2022-08-13,Asia,Mid Value,3,283.68,851.03,480.91,15.5,354.61
CUST-3666,ORD-8111,2022-11-06,North America,High Value,5,207.19,1035.96,471.02,68.16,496.79
CUST-9655,ORD-8112,2023-07-27,Africa,Mid Value,1,377.7,377.7,177.55,27.45,172.7
CUST-6968,ORD-8113,2022-01-16,Africa,Low Value,3,300.11,900.34,425.3,10.06,464.98
CUST-8641,ORD-8114,2022-07-14,North America,Mid Value,3,203.04,609.12,302.96,42.54,263.62
CUST-3181,ORD-8115,2023-03-19,Asia,Mid Value,3,176.83,530.49,251.22,70.83,208.44
CUST-4888,ORD-8116,2022-10-30,Europe,High Value,2,458.36,916.71,436.95,26.05,453.71
CUST-1840,ORD-8117,2022-02-17,Europe,Low Value,2,39.24,78.48,47.81,38.81,-8.14
CUST-6899,ORD-8118,2022-05-01,Europe,Low Value,3,351.69,1055.08,506.0,35.19,513.89
CUST-5118,ORD-8119,2023-05-14,Asia,Low Value,4,208.11,832.45,471.38,8.63,352.44
CUST-1565,ORD-8120,2023-07-16,Africa,Mid Value,3,201.13,603.4,281.05,70.13,252.22
CUST-7005,ORD-8121,2023-04-14,Africa,Low Value,1,332.9,332.9,172.23,61.92,98.76
CUST-8226,ORD-8122,2022-02-10,Africa,Low Value,4,428.22,1712.89,1166.63,12.18,534.08
CUST-6890,ORD-8123,2023-04-01,Africa,Mid Value,1,367.72,367.72,168.32,14.91,184.48
CUST-5311,ORD-8124,2023-06-18,Africa,High Value,5,341.65,1708.27,1143.24,5.79,559.23
CUST-8736,ORD-8125,2023-01-06,North America,Mid Value,5,258.18,1290.89,826.04,78.93,385.92
CUST-9848,ORD-8126,2022-07-01,Europe,High Value,2,245.21,490.41,333.59,36.21,120.61
CUST-3982,ORD-8127,2023-06-01,Europe,High Value,2,241.14,482.29,311.9,74.78,95.6
CUST-7083,ORD-8128,2023-10-19,Asia,Low Value,2,89.81,179.63,117.93,36.51,25.18
CUST-1556,ORD-8129,2023-08-13,North America,Low Value,5,288.56,1442.81,688.12,12.79,741.9
CUST-4019,ORD-8130,2022-08-19,Africa,Mid Value,1,171.42,171.42,112.95,30.75,27.73
CUST-3580,ORD-8131,2022-12-14,Africa,High Value,4,316.75,1267.0,721.28,36.37,509.35
CUST-9146,ORD-8132,2023-04-24,Africa,Mid Value,2,276.48,552.96,297.44,18.25,237.28
CUST-9243,ORD-8133,2022-07-28,North America,Low Value,5,471.16,2355.82,1150.73,9.01,1196.07
CUST-5019,ORD-8134,2023-11-06,Asia,High Value,2,228.77,457.53,205.97,28.74,222.83
CUST-4138,ORD-8135,2023-11-11,North America,Low Value,3,338.91,1016.73,620.87,45.45,350.41
CUST-1671,ORD-8136,2022-10-05,Asia,Low Value,4,304.55,1218.18,769.29,24.15,424.74
CUST-1777,ORD-8137,2023-11-19,Europe,Low Value,1,348.51,348.51,190.64,76.9,80.97
CUST-5927,ORD-8138,2022-02-22,Asia,High Value,2,148.15,296.3,145.5,41.11,109.69
CUST-4022,ORD-8139,2022-01-10,Europe,High Value,3,143.48,430.44,209.25,14.77,206.41
CUST-2860,ORD-8140,2023-10-20,Asia,Low Value,3,288.65,865.94,426.09,36.01,403.83
CUST-4139,ORD-8141,2023-04-09,Europe,High Value,4,427.55,1710.2,793.62,58.08,858.5
CUST-2074,ORD-8142,2023-08-06,Europe,Low Value,5,365.6,1828.02,986.97,41.54,799.51
CUST-7763,ORD-8143,2022-06-07,Africa,Low Value,5,254.69,1273.44,769.21,29.84,474.39
CUST-2986,ORD-8144,2022-01-19,Asia,Low Value,2,142.45,284.89,160.04,12.97,111.87
CUST-7327,ORD-8145,2022-02-24,Africa,High Value,2,384.49,768.97,370.16,39.47,359.35
CUST-2046,ORD-8146,2023-12-28,Europe,Mid Value,5,464.6,2322.99,1519.32,12.3,791.36
CUST-3176,ORD-8147,2023-12-22,Africa,Mid Value,1,122.25,122.25,63.79,32.82,25.65
CUST-3338,ORD-8148,2022-01-21,North America,High Value,1,403.56,403.56,242.41,13.72,147.44
CUST-1500,ORD-8149,2022-10-09,Africa,High Value,3,102.77,308.32,157.68,55.71,94.93
CUST-3233,ORD-8150,2023-06-24,Asia,Low Value,4,452.38,1809.5,1083.44,62.95,663.12
CUST-5608,ORD-8151,2023-02-21,Africa,Low Value,1,328.18,328.18,158.32,23.26,146.6
CUST-8234,ORD-8152,2023-12-24,North America,Mid Value,2,106.88,213.77,131.23,10.6,71.94
CUST-8972,ORD-8153,2022-10-12,Africa,Low Value,1,37.4,37.4,22.19,31.03,-15.81
CUST-7610,ORD-8154,2023-06-16,Europe,Mid Value,4,353.42,1413.66,819.67,47.04,546.95
CUST-1600,ORD-8155,2023-06-16,Europe,Mid Value,2,310.93,621.86,313.59,62.6,245.68
CUST-5284,ORD-8156,2023-05-26,Europe,High Value,4,313.43,1253.73,730.03,35.22,488.48
CUST-5483,ORD-8157,2023-01-31,Asia,High Value,5,251.49,1257.43,847.85,32.45,377.13
CUST-6901,ORD-8158,2022-04-30,Africa,High Value,4,314.93,1259.73,606.33,73.13,580.28
CUST-7129,ORD-8159,2022-04-07,Europe,Mid Value,4,439.15,1756.59,1099.5,38.73,618.36
CUST-2754,ORD-8160,2022-04-30,Africa,High Value,4,476.96,1907.84,912.77,38.54,956.54
CUST-3464,ORD-8161,2023-06-21,North America,Mid Value,2,185.36,370.73,198.17,35.75,136.81
CUST-5482,ORD-8162,2022-06-02,North America,High Value,4,254.18,1016.71,631.34,32.24,353.14
CUST-8400,ORD-8163,2022-09-02,Asia,Mid Value,4,151.05,604.21,356.52,59.64,188.06
CUST-7806,ORD-8164,2023-05-31,Africa,Low Value,3,217.56,652.68,404.38,26.13,222.17
CUST-9643,ORD-8165,2023-01-28,North America,Low Value,2,402.03,804.05,555.47,33.41,215.17
CUST-8396,ORD-8166,2022-05-23,Asia,Mid Value,4,223.99,895.98,620.38,26.17,249.43
CUST-8338,ORD-8167,2023-05-19,Asia,Mid Value,1,207.99,207.99,141.16,47.77,19.05
CUST-6241,ORD-8168,2022-08-08,Europe,Low Value,4,428.05,1712.21,982.31,77.03,652.87
CUST-8394,ORD-8169,2022-06-09,North America,Mid Value,1,20.61,20.61,11.03,34.27,-24.69
CUST-7437,ORD-8170,2022-03-17,Africa,Mid Value,5,429.05,2145.25,1115.31,77.62,952.32
CUST-5695,ORD-8171,2023-09-03,North America,Low Value,5,107.08,535.38,317.97,54.25,163.15
CUST-3588,ORD-8172,2023-11-23,North America,Mid Value,2,151.77,303.53,171.01,64.66,67.87
CUST-2782,ORD-8173,2023-10-01,Africa,High Value,2,193.57,387.14,270.47,29.98,86.7
CUST-6947,ORD-8174,2022-02-01,Africa,Low Value,5,442.71,2213.57,1292.49,21.83,899.25
CUST-7594,ORD-8175,2022-11-30,Europe,High Value,2,456.17,912.33,485.59,48.26,378.49
CUST-4520,ORD-8176,2023-06-09,Asia,Mid Value,1,337.37,337.37,205.45,79.31,52.61
CUST-4218,ORD-8177,2023-03-16,Africa,Mid Value,1,230.93,230.93,106.44,58.26,66.22
CUST-4757,ORD-8178,2022-12-18,Africa,High Value,3,267.74,803.22,383.7,56.12,363.4
CUST-5016,ORD-8179,2022-12-05,North America,Mid Value,2,298.59,597.19,367.82,38.76,190.61
CUST-3837,ORD-8180,2023-02-04,Africa,Mid Value,2,477.92,955.83,459.6,70.96,425.27
CUST-7000,ORD-8181,2023-01-31,Africa,High Value,3,485.2,1455.6,929.91,57.27,468.41
CUST-8034,ORD-8182,2022-07-21,North America,Mid Value,4,426.72,1706.88,794.51,55.62,856.75
CUST-8309,ORD-8183,2023-06-14,North America,Low Value,1,300.19,300.19,179.66,26.94,93.59
CUST-5239,ORD-8184,2022-04-03,North America,High Value,4,207.55,830.21,514.42,76.83,238.96
CUST-5428,ORD-8185,2022-12-24,Europe,High Value,3,130.53,391.6,252.54,23.78,115.28
CUST-5150,ORD-8186,2023-01-31,Asia,High Value,2,276.54,553.08,371.35,44.28,137.45
CUST-2446,ORD-8187,2022-03-01,Africa,High Value,4,185.9,743.61,392.67,30.47,320.47
CUST-7468,ORD-8188,2023-04-22,North America,Low Value,2,54.92,109.83,69.17,18.56,22.1
CUST-6790,ORD-8189,2023-12-27,North America,High Value,3,248.59,745.76,350.64,15.81,379.31
CUST-5175,ORD-8190,2023-09-04,Asia,High Value,5,294.12,1470.61,966.85,26.97,476.79
CUST-6080,ORD-8191,2022-01-01,Europe,Mid Value,2,313.43,626.86,421.6,56.67,148.59
CUST-1864,ORD-8192,2023-07-09,Africa,High Value,4,55.43,221.72,141.27,78.11,2.34
CUST-7860,ORD-8193,2022-11-07,Europe,Mid Value,4,251.89,1007.57,524.27,69.0,414.3
CUST-9663,ORD-8194,2022-06-17,Europe,High Value,3,334.84,1004.51,467.69,21.35,515.47
CUST-7217,ORD-8195,2022-07-11,Europe,High Value,4,481.31,1925.24,1069.28,10.88,845.08
CUST-6672,ORD-8196,2022-02-03,North America,Low Value,1,32.02,32.02,16.58,56.5,-41.06
CUST-2502,ORD-8197,2022-02-03,Asia,Mid Value,2,344.62,689.23,401.51,7.25,280.47
CUST-5684,ORD-8198,2023-11-19,Asia,Low Value,1,49.92,49.92,27.38,69.43,-46.89
CUST-2410,ORD-8199,2023-02-21,Asia,Mid Value,3,96.24,288.73,139.75,66.92,82.07
CUST-4770,ORD-8200,2023-12-09,Europe,High Value,1,103.19,103.19,68.02,64.53,-29.36
CUST-5659,ORD-8201,2022-06-07,Africa,Low Value,1,177.86,177.86,118.48,46.43,12.94
CUST-5001,ORD-8202,2023-05-15,Europe,Mid Value,2,419.02,838.05,547.48,78.02,212.55
CUST-4483,ORD-8203,2023-01-01,Asia,Mid Value,2,430.99,861.99,433.23,39.38,389.38
CUST-5562,ORD-8204,2022-12-06,North America,Low Value,5,199.98,999.88,557.06,78.99,363.84
CUST-1598,ORD-8205,2022-12-01,Europe,Mid Value,1,227.03,227.03,111.89,71.14,43.99
CUST-4041,ORD-8206,2023-08-06,North America,High Value,2,124.17,248.35,153.06,14.49,80.8
CUST-9160,ORD-8207,2022-11-23,Asia,Mid Value,1,227.61,227.61,148.23,72.12,7.26
CUST-7391,ORD-8208,2022-04-24,Europe,High Value,1,151.92,151.92,90.45,27.87,33.6
CUST-8287,ORD-8209,2023-02-22,North America,Mid Value,3,103.94,311.83,182.9,62.62,66.31
CUST-1066,ORD-8210,2023-04-13,Europe,Low Value,3,96.06,288.19,181.2,5.02,101.98
CUST-9123,ORD-8211,2022-05-23,Asia,High Value,1,392.31,392.31,187.68,25.69,178.94
CUST-3750,ORD-8212,2023-09-01,Africa,Mid Value,3,76.13,228.4,116.92,61.88,49.6
CUST-9661,ORD-8213,2022-11-05,Asia,High Value,2,315.7,631.39,333.64,77.93,219.83
CUST-7806,ORD-8214,2023-02-05,Africa,Low Value,1,100.39,100.39,58.54,17.82,24.03
CUST-7429,ORD-8215,2022-11-16,Africa,Mid Value,3,422.16,1266.49,878.95,39.46,348.08
CUST-9123,ORD-8216,2022-07-31,Asia,Mid Value,2,151.74,303.49,202.05,49.04,52.4
CUST-2631,ORD-8217,2022-11-13,North America,High Value,1,41.55,41.55,21.26,76.44,-56.16
CUST-7452,ORD-8218,2022-07-04,Europe,Low Value,1,237.0,237.0,120.45,39.0,77.55
CUST-1774,ORD-8219,2022-07-24,Europe,Low Value,3,499.9,1499.71,838.2,75.02,586.49
CUST-7107,ORD-8220,2022-12-30,Europe,Mid Value,2,410.31,820.61,569.23,78.36,173.02
CUST-8804,ORD-8221,2022-08-04,Africa,High Value,1,293.73,293.73,143.37,75.62,74.73
CUST-5019,ORD-8222,2022-09-03,Africa,Mid Value,1,110.93,110.93,76.46,61.15,-26.68
CUST-1929,ORD-8223,2022-08-27,Asia,Mid Value,5,76.4,382.01,190.09,14.47,177.45
CUST-4012,ORD-8224,2023-01-26,North America,High Value,1,422.5,422.5,283.76,50.18,88.57
CUST-6024,ORD-8225,2023-06-04,Asia,Low Value,5,398.1,1990.5,1308.9,61.51,620.09
CUST-7264,ORD-8226,2023-08-13,Asia,Mid Value,5,241.85,1209.25,810.9,76.62,321.73
CUST-8973,ORD-8227,2022-10-04,North America,Mid Value,2,222.28,444.55,299.16,63.35,82.05
CUST-5729,ORD-8228,2022-07-21,Africa,High Value,4,379.36,1517.45,765.61,45.42,706.43
CUST-8961,ORD-8229,2022-08-02,Asia,High Value,5,277.3,1386.49,893.84,20.39,472.27
CUST-3819,ORD-8230,2023-08-29,Asia,Mid Value,2,214.0,428.0,265.58,39.28,123.14
CUST-7655,ORD-8231,2023-04-23,Africa,Low Value,3,140.83,422.48,282.95,52.87,86.66
CUST-2184,ORD-8232,2023-05-23,Europe,High Value,5,78.83,394.15,225.68,29.34,139.12
CUST-9480,ORD-8233,2022-03-16,North America,Mid Value,4,305.5,1222.0,676.21,39.23,506.56
CUST-7343,ORD-8234,2023-10-31,North America,Low Value,3,416.5,1249.51,789.14,6.3,454.07
CUST-1527,ORD-8235,2023-10-27,Europe,High Value,5,378.17,1890.84,978.44,70.93,841.48
CUST-1916,ORD-8236,2022-05-22,North America,High Value,5,354.23,1771.16,1160.14,7.61,603.42
CUST-4574,ORD-8237,2023-08-13,Europe,Mid Value,4,465.85,1863.4,971.75,35.7,855.95
CUST-4319,ORD-8238,2022-11-18,Asia,High Value,1,209.37,209.37,96.48,43.32,69.57
CUST-2406,ORD-8239,2023-11-25,North America,Mid Value,4,85.86,343.46,201.91,77.93,63.62
CUST-2241,ORD-8240,2023-04-06,North America,High Value,2,68.94,137.87,90.86,75.14,-28.12
CUST-6206,ORD-8241,2023-12-08,Asia,Low Value,2,478.41,956.81,595.73,53.48,307.61
CUST-8249,ORD-8242,2023-11-01,Africa,Low Value,4,302.7,1210.81,844.33,48.8,317.68
CUST-4133,ORD-8243,2022-05-26,Africa,High Value,4,409.18,1636.72,794.11,32.49,810.12
CUST-1798,ORD-8244,2022-02-23,Asia,Mid Value,4,277.07,1108.27,594.19,8.08,506.0
CUST-2523,ORD-8245,2022-12-22,North America,High Value,4,211.28,845.11,460.57,25.08,359.46
CUST-8209,ORD-8246,2022-10-04,North America,Mid Value,4,116.13,464.52,215.79,68.58,180.15
CUST-5928,ORD-8247,2023-08-18,North America,High Value,5,431.08,2155.38,993.09,53.62,1108.67
CUST-3888,ORD-8248,2023-02-04,Europe,Low Value,3,50.49,151.46,69.27,66.08,16.11
CUST-3690,ORD-8249,2023-10-30,Africa,Mid Value,2,452.11,904.22,499.33,67.77,337.12
CUST-5091,ORD-8250,2023-05-31,North America,Low Value,2,118.41,236.81,156.58,9.67,70.57
CUST-8282,ORD-8251,2023-05-14,Africa,Low Value,3,24.57,73.72,46.26,30.29,-2.82
CUST-7249,ORD-8252,2022-11-07,Africa,Low Value,4,69.87,279.48,156.98,55.7,66.8
CUST-1690,ORD-8253,2022-09-28,North America,High Value,3,444.08,1332.25,687.45,68.98,575.82
CUST-9719,ORD-8254,2023-07-30,Asia,Mid Value,4,55.38,221.52,100.55,65.11,55.87
CUST-2495,ORD-8255,2023-03-25,Asia,Low Value,2,190.52,381.03,188.17,36.66,156.2
CUST-1892,ORD-8256,2022-04-22,Africa,Mid Value,1,140.15,140.15,76.63,74.91,-11.39
CUST-9578,ORD-8257,2022-08-27,Europe,Mid Value,2,37.69,75.38,40.9,27.55,6.92
CUST-6873,ORD-8258,2022-05-24,Africa,Low Value,2,275.1,550.21,283.27,33.18,233.76
CUST-5503,ORD-8259,2023-01-09,Africa,High Value,1,499.2,499.2,349.08,18.61,131.51
CUST-1897,ORD-8260,2022-01-20,Asia,Low Value,3,429.44,1288.33,723.84,22.02,542.47
CUST-1710,ORD-8261,2023-07-30,North America,Low Value,5,101.07,505.34,261.24,5.65,238.45
CUST-4695,ORD-8262,2022-10-16,North America,Mid Value,4,444.47,1777.89,980.98,28.14,768.77
CUST-3686,ORD-8263,2023-08-16,Europe,High Value,4,236.86,947.44,492.53,27.99,426.92
CUST-8188,ORD-8264,2022-07-16,Asia,Mid Value,2,151.16,302.32,162.66,10.05,129.62
CUST-6778,ORD-8265,2023-01-17,Asia,High Value,1,327.35,327.35,157.61,30.54,139.2
CUST-8768,ORD-8266,2023-08-04,Africa,Low Value,2,124.01,248.03,111.66,27.6,108.76
CUST-6013,ORD-8267,2023-11-29,Asia,High Value,2,442.23,884.47,506.72,64.93,312.82
CUST-5512,ORD-8268,2023-11-10,Africa,Mid Value,3,319.61,958.83,548.72,16.72,393.38
CUST-1415,ORD-8269,2023-12-18,Europe,Low Value,4,85.29,341.16,166.91,59.38,114.87
CUST-5180,ORD-8270,2023-05-07,Asia,High Value,5,293.91,1469.56,967.22,14.75,487.59
CUST-5262,ORD-8271,2022-06-13,Asia,High Value,1,264.98,264.98,131.95,42.22,90.81
CUST-3515,ORD-8272,2023-08-29,Africa,Mid Value,5,246.3,1231.49,791.29,60.23,379.97
CUST-6640,ORD-8273,2022-09-06,Asia,High Value,1,195.19,195.19,97.12,50.48,47.58
CUST-7616,ORD-8274,2022-03-09,North America,Low Value,4,247.62,990.47,515.36,53.44,421.67
CUST-1992,ORD-8275,2022-01-21,Europe,High Value,3,301.29,903.86,467.72,20.48,415.66
CUST-5370,ORD-8276,2023-05-27,North America,Mid Value,5,372.11,1860.57,944.05,67.06,849.47
CUST-2773,ORD-8277,2023-08-20,Africa,High Value,1,460.58,460.58,316.95,76.41,67.23
CUST-4561,ORD-8278,2023-01-25,Africa,Low Value,2,41.3,82.61,42.61,16.58,23.42
CUST-4816,ORD-8279,2023-06-20,Africa,Low Value,4,293.29,1173.14,670.15,71.62,431.37
CUST-7633,ORD-8280,2022-04-21,Europe,High Value,3,380.95,1142.84,724.33,34.83,383.69
CUST-2756,ORD-8281,2023-08-18,Asia,High Value,2,75.47,150.93,79.96,57.41,13.56
CUST-3373,ORD-8282,2023-04-05,North America,Low Value,3,457.52,1372.56,621.67,43.0,707.89
CUST-3576,ORD-8283,2022-03-19,Asia,Mid Value,1,137.6,137.6,88.12,64.5,-15.02
CUST-5184,ORD-8284,2023-03-10,Africa,Low Value,2,420.0,840.0,437.65,8.4,393.96
CUST-9899,ORD-8285,2023-01-15,Asia,High Value,3,337.76,1013.29,677.18,29.28,306.84
CUST-3397,ORD-8286,2023-10-14,Europe,High Value,4,288.58,1154.33,661.19,8.56,484.58
CUST-6969,ORD-8287,2023-03-16,Africa,Mid Value,5,437.24,2186.18,1325.05,75.63,785.5
CUST-5535,ORD-8288,2022-12-05,Asia,Low Value,5,485.23,2426.16,1668.57,17.76,739.83
CUST-7883,ORD-8289,2023-02-28,North America,Low Value,2,498.62,997.25,665.65,36.84,294.75
CUST-9127,ORD-8290,2022-06-18,Africa,Mid Value,4,347.97,1391.9,902.17,53.11,436.62
CUST-1734,ORD-8291,2023-12-10,Africa,Low Value,4,182.78,731.13,426.02,39.61,265.5
CUST-1632,ORD-8292,2022-09-19,Europe,Mid Value,3,439.86,1319.57,649.65,45.24,624.67
CUST-5268,ORD-8293,2023-12-28,Europe,Low Value,2,334.09,668.17,441.17,20.3,206.7
CUST-5099,ORD-8294,2023-08-02,North America,Mid Value,4,175.2,700.79,331.82,10.03,358.95
CUST-3901,ORD-8295,2022-08-17,Asia,Mid Value,3,467.54,1402.61,942.36,24.3,435.94
CUST-2663,ORD-8296,2022-06-10,Asia,Mid Value,4,378.87,1515.49,972.28,28.79,514.42
CUST-6591,ORD-8297,2023-03-03,Africa,High Value,2,237.36,474.71,308.97,36.19,129.55
CUST-4872,ORD-8298,2022-05-02,Africa,High Value,4,238.16,952.62,518.51,27.2,406.91
CUST-2054,ORD-8299,2022-05-29,Asia,High Value,4,498.05,1992.18,938.8,7.69,1045.7
CUST-9572,ORD-8300,2023-12-06,Asia,Low Value,4,199.38,797.52,503.83,12.1,281.6
CUST-4082,ORD-8301,2022-04-21,Asia,Mid Value,5,65.16,325.79,226.27,55.54,43.99
CUST-9007,ORD-8302,2023-10-19,Africa,Low Value,1,278.51,278.51,185.1,9.74,83.68
CUST-5261,ORD-8303,2022-08-09,Europe,Low Value,2,444.73,889.46,587.35,8.47,293.64
CUST-3389,ORD-8304,2022-03-05,Europe,Mid Value,5,300.57,1502.85,913.85,65.88,523.12
CUST-4553,ORD-8305,2023-09-30,North America,High Value,1,400.68,400.68,191.95,8.09,200.64
CUST-6138,ORD-8306,2023-12-31,Asia,Low Value,4,46.34,185.34,123.4,10.16,51.78
CUST-1544,ORD-8307,2022-12-20,Asia,Low Value,4,343.23,1372.92,694.02,46.21,632.68
CUST-4663,ORD-8308,2023-04-19,Asia,Low Value,5,58.01,290.07,149.71,38.21,102.14
CUST-3239,ORD-8309,2023-04-30,North America,High Value,3,287.05,861.15,550.25,77.33,233.57
CUST-4773,ORD-8310,2022-01-13,Asia,Mid Value,2,258.93,517.86,325.85,75.26,116.74
CUST-3627,ORD-8311,2022-06-02,Europe,Mid Value,1,473.89,473.89,221.85,54.52,197.53
CUST-7618,ORD-8312,2022-08-27,Asia,Low Value,4,83.58,334.33,171.51,10.39,152.43
CUST-7780,ORD-8313,2022-07-09,North America,Mid Value,2,24.56,49.11,32.14,42.74,-25.77
CUST-9015,ORD-8314,2023-10-25,Africa,High Value,4,85.93,343.72,236.27,8.38,99.07
CUST-4130,ORD-8315,2022-03-27,Africa,Mid Value,4,101.94,407.76,210.64,73.1,124.02
CUST-1096,ORD-8316,2022-01-21,Europe,Low Value,4,140.44,561.75,359.61,54.5,147.64
CUST-4858,ORD-8317,2023-11-25,Europe,Low Value,2,411.24,822.49,474.09,48.04,300.36
CUST-3708,ORD-8318,2022-11-15,Europe,Mid Value,5,200.9,1004.51,547.48,37.09,419.95
CUST-6397,ORD-8319,2022-06-07,Africa,Low Value,2,423.56,847.13,571.41,43.23,232.49
CUST-7152,ORD-8320,2023-04-26,Asia,High Value,2,150.53,301.06,176.74,35.02,89.3
CUST-1456,ORD-8321,2022-03-17,North America,High Value,3,433.06,1299.18,809.31,12.47,477.4
CUST-6914,ORD-8322,2022-11-25,North America,High Value,3,23.88,71.65,42.85,54.57,-25.78
CUST-5368,ORD-8323,2023-02-20,Asia,High Value,5,468.58,2342.89,1431.26,79.73,831.9
CUST-5088,ORD-8324,2022-07-22,Africa,Low Value,3,378.1,1134.31,657.13,13.44,463.74
CUST-9399,ORD-8325,2022-08-17,Africa,Low Value,5,218.11,1090.55,636.19,79.56,374.8
CUST-2937,ORD-8326,2022-06-01,North America,Mid Value,4,297.12,1188.48,788.01,72.47,328.0
CUST-2146,ORD-8327,2022-03-13,Europe,Low Value,4,467.85,1871.39,983.72,72.06,815.6
CUST-6152,ORD-8328,2022-08-13,Europe,Mid Value,2,299.63,599.26,379.99,67.34,151.93
CUST-5299,ORD-8329,2023-04-18,North America,Low Value,4,129.71,518.85,268.32,74.27,176.26
CUST-9118,ORD-8330,2023-10-05,North America,Mid Value,3,294.98,884.94,413.87,23.48,447.59
CUST-9634,ORD-8331,2022-12-26,Asia,Mid Value,1,438.29,438.29,296.2,37.79,104.3
CUST-8759,ORD-8332,2023-06-24,Asia,High Value,2,493.98,987.95,546.01,40.99,400.96
CUST-8953,ORD-8333,2023-09-01,Asia,Mid Value,5,300.36,1501.8,932.31,10.1,559.39
CUST-5784,ORD-8334,2022-02-15,Asia,Mid Value,4,94.71,378.84,242.26,78.57,58.01
CUST-2461,ORD-8335,2022-01-01,Asia,Mid Value,2,390.44,780.88,506.99,56.71,217.18
CUST-2159,ORD-8336,2023-11-09,Asia,Mid Value,2,498.52,997.03,505.08,38.87,453.09
CUST-1386,ORD-8337,2022-09-02,Europe,Mid Value,2,247.35,494.69,303.7,79.42,111.57
CUST-8192,ORD-8338,2022-08-07,North America,High Value,4,204.19,816.77,522.78,25.41,268.57
CUST-5775,ORD-8339,2023-09-06,Africa,Mid Value,5,285.2,1426.0,684.4,30.28,711.32
CUST-4409,ORD-8340,2022-10-18,Asia,Mid Value,2,99.09,198.18,96.18,19.31,82.68
CUST-1689,ORD-8341,2023-04-03,Europe,Mid Value,2,486.22,972.43,526.06,18.99,427.38
CUST-8028,ORD-8342,2022-07-23,North America,Low Value,2,422.4,844.8,443.87,19.14,381.79
CUST-8262,ORD-8343,2022-07-21,North America,Low Value,4,74.24,296.94,192.81,50.81,53.32
CUST-6664,ORD-8344,2023-07-20,North America,High Value,3,473.64,1420.92,867.72,27.06,526.14
CUST-7766,ORD-8345,2023-04-27,Asia,Mid Value,5,472.55,2362.77,1357.39,76.38,928.99
CUST-1952,ORD-8346,2023-05-26,Asia,Mid Value,2,171.85,343.7,163.81,66.25,113.64
CUST-7142,ORD-8347,2022-10-05,Africa,Low Value,2,317.19,634.38,303.32,17.09,313.96
CUST-6967,ORD-8348,2022-01-16,Asia,Mid Value,2,73.16,146.32,84.76,67.55,-5.98
CUST-8205,ORD-8349,2023-06-09,North America,High Value,4,60.41,241.65,162.08,30.92,48.65
CUST-3484,ORD-8350,2022-12-22,North America,Mid Value,3,260.86,782.58,503.8,22.08,256.7
CUST-2854,ORD-8351,2022-12-22,Europe,High Value,2,43.85,87.69,58.79,63.66,-34.75
CUST-4231,ORD-8352,2023-08-22,Europe,Low Value,2,439.95,879.9,520.27,69.27,290.35
CUST-3597,ORD-8353,2022-03-19,Africa,High Value,4,465.49,1861.94,940.92,77.03,843.99
CUST-8829,ORD-8354,2022-03-08,Europe,High Value,5,52.31,261.54,119.77,36.52,105.25
CUST-9186,ORD-8355,2023-12-24,Africa,High Value,5,42.7,213.48,146.25,47.16,20.07
CUST-4983,ORD-8356,2022-08-02,Europe,High Value,3,126.28,378.84,215.49,51.12,112.24
CUST-7963,ORD-8357,2023-11-28,North America,High Value,5,466.38,2331.9,1550.14,52.08,729.68
CUST-7684,ORD-8358,2023-03-25,Asia,High Value,2,389.13,778.25,492.83,35.16,250.27
CUST-1656,ORD-8359,2023-03-09,Asia,High Value,4,344.72,1378.88,907.36,16.43,455.09
CUST-8743,ORD-8360,2023-06-29,Africa,High Value,2,392.65,785.29,394.74,10.28,380.27
CUST-7839,ORD-8361,2022-04-25,Asia,High Value,2,115.75,231.5,143.5,72.95,15.05
CUST-7312,ORD-8362,2023-02-24,Asia,Low Value,3,143.16,429.49,270.87,32.49,126.13
CUST-8938,ORD-8363,2023-05-14,Europe,High Value,5,172.46,862.31,507.17,18.55,336.59
CUST-7176,ORD-8364,2023-12-11,North America,High Value,5,310.43,1552.16,1022.57,78.77,450.82
CUST-4285,ORD-8365,2023-01-15,Asia,Mid Value,5,311.95,1559.73,1087.21,65.22,407.3
CUST-6559,ORD-8366,2022-05-23,North America,Mid Value,2,120.13,240.26,108.75,78.59,52.92
CUST-4563,ORD-8367,2023-09-24,Europe,Mid Value,4,229.63,918.52,517.81,25.91,374.79
CUST-5584,ORD-8368,2022-01-24,Europe,High Value,4,351.21,1404.84,896.95,39.74,468.14
CUST-5817,ORD-8369,2023-06-23,Asia,Low Value,2,168.62,337.23,212.93,65.65,58.65
CUST-6041,ORD-8370,2022-03-16,Asia,Low Value,1,56.23,56.23,31.88,46.39,-22.04
CUST-7182,ORD-8371,2023-06-19,Europe,Mid Value,2,114.75,229.49,151.59,31.62,46.28
CUST-9026,ORD-8372,2023-11-04,Europe,Mid Value,5,99.07,495.37,306.51,16.88,171.97
CUST-4244,ORD-8373,2022-02-10,Africa,High Value,2,323.33,646.67,379.65,47.13,219.88
CUST-2040,ORD-8374,2023-07-22,Africa,Low Value,1,52.9,52.9,27.42,49.88,-24.39
CUST-3273,ORD-8375,2023-02-17,North America,Low Value,2,444.68,889.36,481.89,59.06,348.42
CUST-4629,ORD-8376,2023-02-19,Europe,Mid Value,5,60.51,302.53,210.94,64.29,27.3
CUST-3114,ORD-8377,2023-03-25,North America,Low Value,3,307.0,920.99,623.08,13.86,284.05
CUST-8364,ORD-8378,2023-09-02,Europe,Mid Value,4,466.18,1864.7,1163.41,52.1,649.2
CUST-2677,ORD-8379,2023-10-20,North America,Mid Value,1,49.96,49.96,33.21,63.61,-46.86
CUST-4094,ORD-8380,2023-03-12,Africa,High Value,3,203.89,611.67,296.05,34.18,281.45
CUST-6873,ORD-8381,2023-07-06,Europe,Mid Value,4,177.41,709.66,366.82,25.67,317.17
CUST-3284,ORD-8382,2023-12-06,Europe,High Value,3,185.22,555.66,373.01,40.97,141.68
CUST-6052,ORD-8383,2022-08-27,North America,Low Value,2,308.15,616.3,349.88,28.26,238.16
CUST-8062,ORD-8384,2022-02-11,North America,Low Value,2,145.81,291.62,174.31,43.24,74.07
CUST-2589,ORD-8385,2023-12-09,Asia,Mid Value,4,33.12,132.46,88.87,28.14,15.45
CUST-3520,ORD-8386,2022-01-10,Asia,Mid Value,4,481.89,1927.57,1062.09,36.7,828.77
CUST-5648,ORD-8387,2022-09-22,Africa,High Value,2,379.41,758.82,432.87,73.64,252.32
CUST-6729,ORD-8388,2023-08-04,Europe,High Value,2,84.86,169.72,81.13,73.75,14.84
CUST-1694,ORD-8389,2023-03-21,Europe,Low Value,4,238.48,953.9,665.68,79.41,208.8
CUST-8807,ORD-8390,2022-05-19,North America,Low Value,4,50.11,200.43,138.96,41.46,20.0
CUST-4683,ORD-8391,2022-07-15,Africa,Mid Value,4,33.37,133.48,69.96,17.6,45.92
CUST-7704,ORD-8392,2022-03-15,Europe,Mid Value,5,42.81,214.03,141.93,71.68,0.42
CUST-8368,ORD-8393,2023-09-07,Africa,High Value,5,382.77,1913.87,1213.9,49.76,650.2
CUST-2971,ORD-8394,2022-08-13,Asia,Mid Value,2,233.56,467.13,227.33,61.08,178.72
CUST-9055,ORD-8395,2023-09-27,North America,High Value,5,425.31,2126.55,969.65,17.19,1139.71
CUST-5218,ORD-8396,2022-04-12,Europe,Low Value,1,166.5,166.5,75.51,28.98,62.01
CUST-2868,ORD-8397,2022-09-21,North America,Low Value,2,392.15,784.31,365.83,25.64,392.84
CUST-2671,ORD-8398,2022-06-10,Asia,Mid Value,1,57.41,57.41,34.84,46.98,-24.41
CUST-2728,ORD-8399,2022-08-21,Africa,High Value,3,324.85,974.56,558.46,79.79,336.31
CUST-8632,ORD-8400,2023-05-06,Africa,Mid Value,1,193.09,193.09,135.01,50.93,7.16
CUST-7403,ORD-8401,2022-11-07,Asia,Mid Value,3,152.83,458.48,239.16,47.96,171.36
CUST-7092,ORD-8402,2023-10-13,Asia,High Value,1,411.25,411.25,259.67,61.93,89.65
CUST-3142,ORD-8403,2022-08-15,Europe,Mid Value,3,44.92,134.77,73.69,29.66,31.42
CUST-7184,ORD-8404,2022-09-30,Europe,High Value,3,475.78,1427.33,677.38,23.99,725.96
CUST-7010,ORD-8405,2022-11-13,Europe,High Value,2,397.06,794.12,531.5,67.85,194.77
CUST-1253,ORD-8406,2022-03-27,Europe,Mid Value,4,190.69,762.77,419.52,77.04,266.2
CUST-5102,ORD-8407,2022-10-18,Europe,High Value,4,495.84,1983.36,1347.16,36.61,599.6
CUST-4542,ORD-8408,2023-04-14,Africa,Low Value,2,117.19,234.39,160.38,8.09,65.92
CUST-3775,ORD-8409,2023-12-30,Europe,Low Value,3,213.16,639.48,418.88,18.44,202.16
CUST-8678,ORD-8410,2023-08-01,Asia,Low Value,4,444.74,1778.97,812.85,69.27,896.85
CUST-7212,ORD-8411,2023-10-09,Asia,Low Value,4,498.47,1993.87,1378.77,14.12,600.97
CUST-5637,ORD-8412,2023-02-08,Europe,Mid Value,1,134.77,134.77,64.83,62.23,7.72
CUST-7034,ORD-8413,2023-03-03,Asia,Low Value,5,376.69,1883.47,1286.09,51.52,545.87
CUST-9457,ORD-8414,2023-01-10,North America,Low Value,2,166.75,333.5,200.65,59.5,73.35
CUST-7476,ORD-8415,2023-07-21,Africa,Low Value,5,387.91,1939.53,1055.81,24.24,859.48
CUST-4148,ORD-8416,2022-09-09,Africa,Low Value,3,80.14,240.41,151.54,6.37,82.5
CUST-4359,ORD-8417,2023-06-17,Europe,Mid Value,1,181.36,181.36,104.59,7.98,68.79
CUST-2004,ORD-8418,2022-11-03,North America,Low Value,4,56.0,224.0,145.29,59.36,19.35
CUST-5717,ORD-8419,2023-03-06,Europe,High Value,1,256.11,256.11,148.15,51.0,56.96
CUST-4271,ORD-8420,2023-11-06,Europe,High Value,2,356.72,713.44,386.85,68.03,258.56
CUST-1209,ORD-8421,2022-09-21,Asia,Mid Value,3,201.74,605.21,326.94,34.94,243.32
CUST-6539,ORD-8422,2022-03-09,Africa,Mid Value,1,315.06,315.06,169.67,46.67,98.73
CUST-1153,ORD-8423,2022-04-17,North America,Mid Value,1,293.16,293.16,166.58,63.76,62.82
CUST-4593,ORD-8424,2023-02-04,Asia,Low Value,1,161.41,161.41,77.08,42.25,42.08
CUST-9606,ORD-8425,2023-08-02,Africa,Mid Value,4,253.65,1014.61,624.42,79.5,310.69
CUST-2284,ORD-8426,2022-07-18,Africa,Low Value,3,53.13,159.39,85.33,60.72,13.34
CUST-4148,ORD-8427,2022-07-11,Europe,Mid Value,4,240.76,963.03,568.56,56.25,338.22
CUST-1768,ORD-8428,2023-05-29,North America,High Value,1,239.93,239.93,139.55,65.11,35.27
CUST-6607,ORD-8429,2023-03-18,Europe,High Value,4,33.78,135.14,89.77,63.29,-17.92
CUST-4202,ORD-8430,2022-01-01,Asia,Low Value,4,266.66,1066.64,709.76,21.48,335.4
CUST-3787,ORD-8431,2022-12-24,Europe,Mid Value,2,374.09,748.19,521.71,20.78,205.7
CUST-3210,ORD-8432,2022-04-25,Europe,High Value,5,237.08,1185.41,605.02,50.46,529.93
CUST-8399,ORD-8433,2023-08-23,Africa,Low Value,5,330.09,1650.46,756.93,37.7,855.83
CUST-7338,ORD-8434,2022-07-16,Africa,High Value,2,275.56,551.12,306.55,70.37,174.21
CUST-9733,ORD-8435,2023-08-27,Asia,Mid Value,2,396.89,793.77,535.13,26.76,231.89
CUST-1358,ORD-8436,2022-10-01,Africa,Low Value,4,266.94,1067.75,640.72,29.81,397.22
CUST-1849,ORD-8437,2022-06-09,Africa,High Value,4,179.17,716.69,389.44,17.47,309.78
CUST-8498,ORD-8438,2022-06-22,Africa,Mid Value,3,417.23,1251.7,804.88,78.63,368.19
CUST-5522,ORD-8439,2023-06-29,Europe,Low Value,5,52.46,262.29,164.74,13.7,83.85
CUST-3544,ORD-8440,2023-04-03,North America,High Value,4,158.94,635.76,399.5,78.72,157.54
CUST-2831,ORD-8441,2023-08-08,Asia,High Value,3,303.91,911.74,527.57,57.98,326.19
CUST-2472,ORD-8442,2023-03-09,Europe,Low Value,5,430.89,2154.46,1255.23,11.69,887.54
CUST-1329,ORD-8443,2023-04-26,Asia,Mid Value,3,54.63,163.88,96.52,16.4,50.96
CUST-6851,ORD-8444,2023-03-31,Europe,Low Value,3,66.11,198.32,116.64,29.52,52.15
CUST-8032,ORD-8445,2022-07-15,Asia,High Value,2,155.54,311.09,156.04,24.53,130.53
CUST-6266,ORD-8446,2023-08-22,Africa,High Value,1,185.39,185.39,94.82,77.98,12.59
CUST-5354,ORD-8447,2022-11-05,Asia,High Value,1,424.9,424.9,230.93,51.0,142.96
CUST-7435,ORD-8448,2023-07-10,North America,Mid Value,1,480.27,480.27,318.84,10.58,150.86
CUST-8978,ORD-8449,2023-05-09,Asia,High Value,3,28.27,84.81,47.97,44.41,-7.56
CUST-5238,ORD-8450,2023-03-15,North America,High Value,4,27.37,109.48,74.62,72.29,-37.42
CUST-7112,ORD-8451,2023-10-12,Asia,Low Value,1,435.11,435.11,282.1,36.21,116.79
CUST-5722,ORD-8452,2022-12-25,Africa,High Value,4,85.1,340.38,226.48,54.96,58.94
CUST-2388,ORD-8453,2022-02-05,Asia,Low Value,5,182.88,914.41,442.15,62.99,409.27
CUST-5185,ORD-8454,2022-02-03,Europe,High Value,1,152.1,152.1,74.1,18.88,59.12
CUST-9911,ORD-8455,2022-03-29,Africa,Low Value,3,155.3,465.89,237.21,69.16,159.52
CUST-4235,ORD-8456,2023-10-20,Africa,Low Value,2,177.72,355.45,218.83,38.66,97.95
CUST-5576,ORD-8457,2022-01-16,Europe,Low Value,3,181.3,543.91,309.52,9.25,225.13
CUST-2100,ORD-8458,2023-02-25,Africa,Low Value,4,317.67,1270.7,625.76,70.92,574.02
CUST-9864,ORD-8459,2023-07-07,Africa,Mid Value,5,321.82,1609.08,1024.09,47.33,537.66
CUST-9708,ORD-8460,2022-05-06,Europe,High Value,3,270.99,812.96,471.01,19.87,322.08
CUST-3532,ORD-8461,2022-01-08,Africa,Mid Value,2,432.1,864.2,546.82,28.81,288.57
CUST-8770,ORD-8462,2023-04-17,Africa,High Value,2,425.92,851.84,577.01,47.7,227.13
CUST-4670,ORD-8463,2023-04-13,Africa,Low Value,5,124.26,621.32,421.68,33.06,166.58
CUST-1781,ORD-8464,2023-05-25,Africa,High Value,1,280.95,280.95,147.58,22.5,110.87
CUST-4523,ORD-8465,2023-02-06,Asia,Low Value,3,396.24,1188.73,582.04,40.95,565.74
CUST-7131,ORD-8466,2022-06-25,Africa,High Value,3,436.1,1308.3,730.63,18.88,558.79
CUST-5782,ORD-8467,2023-01-02,Africa,Low Value,2,142.49,284.98,134.22,23.4,127.36
CUST-5995,ORD-8468,2023-05-03,Africa,High Value,4,257.17,1028.67,474.21,67.01,487.46
CUST-2501,ORD-8469,2022-01-18,Asia,High Value,3,272.01,816.04,566.76,22.14,227.14
CUST-4080,ORD-8470,2022-02-25,North America,High Value,2,355.83,711.65,493.14,57.15,161.36
CUST-1502,ORD-8471,2022-02-04,Africa,Low Value,4,178.52,714.1,384.15,23.79,306.17
CUST-4885,ORD-8472,2023-09-22,North America,High Value,1,160.86,160.86,105.38,20.93,34.54
CUST-9009,ORD-8473,2023-12-26,North America,Low Value,1,358.69,358.69,181.44,23.84,153.41
CUST-1623,ORD-8474,2023-07-27,Europe,Mid Value,2,211.68,423.36,234.68,40.12,148.56
CUST-2050,ORD-8475,2023-08-23,Europe,High Value,2,21.93,43.86,27.7,15.97,0.19
CUST-8385,ORD-8476,2022-12-13,North America,Low Value,1,470.17,470.17,276.29,13.0,180.88
CUST-7081,ORD-8477,2022-02-01,Asia,Low Value,2,91.83,183.66,120.35,61.76,1.56
CUST-6484,ORD-8478,2022-05-13,Africa,Low Value,5,91.34,456.72,317.43,6.75,132.55
CUST-4772,ORD-8479,2023-07-30,Africa,Mid Value,3,412.82,1238.45,560.09,33.91,644.44
CUST-4916,ORD-8480,2022-07-18,Africa,Low Value,5,181.04,905.21,616.56,34.7,253.94
CUST-5018,ORD-8481,2022-09-13,Europe,Mid Value,4,177.52,710.1,392.94,71.98,245.18
CUST-2329,ORD-8482,2022-12-08,Europe,Mid Value,2,318.75,637.5,351.89,63.09,222.52
CUST-5114,ORD-8483,2023-10-29,Africa,Low Value,2,48.34,96.68,43.52,43.3,9.86
CUST-4367,ORD-8484,2022-08-19,North America,High Value,4,133.74,534.97,352.32,40.99,141.66
CUST-9095,ORD-8485,2022-10-28,Europe,Mid Value,3,45.57,136.71,87.46,47.42,1.83
CUST-6141,ORD-8486,2023-07-01,Africa,Low Value,1,159.92,159.92,107.71,31.84,20.38
CUST-4951,ORD-8487,2022-01-26,North America,Mid Value,5,437.57,2187.83,1076.06,57.56,1054.21
CUST-6084,ORD-8488,2023-06-19,Africa,Low Value,3,456.48,1369.44,689.89,56.46,623.09
CUST-2573,ORD-8489,2023-10-15,Europe,Low Value,1,168.53,168.53,88.63,48.1,31.8
CUST-3634,ORD-8490,2023-04-19,Asia,Mid Value,1,110.04,110.04,64.1,9.33,36.61
CUST-3768,ORD-8491,2023-01-22,Asia,Low Value,2,84.93,169.86,91.1,14.51,64.26
CUST-6302,ORD-8492,2022-10-12,Europe,Mid Value,4,209.32,837.28,439.52,7.95,389.82
CUST-7250,ORD-8493,2023-03-26,North America,Low Value,2,416.68,833.35,413.07,58.89,361.39
CUST-2211,ORD-8494,2022-11-16,Africa,High Value,4,429.28,1717.11,841.04,40.82,835.25
CUST-9967,ORD-8495,2022-06-05,Europe,High Value,2,42.05,84.09,47.78,76.62,-40.32
CUST-6955,ORD-8496,2023-04-16,North America,Mid Value,5,120.43,602.15,338.09,76.42,187.63
CUST-2160,ORD-8497,2023-02-24,Africa,Mid Value,2,117.52,235.04,151.9,64.86,18.28
CUST-6977,ORD-8498,2022-04-23,Africa,Mid Value,5,417.65,2088.23,1369.79,38.23,680.21
CUST-8041,ORD-8499,2023-10-13,Europe,Mid Value,3,239.02,717.06,448.27,28.73,240.06
CUST-3383,ORD-8500,2023-02-26,Africa,High Value,3,196.83,590.49,388.42,20.07,181.99
CUST-6876,ORD-8501,2023-12-22,Asia,Mid Value,2,479.17,958.34,457.33,22.44,478.57
CUST-4540,ORD-8502,2023-08-21,Asia,Low Value,3,464.17,1392.51,785.99,79.27,527.25
CUST-5635,ORD-8503,2022-10-12,Africa,Low Value,1,231.25,231.25,120.62,44.78,65.85
CUST-2095,ORD-8504,2023-07-26,Europe,Mid Value,5,81.6,408.0,209.28,5.92,192.8
CUST-6901,ORD-8505,2022-02-23,Africa,Low Value,4,102.08,408.33,256.5,8.32,143.5
CUST-9215,ORD-8506,2023-08-28,Europe,Mid Value,5,73.8,369.0,242.73,39.41,86.86
CUST-2079,ORD-8507,2022-11-21,Europe,Low Value,2,346.64,693.28,331.86,38.26,323.16
CUST-9370,ORD-8508,2023-04-03,Asia,Low Value,3,286.25,858.75,413.08,35.42,410.25
CUST-3847,ORD-8509,2022-09-22,Asia,Mid Value,3,287.19,861.57,525.43,66.77,269.37
CUST-2960,ORD-8510,2023-01-17,North America,Mid Value,1,67.22,67.22,32.67,57.74,-23.19
CUST-2473,ORD-8511,2022-08-01,Europe,High Value,3,400.77,1202.32,772.0,13.06,417.26
CUST-5888,ORD-8512,2022-11-29,Africa,Mid Value,2,277.07,554.15,364.17,32.2,157.78
CUST-5979,ORD-8513,2022-01-10,Europe,High Value,2,63.67,127.33,73.94,49.75,3.64
CUST-2212,ORD-8514,2022-12-24,Asia,Mid Value,4,378.62,1514.49,1025.46,33.69,455.34
CUST-6697,ORD-8515,2022-07-22,Europe,Low Value,5,491.02,2455.12,1117.29,20.62,1317.2
CUST-1419,ORD-8516,2023-12-09,North America,High Value,5,231.77,1158.83,587.07,52.1,519.66
CUST-4659,ORD-8517,2022-02-27,Africa,Low Value,5,75.51,377.57,242.87,50.17,84.54
CUST-6283,ORD-8518,2023-05-09,Europe,Mid Value,4,68.67,274.69,189.35,78.1,7.24
CUST-2340,ORD-8519,2023-05-25,Africa,Mid Value,4,32.42,129.69,89.5,47.08,-6.9
CUST-6137,ORD-8520,2022-08-11,Africa,Mid Value,4,389.79,1559.16,701.78,70.57,786.81
CUST-6189,ORD-8521,2023-01-04,Asia,Mid Value,1,353.12,353.12,214.69,76.19,62.25
CUST-2361,ORD-8522,2023-11-23,Europe,High Value,4,300.43,1201.74,548.99,37.61,615.14
CUST-1591,ORD-8523,2023-02-22,Africa,High Value,3,387.5,1162.51,726.66,8.97,426.88
CUST-1526,ORD-8524,2023-07-01,Asia,Mid Value,1,499.66,499.66,320.79,15.76,163.11
CUST-8855,ORD-8525,2022-04-13,North America,Low Value,3,212.89,638.66,424.34,42.8,171.53
CUST-2292,ORD-8526,2022-06-10,North America,High Value,5,358.79,1793.94,1044.72,71.97,677.25
CUST-2654,ORD-8527,2022-07-19,Europe,Low Value,2,201.04,402.08,266.39,54.06,81.63
CUST-1187,ORD-8528,2022-06-09,Africa,Mid Value,5,188.99,944.94,643.47,20.11,281.36
CUST-3758,ORD-8529,2023-11-26,Europe,High Value,4,428.44,1713.77,999.65,57.58,656.54
CUST-9720,ORD-8530,2022-05-16,Africa,High Value,2,295.89,591.77,343.84,72.07,175.87
CUST-9625,ORD-8531,2023-02-02,Asia,High Value,5,77.89,389.47,224.52,7.27,157.69
CUST-7431,ORD-8532,2023-01-27,North America,Low Value,1,213.69,213.69,123.12,23.21,67.36
CUST-7037,ORD-8533,2022-04-16,North America,Mid Value,4,402.35,1609.38,1035.85,16.49,557.04
CUST-9494,ORD-8534,2023-08-06,North America,Mid Value,5,471.2,2356.0,1099.86,63.81,1192.33
CUST-5182,ORD-8535,2023-08-12,North America,High Value,2,314.93,629.85,354.68,71.86,203.31
CUST-7973,ORD-8536,2022-02-23,Europe,High Value,3,209.22,627.67,364.67,46.59,216.4
CUST-1437,ORD-8537,2022-10-04,Africa,Mid Value,5,140.95,704.76,354.93,68.62,281.22
CUST-1832,ORD-8538,2022-04-21,Europe,Low Value,1,222.57,222.57,130.28,54.27,38.03
CUST-9988,ORD-8539,2022-08-12,Asia,High Value,2,291.51,583.03,328.78,54.25,200.0
CUST-9751,ORD-8540,2022-03-16,North America,Low Value,5,22.12,110.6,70.16,48.48,-8.04
CUST-9953,ORD-8541,2023-05-21,Africa,Low Value,3,148.97,446.9,240.57,8.75,197.57
CUST-6794,ORD-8542,2022-01-14,Europe,Mid Value,4,342.33,1369.31,941.32,75.27,352.71
CUST-4574,ORD-8543,2023-04-27,Africa,Mid Value,4,343.15,1372.6,759.64,31.68,581.28
CUST-4785,ORD-8544,2022-07-08,Europe,Low Value,4,333.44,1333.77,810.56,65.19,458.01
CUST-6220,ORD-8545,2022-12-30,Africa,Low Value,2,475.97,951.94,481.13,65.75,405.06
CUST-8750,ORD-8546,2022-08-27,Africa,Mid Value,3,292.9,878.71,546.7,77.43,254.57
CUST-7818,ORD-8547,2023-02-05,North America,High Value,3,149.47,448.41,259.39,29.5,159.52
CUST-1684,ORD-8548,2022-10-31,Europe,Low Value,5,409.57,2047.87,1096.76,79.8,871.31
CUST-5233,ORD-8549,2022-04-01,Asia,High Value,4,206.9,827.6,444.41,27.54,355.66
CUST-1577,ORD-8550,2023-01-27,Africa,Low Value,2,134.86,269.72,146.69,38.85,84.18
CUST-9007,ORD-8551,2022-07-03,Asia,Mid Value,4,287.24,1148.96,642.69,57.97,448.3
CUST-1227,ORD-8552,2022-01-17,North America,High Value,4,158.74,634.95,325.04,16.62,293.29
CUST-3328,ORD-8553,2022-01-12,Asia,Mid Value,5,210.16,1050.78,545.72,24.98,480.08
CUST-3731,ORD-8554,2022-06-15,Africa,Low Value,5,352.72,1763.58,1216.15,59.61,487.82
CUST-1430,ORD-8555,2022-05-26,Africa,Mid Value,5,498.06,2490.28,1308.18,78.08,1104.02
CUST-2709,ORD-8556,2022-10-09,Africa,High Value,1,329.47,329.47,199.9,59.96,69.61
CUST-6782,ORD-8557,2023-07-03,Europe,Mid Value,1,152.71,152.71,81.9,69.67,1.13
CUST-2234,ORD-8558,2023-08-05,Asia,High Value,2,63.42,126.85,82.79,7.81,36.24
CUST-9493,ORD-8559,2022-06-18,Europe,Mid Value,2,193.74,387.49,241.79,48.28,97.42
CUST-6205,ORD-8560,2022-06-19,Africa,Mid Value,5,29.27,146.35,77.86,73.56,-5.08
CUST-2420,ORD-8561,2022-12-12,Africa,High Value,3,243.08,729.25,458.81,56.18,214.26
CUST-1768,ORD-8562,2023-05-14,North America,High Value,2,336.79,673.58,430.55,55.73,187.3
CUST-7034,ORD-8563,2023-04-05,North America,High Value,1,265.66,265.66,128.73,20.23,116.7
CUST-9635,ORD-8564,2022-10-24,Africa,Low Value,1,435.34,435.34,258.82,69.59,106.93
CUST-4104,ORD-8565,2022-05-22,Europe,Mid Value,4,257.14,1028.58,670.57,69.88,288.13
CUST-5355,ORD-8566,2023-11-26,Europe,High Value,5,241.94,1209.71,559.6,51.05,599.06
CUST-4305,ORD-8567,2022-02-22,Africa,Low Value,3,168.65,505.94,291.91,37.0,177.03
CUST-2538,ORD-8568,2022-04-28,Asia,Low Value,5,422.05,2110.27,1392.69,66.82,650.76
CUST-2331,ORD-8569,2022-12-31,Europe,High Value,1,453.73,453.73,312.25,39.87,101.6
CUST-9168,ORD-8570,2023-11-02,Africa,High Value,3,489.4,1468.2,901.47,66.7,500.04
CUST-7939,ORD-8571,2022-05-16,North America,High Value,2,490.98,981.96,522.36,41.37,418.24
CUST-9261,ORD-8572,2023-02-18,Africa,Low Value,4,490.6,1962.41,1179.82,48.48,734.1
CUST-6558,ORD-8573,2022-03-18,Europe,Low Value,1,361.74,361.74,165.26,61.1,135.38
CUST-6944,ORD-8574,2023-07-11,Africa,Mid Value,4,290.07,1160.29,654.37,24.87,481.05
CUST-8126,ORD-8575,2022-01-18,Asia,Low Value,5,102.73,513.63,324.53,23.51,165.59
CUST-1480,ORD-8576,2023-02-07,Asia,High Value,3,388.19,1164.57,534.6,55.09,574.88
CUST-6263,ORD-8577,2022-07-24,Europe,Mid Value,5,372.74,1863.71,1119.73,76.54,667.43
CUST-5094,ORD-8578,2023-05-14,Africa,Mid Value,4,424.35,1697.41,1013.49,38.45,645.47
CUST-7167,ORD-8579,2022-11-20,Asia,Mid Value,1,241.98,241.98,120.36,72.37,49.25
CUST-3793,ORD-8580,2023-08-18,Asia,Mid Value,4,448.36,1793.45,1062.27,43.86,687.32
CUST-3892,ORD-8581,2023-07-16,North America,High Value,1,364.96,364.96,201.59,78.04,85.33
CUST-2198,ORD-8582,2022-10-08,Europe,Mid Value,4,102.14,408.56,232.76,64.4,111.4
CUST-9011,ORD-8583,2022-06-15,North America,High Value,5,119.31,596.57,316.99,69.47,210.11
CUST-3372,ORD-8584,2022-08-31,North America,Low Value,4,410.85,1643.39,1072.45,55.97,514.97
CUST-2892,ORD-8585,2023-04-24,Asia,High Value,2,224.33,448.67,242.91,70.14,135.62
CUST-6790,ORD-8586,2022-06-13,Africa,Mid Value,5,139.53,697.63,451.86,49.46,196.31
CUST-2883,ORD-8587,2022-11-20,North America,Low Value,4,222.84,891.35,418.17,47.55,425.63
CUST-6467,ORD-8588,2023-07-22,Europe,Low Value,4,97.46,389.85,202.58,70.53,116.74
CUST-1797,ORD-8589,2023-07-05,Europe,Low Value,3,448.03,1344.1,740.15,6.13,597.82
CUST-9209,ORD-8590,2023-10-02,Africa,Mid Value,5,54.34,271.69,149.74,40.91,81.04
CUST-9235,ORD-8591,2023-09-26,Europe,High Value,3,189.56,568.67,318.64,70.26,179.77
CUST-1154,ORD-8592,2023-11-29,North America,High Value,5,287.33,1436.63,880.79,19.71,536.12
CUST-5962,ORD-8593,2022-07-27,Africa,Mid Value,1,439.35,439.35,260.76,76.85,101.74
CUST-5080,ORD-8594,2022-11-11,Europe,Mid Value,5,395.14,1975.72,1146.43,60.55,768.74
CUST-9050,ORD-8595,2022-10-31,Europe,Low Value,5,30.76,153.82,101.43,62.18,-9.79
CUST-6947,ORD-8596,2022-08-27,North America,High Value,4,416.12,1664.48,830.64,54.91,778.92
CUST-5320,ORD-8597,2023-12-28,North America,Mid Value,2,326.3,652.6,434.01,38.56,180.02
CUST-2892,ORD-8598,2022-08-12,North America,Mid Value,5,84.01,420.04,274.22,39.57,106.24
CUST-4424,ORD-8599,2022-03-29,North America,High Value,3,316.39,949.17,473.56,67.93,407.67
CUST-3015,ORD-8600,2023-06-21,Africa,Low Value,2,412.59,825.18,500.07,15.44,309.67
CUST-7673,ORD-8601,2023-03-05,Africa,Low Value,5,309.01,1545.07,781.53,44.16,719.39
CUST-7032,ORD-8602,2022-08-08,Africa,Low Value,2,499.59,999.18,685.14,28.25,285.79
CUST-5833,ORD-8603,2022-10-02,Asia,High Value,1,263.36,263.36,150.97,78.82,33.57
CUST-1565,ORD-8604,2023-10-09,North America,Mid Value,2,343.1,686.21,343.74,5.28,337.19
CUST-8412,ORD-8605,2022-03-07,North America,Mid Value,1,53.78,53.78,32.75,9.78,11.25
CUST-3018,ORD-8606,2023-08-15,Africa,Mid Value,2,410.34,820.67,514.4,77.55,228.72
CUST-3314,ORD-8607,2023-02-27,Europe,Mid Value,2,319.57,639.14,384.28,45.78,209.08
CUST-5412,ORD-8608,2022-09-12,Europe,High Value,3,289.4,868.19,443.14,15.39,409.66
CUST-4883,ORD-8609,2022-05-05,North America,Low Value,3,360.23,1080.68,684.94,38.65,357.09
CUST-9216,ORD-8610,2022-05-26,North America,Low Value,4,289.04,1156.18,788.97,29.2,338.01
CUST-7739,ORD-8611,2023-09-07,Africa,Low Value,2,387.9,775.79,533.77,73.34,168.68
CUST-8902,ORD-8612,2023-01-20,North America,Low Value,1,300.09,300.09,186.02,56.57,57.5
CUST-2189,ORD-8613,2023-03-23,Europe,Mid Value,2,269.63,539.25,355.94,14.79,168.52
CUST-8156,ORD-8614,2023-01-22,Europe,Mid Value,5,84.81,424.05,294.57,45.23,84.25
CUST-8342,ORD-8615,2023-01-18,North America,High Value,1,246.48,246.48,113.59,15.08,117.81
CUST-7884,ORD-8616,2022-10-04,Africa,Low Value,5,278.35,1391.76,792.26,54.89,544.61
CUST-4157,ORD-8617,2023-01-17,Africa,Mid Value,4,319.8,1279.18,668.82,59.54,550.82
CUST-6520,ORD-8618,2022-05-04,Europe,Mid Value,5,238.83,1194.14,679.1,47.16,467.87
CUST-2741,ORD-8619,2022-09-24,Africa,Mid Value,4,90.39,361.56,245.58,77.45,38.53
CUST-4688,ORD-8620,2022-04-21,Europe,Low Value,4,92.17,368.7,256.56,75.83,36.32
CUST-8485,ORD-8621,2023-01-16,North America,Mid Value,4,366.07,1464.3,990.2,20.44,453.65
CUST-6369,ORD-8622,2023-08-24,Europe,Low Value,5,337.49,1687.47,842.52,5.02,839.93
CUST-6644,ORD-8623,2022-06-07,North America,Low Value,4,144.56,578.24,376.27,54.71,147.26
CUST-5023,ORD-8624,2023-12-29,Africa,High Value,4,234.01,936.05,612.56,40.67,282.81
CUST-1716,ORD-8625,2023-07-02,Asia,High Value,3,167.34,502.02,298.62,30.1,173.3
CUST-4967,ORD-8626,2023-08-22,Asia,Low Value,2,106.89,213.78,134.41,73.77,5.61
CUST-8423,ORD-8627,2022-04-28,Asia,Low Value,4,176.56,706.23,477.65,78.39,150.19
CUST-7450,ORD-8628,2022-11-24,Europe,Low Value,1,146.09,146.09,102.05,74.79,-30.75
CUST-4215,ORD-8629,2023-11-25,Asia,Mid Value,1,59.57,59.57,27.4,42.51,-10.35
CUST-8825,ORD-8630,2022-03-09,Europe,Mid Value,3,262.15,786.46,404.47,57.75,324.24
CUST-1390,ORD-8631,2023-03-10,Africa,Mid Value,5,236.42,1182.12,808.15,17.87,356.1
CUST-4037,ORD-8632,2022-12-25,North America,High Value,5,363.01,1815.06,966.13,76.31,772.61
CUST-1232,ORD-8633,2023-11-02,Asia,Low Value,5,317.75,1588.73,757.23,26.28,805.23
CUST-4131,ORD-8634,2023-03-19,Europe,Mid Value,4,184.82,739.29,390.58,19.46,329.25
CUST-8634,ORD-8635,2022-06-13,Africa,Mid Value,5,258.23,1291.13,748.37,9.51,533.25
CUST-1233,ORD-8636,2022-12-27,Africa,High Value,5,277.32,1386.6,757.81,46.28,582.51
CUST-2391,ORD-8637,2023-08-08,Asia,High Value,2,460.42,920.85,595.86,76.13,248.85
CUST-1889,ORD-8638,2022-04-29,Africa,Low Value,4,491.21,1964.85,1184.33,15.17,765.35
CUST-8902,ORD-8639,2022-07-14,Africa,Low Value,4,411.46,1645.84,919.58,14.06,712.2
CUST-1745,ORD-8640,2023-08-24,Africa,Mid Value,1,289.81,289.81,202.67,25.44,61.7
CUST-1427,ORD-8641,2023-08-11,Europe,Mid Value,1,465.49,465.49,312.57,54.9,98.02
CUST-1731,ORD-8642,2023-10-13,Africa,Mid Value,2,105.49,210.99,140.43,46.09,24.48
CUST-1799,ORD-8643,2022-08-29,Africa,Mid Value,3,354.32,1062.95,629.07,12.22,421.67
CUST-7507,ORD-8644,2023-05-24,Africa,Mid Value,4,241.02,964.1,621.83,38.17,304.1
CUST-8025,ORD-8645,2023-10-28,Africa,High Value,1,89.48,89.48,47.78,10.02,31.68
CUST-8624,ORD-8646,2023-07-19,Africa,Low Value,5,56.1,280.5,149.36,68.89,62.25
CUST-9326,ORD-8647,2022-05-22,Europe,High Value,4,250.76,1003.02,675.05,13.03,314.94
CUST-6383,ORD-8648,2022-01-31,Africa,Low Value,4,134.71,538.82,322.87,40.35,175.61
CUST-7207,ORD-8649,2022-08-11,Africa,Low Value,4,140.24,560.97,300.62,43.28,217.06
CUST-3538,ORD-8650,2022-09-23,North America,Low Value,1,173.7,173.7,114.88,44.76,14.07
CUST-4718,ORD-8651,2022-10-09,Africa,High Value,2,364.81,729.63,409.06,50.69,269.88
CUST-9232,ORD-8652,2023-01-16,Africa,Mid Value,1,98.76,98.76,54.32,57.62,-13.17
CUST-4367,ORD-8653,2023-07-10,Europe,Low Value,5,364.43,1822.13,831.88,5.33,984.93
CUST-6008,ORD-8654,2022-03-03,Africa,Low Value,5,395.7,1978.5,1226.18,7.32,745.01
CUST-6229,ORD-8655,2023-12-14,Europe,High Value,3,305.35,916.05,534.21,50.87,330.98
CUST-8388,ORD-8656,2023-06-05,Asia,High Value,1,138.83,138.83,73.3,18.66,46.87
CUST-3415,ORD-8657,2022-03-12,Africa,Mid Value,1,44.74,44.74,21.69,67.39,-44.34
CUST-8171,ORD-8658,2023-08-25,North America,Mid Value,3,215.81,647.44,320.87,52.06,274.5
CUST-3949,ORD-8659,2023-06-20,Europe,Low Value,3,426.77,1280.32,648.12,78.53,553.67
CUST-5261,ORD-8660,2022-05-20,Asia,High Value,4,68.9,275.59,183.63,59.6,32.36
CUST-6145,ORD-8661,2022-11-12,North America,Mid Value,4,377.52,1510.08,860.98,11.8,637.29
CUST-4466,ORD-8662,2022-12-06,Europe,Mid Value,5,244.59,1222.94,762.96,17.82,442.15
CUST-4088,ORD-8663,2023-08-13,Asia,Mid Value,2,451.44,902.88,510.42,8.49,383.96
CUST-2115,ORD-8664,2023-12-27,North America,High Value,5,190.98,954.88,542.78,60.59,351.5
CUST-5578,ORD-8665,2023-06-12,Africa,High Value,1,358.28,358.28,234.87,14.51,108.9
CUST-3590,ORD-8666,2023-06-25,North America,High Value,2,375.26,750.51,482.42,54.78,213.31
CUST-8372,ORD-8667,2023-02-20,North America,High Value,4,115.4,461.58,234.5,46.65,180.43
CUST-4573,ORD-8668,2023-04-12,North America,High Value,3,95.91,287.73,174.49,52.5,60.75
CUST-3978,ORD-8669,2023-01-10,Europe,Low Value,3,64.51,193.53,120.0,43.15,30.38
CUST-8313,ORD-8670,2022-10-18,Africa,Low Value,5,356.76,1783.8,983.23,5.98,794.59
CUST-8022,ORD-8671,2022-02-12,Africa,High Value,1,283.11,283.11,132.24,23.99,126.88
CUST-5975,ORD-8672,2022-02-22,Europe,Low Value,1,61.63,61.63,33.45,71.37,-43.2
CUST-5925,ORD-8673,2022-08-20,North America,High Value,3,168.0,504.0,271.95,74.7,157.36
CUST-9047,ORD-8674,2022-07-31,Africa,Low Value,5,88.33,441.63,274.99,12.29,154.36
CUST-9090,ORD-8675,2022-01-08,North America,Low Value,5,64.49,322.43,210.35,76.45,35.64
CUST-9051,ORD-8676,2023-09-26,Africa,Mid Value,4,163.41,653.64,358.85,55.29,239.5
CUST-6292,ORD-8677,2023-04-28,Europe,High Value,4,66.22,264.89,161.96,74.19,28.74
CUST-7645,ORD-8678,2022-02-11,Asia,Low Value,4,144.89,579.56,353.94,35.09,190.53
CUST-6403,ORD-8679,2022-11-29,North America,Low Value,2,285.31,570.61,349.24,12.63,208.74
CUST-4430,ORD-8680,2022-08-21,Africa,Mid Value,5,289.23,1446.17,851.18,27.68,567.3
CUST-2995,ORD-8681,2022-03-11,Africa,Low Value,5,100.64,503.21,305.6,56.73,140.88
CUST-7030,ORD-8682,2022-01-16,Africa,Mid Value,4,111.69,446.75,297.94,64.64,84.16
CUST-4891,ORD-8683,2022-03-10,Europe,Low Value,3,430.39,1291.16,878.58,8.76,403.82
CUST-8145,ORD-8684,2022-02-22,Europe,Mid Value,4,100.13,400.52,189.42,41.52,169.57
CUST-9498,ORD-8685,2023-11-16,Asia,Mid Value,2,41.96,83.91,38.01,9.83,36.08
CUST-3102,ORD-8686,2023-01-14,Europe,High Value,3,137.51,412.54,239.16,69.77,103.61
CUST-4030,ORD-8687,2023-04-08,North America,High Value,5,296.68,1483.42,820.63,40.73,622.06
CUST-9524,ORD-8688,2023-06-11,Europe,Low Value,2,23.47,46.94,26.41,73.61,-53.09
CUST-9107,ORD-8689,2023-11-10,Africa,High Value,2,492.79,985.59,556.49,10.89,418.21
CUST-1242,ORD-8690,2022-03-04,North America,High Value,3,130.59,391.76,263.97,29.79,98.01
CUST-2884,ORD-8691,2022-09-18,Europe,High Value,4,134.3,537.19,327.23,55.74,154.21
CUST-9015,ORD-8692,2023-05-15,North America,Low Value,4,374.54,1498.15,839.84,27.02,631.29
CUST-7747,ORD-8693,2022-05-01,North America,Low Value,1,139.13,139.13,78.42,68.12,-7.42
CUST-9494,ORD-8694,2022-08-28,Europe,High Value,3,210.15,630.46,416.81,79.01,134.63
CUST-5330,ORD-8695,2023-04-10,North America,High Value,4,281.08,1124.32,566.96,26.09,531.28
CUST-8863,ORD-8696,2022-04-17,Africa,Low Value,2,30.5,61.0,27.67,32.08,1.24
CUST-4109,ORD-8697,2022-06-29,Africa,High Value,4,421.9,1687.6,961.16,77.55,648.89
CUST-3186,ORD-8698,2022-01-16,Europe,Mid Value,4,265.78,1063.14,733.69,31.85,297.59
CUST-2550,ORD-8699,2022-12-21,Europe,Low Value,2,170.2,340.4,222.48,46.7,71.22
CUST-1646,ORD-8700,2022-11-05,Africa,Low Value,3,211.9,635.69,350.97,62.69,222.03
CUST-7144,ORD-8701,2023-12-28,Europe,Mid Value,1,46.8,46.8,23.11,37.88,-14.19
CUST-5656,ORD-8702,2023-08-12,Africa,High Value,4,364.63,1458.52,864.22,32.95,561.35
CUST-9904,ORD-8703,2023-08-28,North America,Mid Value,4,278.96,1115.85,747.54,42.17,326.14
CUST-1537,ORD-8704,2022-06-30,Europe,High Value,4,458.72,1834.86,1154.71,63.46,616.69
CUST-7572,ORD-8705,2022-06-23,Asia,High Value,3,242.81,728.43,426.17,28.41,273.85
CUST-1234,ORD-8706,2022-12-20,Africa,Low Value,2,417.63,835.27,529.32,31.31,274.63
CUST-7539,ORD-8707,2022-12-20,Africa,Low Value,2,110.4,220.8,152.61,19.19,49.0
CUST-2374,ORD-8708,2022-08-07,North America,High Value,2,47.12,94.25,55.43,57.62,-18.81
CUST-2909,ORD-8709,2023-10-17,Asia,Mid Value,2,475.25,950.5,559.69,72.46,318.35
CUST-8218,ORD-8710,2022-11-11,Asia,Low Value,2,143.34,286.68,163.31,18.93,104.44
CUST-1080,ORD-8711,2023-03-10,Asia,High Value,2,420.12,840.24,497.13,7.59,335.52
CUST-3083,ORD-8712,2022-10-09,Africa,Low Value,4,143.52,574.08,349.49,33.6,190.99
CUST-2690,ORD-8713,2022-09-16,Africa,Low Value,4,94.8,379.22,190.01,35.76,153.44
CUST-1756,ORD-8714,2023-07-13,Asia,Low Value,2,371.61,743.23,440.0,53.44,249.79
CUST-3670,ORD-8715,2022-01-05,Europe,Mid Value,2,393.63,787.27,356.92,11.42,418.93
CUST-4751,ORD-8716,2023-07-28,Asia,Mid Value,3,424.93,1274.8,872.58,66.61,335.61
CUST-9659,ORD-8717,2023-08-19,North America,High Value,3,435.14,1305.41,599.78,48.05,657.58
CUST-6261,ORD-8718,2023-10-07,Asia,Mid Value,5,251.9,1259.51,868.48,45.95,345.08
CUST-7852,ORD-8719,2023-01-29,Asia,High Value,4,212.1,848.42,587.31,28.73,232.37
CUST-2494,ORD-8720,2022-12-02,Asia,High Value,2,380.47,760.93,442.63,32.4,285.9
CUST-6740,ORD-8721,2022-03-04,Europe,Low Value,4,293.31,1173.22,625.45,9.16,538.61
CUST-9055,ORD-8722,2022-02-13,Asia,Low Value,5,483.34,2416.68,1199.25,61.53,1155.9
CUST-1901,ORD-8723,2022-06-02,Asia,Mid Value,3,200.4,601.2,294.92,50.36,255.93
CUST-1672,ORD-8724,2023-11-14,Africa,High Value,5,40.58,202.9,103.37,78.23,21.29
CUST-9630,ORD-8725,2022-06-05,Asia,High Value,1,302.87,302.87,172.35,31.52,99.0
CUST-1444,ORD-8726,2023-04-23,North America,Low Value,3,189.67,569.0,361.72,54.97,152.3
CUST-9655,ORD-8727,2022-10-02,Africa,Low Value,4,184.48,737.93,405.63,73.97,258.34
CUST-3198,ORD-8728,2022-12-24,Europe,Low Value,3,290.97,872.91,563.25,58.38,251.29
CUST-3287,ORD-8729,2023-03-02,Africa,Mid Value,5,462.46,2312.28,1366.89,8.02,937.36
CUST-5008,ORD-8730,2023-06-16,Europe,High Value,2,148.14,296.28,134.75,52.42,109.11
CUST-1496,ORD-8731,2023-04-28,Europe,High Value,5,202.2,1011.02,488.27,45.9,476.85
CUST-2463,ORD-8732,2022-08-02,North America,High Value,5,447.8,2239.0,1327.87,42.45,868.68
CUST-7828,ORD-8733,2022-03-20,Asia,Low Value,2,449.71,899.41,440.97,46.48,411.96
CUST-5253,ORD-8734,2022-05-19,North America,Mid Value,4,132.6,530.41,319.35,39.54,171.52
CUST-1493,ORD-8735,2022-04-08,Africa,Mid Value,4,359.04,1436.15,806.14,56.89,573.12
CUST-6065,ORD-8736,2023-10-26,Europe,Low Value,3,219.47,658.41,409.87,6.12,242.42
CUST-6430,ORD-8737,2022-07-17,Africa,Mid Value,5,469.28,2346.4,1226.84,19.14,1100.42
CUST-2426,ORD-8738,2022-06-05,Europe,Mid Value,3,371.48,1114.43,730.41,32.4,351.62
CUST-2793,ORD-8739,2022-02-19,Africa,High Value,2,257.29,514.58,281.59,38.95,194.04
CUST-3723,ORD-8740,2023-04-24,Europe,Low Value,1,412.36,412.36,267.69,14.79,129.88
CUST-1658,ORD-8741,2022-08-16,North America,Low Value,4,498.98,1995.93,907.83,66.51,1021.58
CUST-5761,ORD-8742,2023-04-02,Europe,Low Value,2,234.58,469.16,257.23,74.7,137.23
CUST-8630,ORD-8743,2023-06-06,Asia,Low Value,4,199.29,797.14,402.6,61.34,333.21
CUST-9741,ORD-8744,2022-05-29,North America,High Value,3,311.38,934.13,523.97,74.66,335.5
CUST-9834,ORD-8745,2022-02-27,Asia,Mid Value,1,347.88,347.88,238.89,60.74,48.25
CUST-5350,ORD-8746,2022-06-11,Africa,Mid Value,5,358.14,1790.68,876.96,38.08,875.63
CUST-1207,ORD-8747,2023-04-22,Africa,High Value,4,247.32,989.28,466.94,34.48,487.86
CUST-5190,ORD-8748,2022-04-17,Europe,Mid Value,5,179.5,897.5,417.0,17.48,463.02
CUST-2883,ORD-8749,2023-03-03,Europe,Low Value,3,414.52,1243.57,597.96,11.48,634.13
CUST-3886,ORD-8750,2023-01-30,Africa,High Value,4,479.96,1919.86,893.67,21.47,1004.71
CUST-1477,ORD-8751,2022-07-05,North America,High Value,3,434.71,1304.13,810.11,44.91,449.12
CUST-9953,ORD-8752,2023-07-12,Asia,Low Value,5,347.53,1737.65,832.94,15.12,889.59
CUST-9381,ORD-8753,2023-03-22,Africa,Low Value,3,192.87,578.62,288.94,76.34,213.34
CUST-7854,ORD-8754,2023-10-03,North America,Low Value,3,318.79,956.38,584.71,21.39,350.28
CUST-1755,ORD-8755,2023-03-24,Asia,Mid Value,3,68.56,205.67,115.49,67.52,22.66
CUST-5931,ORD-8756,2022-03-28,Europe,Low Value,2,276.28,552.56,256.2,66.41,229.94
CUST-6724,ORD-8757,2022-09-06,North America,High Value,2,394.98,789.97,547.19,15.59,227.19
CUST-5150,ORD-8758,2023-03-16,North America,Mid Value,4,140.51,562.03,337.21,58.31,166.52
CUST-5060,ORD-8759,2022-09-14,Africa,Mid Value,3,260.74,782.21,472.02,66.81,243.38
CUST-5765,ORD-8760,2022-10-04,Asia,High Value,3,55.17,165.51,109.76,71.32,-15.57
CUST-4612,ORD-8761,2023-03-14,Africa,Mid Value,3,422.48,1267.44,858.4,76.55,332.49
CUST-7553,ORD-8762,2023-05-31,Europe,Low Value,2,188.11,376.22,174.67,74.76,126.8
CUST-8378,ORD-8763,2023-07-31,Europe,Low Value,5,299.46,1497.3,699.37,28.34,769.6
CUST-2689,ORD-8764,2022-07-21,Asia,Low Value,3,201.7,605.09,389.76,25.07,190.25
CUST-2316,ORD-8765,2023-07-29,Asia,Low Value,1,306.85,306.85,191.46,34.81,80.57
CUST-8130,ORD-8766,2023-10-17,Asia,Mid Value,4,377.22,1508.86,760.77,39.88,708.21
CUST-4186,ORD-8767,2022-06-29,Africa,High Value,2,176.87,353.74,187.59,22.54,143.61
CUST-6789,ORD-8768,2023-11-17,Asia,Mid Value,5,269.25,1346.23,811.45,11.46,523.32
CUST-2145,ORD-8769,2022-11-21,Asia,High Value,1,401.54,401.54,259.9,54.24,87.4
CUST-5394,ORD-8770,2023-09-15,Africa,High Value,3,350.17,1050.51,631.13,18.07,401.31
CUST-8942,ORD-8771,2023-11-18,Europe,Low Value,2,47.4,94.79,61.42,73.62,-40.25
CUST-8548,ORD-8772,2023-04-20,Europe,Mid Value,3,293.0,879.01,445.8,26.58,406.64
CUST-1560,ORD-8773,2023-10-27,North America,Low Value,4,200.64,802.56,427.59,19.83,355.15
CUST-2912,ORD-8774,2023-02-04,Europe,Mid Value,2,360.21,720.43,342.5,19.56,358.37
CUST-2864,ORD-8775,2022-08-05,Asia,Mid Value,1,28.0,28.0,19.49,26.71,-18.2
CUST-1296,ORD-8776,2023-03-29,Europe,Low Value,5,178.69,893.43,582.74,50.91,259.78
CUST-3409,ORD-8777,2023-02-08,Africa,Mid Value,5,61.52,307.58,193.45,78.37,35.76
CUST-8630,ORD-8778,2022-08-28,Europe,Low Value,4,461.84,1847.34,921.28,41.47,884.6
CUST-2461,ORD-8779,2022-07-05,Europe,High Value,5,440.72,2203.6,1376.52,49.98,777.1
CUST-5292,ORD-8780,2022-02-17,North America,Low Value,5,484.68,2423.41,1613.03,68.19,742.19
CUST-3268,ORD-8781,2023-01-21,North America,Mid Value,4,328.86,1315.46,858.45,30.05,426.95
CUST-1994,ORD-8782,2022-07-27,Asia,Mid Value,1,407.38,407.38,260.18,18.49,128.71
CUST-7554,ORD-8783,2022-06-06,Africa,High Value,2,313.7,627.39,343.05,37.52,246.82
CUST-1007,ORD-8784,2022-08-13,Asia,High Value,2,256.18,512.36,328.8,28.9,154.66
CUST-3515,ORD-8785,2022-05-24,Africa,High Value,4,420.23,1680.94,960.05,69.96,650.92
CUST-2417,ORD-8786,2023-02-23,Africa,Low Value,3,392.56,1177.68,649.06,78.35,450.28
CUST-3316,ORD-8787,2022-04-21,North America,Low Value,4,371.97,1487.89,1028.42,56.62,402.84
CUST-8358,ORD-8788,2023-04-10,Europe,Mid Value,4,449.08,1796.31,874.21,54.03,868.07
CUST-4932,ORD-8789,2022-05-12,Europe,High Value,4,465.8,1863.19,1241.22,58.57,563.4
CUST-7204,ORD-8790,2023-09-17,North America,High Value,4,233.74,934.95,496.02,40.07,398.86
CUST-2287,ORD-8791,2023-08-24,Asia,Low Value,5,155.75,778.77,450.99,52.16,275.62
CUST-2118,ORD-8792,2023-11-04,Europe,Mid Value,5,265.66,1328.29,718.25,10.34,599.69
CUST-9744,ORD-8793,2022-11-30,Asia,High Value,1,64.67,64.67,37.24,42.01,-14.57
CUST-8637,ORD-8794,2022-03-16,Europe,Low Value,4,470.32,1881.27,1231.48,29.93,619.86
CUST-1660,ORD-8795,2023-02-16,Asia,Low Value,2,492.25,984.5,488.07,8.99,487.44
CUST-9907,ORD-8796,2023-06-03,Africa,High Value,3,333.3,999.89,638.63,45.86,315.41
CUST-7922,ORD-8797,2023-09-17,Africa,High Value,5,378.16,1890.79,1061.63,32.02,797.14
CUST-9104,ORD-8798,2022-02-05,Europe,Mid Value,2,175.36,350.73,239.8,49.3,61.63
CUST-7337,ORD-8799,2023-09-17,Asia,High Value,5,435.81,2179.04,1278.55,43.49,857.01
CUST-3529,ORD-8800,2022-08-11,Asia,Low Value,1,452.15,452.15,208.14,25.72,218.29
CUST-4970,ORD-8801,2023-12-24,Africa,High Value,3,56.91,170.74,115.68,45.5,9.56
CUST-4407,ORD-8802,2023-06-14,Asia,High Value,5,83.09,415.47,282.98,33.41,99.07
CUST-8416,ORD-8803,2022-08-29,North America,Mid Value,3,145.21,435.63,215.63,74.08,145.92
CUST-5760,ORD-8804,2022-05-14,Asia,Low Value,3,357.76,1073.29,743.97,33.17,296.15
CUST-2897,ORD-8805,2023-01-26,Africa,High Value,2,108.02,216.03,121.29,8.01,86.73
CUST-7364,ORD-8806,2022-04-12,North America,Low Value,5,125.64,628.19,426.29,62.27,139.63
CUST-9464,ORD-8807,2023-10-14,North America,Mid Value,3,203.29,609.88,329.96,77.28,202.65
CUST-5087,ORD-8808,2023-11-12,Asia,Low Value,4,313.59,1254.34,571.57,17.7,665.07
CUST-5374,ORD-8809,2023-05-13,Africa,High Value,3,488.63,1465.89,951.0,77.96,436.93
CUST-8607,ORD-8810,2023-05-26,Africa,High Value,3,396.27,1188.81,798.23,51.29,339.29
CUST-5019,ORD-8811,2023-12-04,Africa,Mid Value,5,287.99,1439.93,706.58,68.55,664.8
CUST-1815,ORD-8812,2023-06-21,North America,Mid Value,4,43.71,174.82,102.88,40.47,31.47
CUST-8255,ORD-8813,2023-06-29,Africa,Mid Value,3,268.08,804.25,529.11,51.69,223.45
CUST-1922,ORD-8814,2022-12-09,North America,Low Value,5,117.96,589.8,333.47,68.08,188.26
CUST-5867,ORD-8815,2022-01-06,North America,Low Value,5,164.03,820.17,530.72,78.71,210.73
CUST-2264,ORD-8816,2022-07-13,Europe,Low Value,3,140.41,421.24,256.76,18.86,145.62
CUST-4724,ORD-8817,2022-05-17,Asia,Low Value,1,186.78,186.78,117.7,72.41,-3.33
CUST-3722,ORD-8818,2023-04-18,Africa,Mid Value,1,49.88,49.88,33.91,55.05,-39.07
CUST-6355,ORD-8819,2022-08-04,North America,Low Value,2,296.88,593.76,329.07,76.01,188.68
CUST-3550,ORD-8820,2022-12-15,Asia,Low Value,1,41.96,41.96,26.97,28.86,-13.87
CUST-6319,ORD-8821,2022-07-02,North America,Low Value,1,337.08,337.08,211.74,23.19,102.14
CUST-7686,ORD-8822,2022-06-17,Asia,Low Value,5,370.79,1853.93,1037.73,32.41,783.78
CUST-2673,ORD-8823,2022-02-07,North America,Mid Value,5,253.31,1266.55,690.64,71.34,504.57
CUST-5587,ORD-8824,2023-11-06,Africa,Mid Value,3,395.0,1185.01,794.36,39.47,351.18
CUST-6353,ORD-8825,2023-04-16,Europe,High Value,3,484.35,1453.04,728.24,76.36,648.44
CUST-7857,ORD-8826,2023-03-28,Europe,High Value,5,183.23,916.13,485.21,23.18,407.75
CUST-2666,ORD-8827,2023-05-05,Europe,Low Value,3,317.08,951.23,659.79,21.54,269.9
CUST-5511,ORD-8828,2022-05-22,North America,Low Value,5,175.39,876.96,455.44,55.88,365.64
CUST-7172,ORD-8829,2022-04-13,Asia,Mid Value,1,232.83,232.83,155.55,26.87,50.4
CUST-2384,ORD-8830,2023-12-12,Africa,High Value,3,30.0,89.99,48.85,14.69,26.45
CUST-5403,ORD-8831,2023-12-13,Africa,Low Value,1,55.69,55.69,32.73,33.2,-10.24
CUST-4954,ORD-8832,2022-02-11,North America,High Value,2,402.81,805.63,442.76,24.96,337.9
CUST-7305,ORD-8833,2022-05-27,Europe,High Value,3,87.16,261.47,132.13,35.97,93.37
CUST-9252,ORD-8834,2022-03-07,North America,High Value,5,355.59,1777.96,1107.27,18.99,651.7
CUST-8238,ORD-8835,2022-07-12,Asia,Mid Value,5,360.26,1801.28,1245.86,76.77,478.65
CUST-7981,ORD-8836,2022-10-25,Europe,Low Value,2,498.19,996.38,670.76,65.12,260.49
CUST-7026,ORD-8837,2022-02-07,North America,Low Value,5,353.89,1769.43,1232.09,68.07,469.27
CUST-7609,ORD-8838,2023-05-17,Asia,Mid Value,1,81.8,81.8,50.94,27.33,3.52
CUST-9664,ORD-8839,2023-10-15,Europe,Mid Value,5,320.74,1603.7,735.49,69.26,798.95
CUST-1958,ORD-8840,2023-09-10,Africa,Mid Value,2,271.59,543.18,319.67,49.31,174.2
CUST-9724,ORD-8841,2023-03-04,Asia,High Value,4,460.35,1841.39,1115.2,9.25,716.94
CUST-1493,ORD-8842,2023-10-26,Africa,High Value,4,351.27,1405.09,674.49,16.49,714.1
CUST-8042,ORD-8843,2022-12-18,Asia,Low Value,1,268.87,268.87,176.68,38.45,53.75
CUST-1081,ORD-8844,2022-11-22,Europe,Low Value,4,319.62,1278.49,808.67,34.53,435.29
CUST-7999,ORD-8845,2022-02-07,North America,High Value,5,232.86,1164.3,654.46,64.65,445.19
CUST-3970,ORD-8846,2022-04-07,North America,High Value,2,264.04,528.07,276.18,70.53,181.37
CUST-1011,ORD-8847,2022-04-18,North America,Mid Value,1,366.73,366.73,185.36,69.87,111.49
CUST-8824,ORD-8848,2023-09-23,North America,High Value,4,57.61,230.42,159.25,33.15,38.03
CUST-1761,ORD-8849,2022-05-31,Asia,Low Value,5,315.36,1576.81,1025.74,52.68,498.38
CUST-4185,ORD-8850,2022-03-15,North America,Low Value,5,62.34,311.72,194.31,42.28,75.13
CUST-1025,ORD-8851,2022-02-26,North America,Mid Value,3,430.44,1291.31,887.25,71.67,332.39
CUST-2806,ORD-8852,2022-12-01,Asia,Mid Value,3,472.38,1417.15,709.82,71.67,635.66
CUST-7651,ORD-8853,2022-09-09,Asia,Low Value,2,394.5,788.99,524.21,9.04,255.74
CUST-6664,ORD-8854,2022-09-11,Europe,High Value,1,364.66,364.66,217.28,47.91,99.46
CUST-6154,ORD-8855,2023-01-20,Asia,High Value,4,473.0,1891.99,1292.73,42.76,556.51
CUST-6824,ORD-8856,2023-04-01,Africa,Low Value,4,124.89,499.57,307.31,62.78,129.48
CUST-4659,ORD-8857,2022-09-16,Europe,High Value,5,129.84,649.2,412.49,19.69,217.02
CUST-2525,ORD-8858,2023-04-10,Europe,High Value,4,250.89,1003.55,507.36,57.12,439.07
CUST-1760,ORD-8859,2022-02-03,North America,Low Value,2,23.58,47.16,25.29,60.4,-38.52
CUST-1594,ORD-8860,2023-05-10,North America,Low Value,3,483.23,1449.7,761.93,7.01,680.77
CUST-8192,ORD-8861,2022-11-22,Africa,Mid Value,5,35.48,177.41,110.62,37.35,29.44
CUST-2055,ORD-8862,2022-08-26,North America,Low Value,1,306.13,306.13,169.23,78.42,58.48
CUST-4083,ORD-8863,2023-11-22,Asia,Mid Value,5,189.91,949.54,631.44,27.55,290.55
CUST-4675,ORD-8864,2023-09-08,Asia,Mid Value,4,69.42,277.69,139.72,71.34,66.63
CUST-6957,ORD-8865,2023-06-25,North America,High Value,2,31.82,63.63,41.29,49.02,-26.68
CUST-6255,ORD-8866,2023-04-11,North America,Low Value,1,145.96,145.96,95.36,27.24,23.36
CUST-5228,ORD-8867,2022-10-31,Asia,High Value,5,71.21,356.04,216.11,67.7,72.24
CUST-5181,ORD-8868,2022-04-27,Europe,Low Value,4,471.36,1885.43,918.35,79.3,887.78
CUST-2830,ORD-8869,2022-07-26,Africa,Low Value,5,137.49,687.43,365.49,60.65,261.29
CUST-4395,ORD-8870,2023-11-28,Africa,High Value,1,65.18,65.18,35.81,9.6,19.77
CUST-2203,ORD-8871,2023-04-26,Europe,Mid Value,4,389.45,1557.79,882.27,8.93,666.59
CUST-3810,ORD-8872,2023-10-12,Africa,Low Value,3,218.84,656.52,416.36,41.87,198.3
CUST-4092,ORD-8873,2023-02-07,North America,Mid Value,1,424.96,424.96,227.18,5.46,192.32
CUST-4044,ORD-8874,2023-11-07,North America,High Value,3,422.45,1267.34,576.08,55.7,635.57
CUST-7071,ORD-8875,2023-08-10,North America,High Value,3,496.34,1489.03,992.47,6.22,490.34
CUST-8272,ORD-8876,2022-08-21,Africa,Low Value,4,405.84,1623.35,905.96,77.98,639.41
CUST-5673,ORD-8877,2022-10-11,Europe,High Value,5,122.79,613.96,319.7,71.05,223.21
CUST-4514,ORD-8878,2023-04-25,North America,Low Value,5,301.5,1507.48,987.09,66.15,454.23
CUST-7192,ORD-8879,2022-01-09,Europe,Low Value,2,272.6,545.2,365.13,65.93,114.14
CUST-1144,ORD-8880,2023-12-16,Asia,Low Value,1,263.93,263.93,167.0,67.58,29.35
CUST-8507,ORD-8881,2023-01-14,Asia,Low Value,1,162.47,162.47,87.5,37.57,37.4
CUST-5857,ORD-8882,2023-08-26,Asia,Low Value,4,120.87,483.47,245.49,64.39,173.59
CUST-2377,ORD-8883,2023-01-16,Africa,High Value,4,364.11,1456.44,914.93,32.54,508.97
CUST-4146,ORD-8884,2023-10-24,Africa,Low Value,2,68.85,137.69,63.94,68.63,5.12
CUST-6024,ORD-8885,2022-12-26,North America,Mid Value,2,43.82,87.63,48.0,51.35,-11.72
CUST-1793,ORD-8886,2022-06-25,Asia,Low Value,3,203.0,608.99,389.57,31.88,187.54
CUST-6756,ORD-8887,2023-04-30,Europe,Low Value,2,377.08,754.17,449.69,60.91,243.57
CUST-5414,ORD-8888,2023-02-09,Africa,Low Value,5,436.9,2184.48,1383.79,23.21,777.48
CUST-2110,ORD-8889,2022-02-02,Europe,High Value,3,279.26,837.78,497.0,77.35,263.44
CUST-6672,ORD-8890,2023-04-10,Europe,Mid Value,2,423.17,846.34,431.56,54.86,359.91
CUST-5053,ORD-8891,2023-11-27,North America,Mid Value,5,32.14,160.7,91.73,35.09,33.88
CUST-4937,ORD-8892,2022-06-06,North America,Mid Value,5,238.58,1192.89,767.34,46.3,379.24
CUST-4963,ORD-8893,2023-07-19,Europe,High Value,3,84.03,252.08,127.95,60.32,63.81
CUST-5942,ORD-8894,2022-07-21,Europe,High Value,3,299.7,899.11,621.07,64.8,213.25
CUST-6897,ORD-8895,2022-06-24,Europe,Low Value,5,462.07,2310.37,1156.84,78.12,1075.41
CUST-9974,ORD-8896,2022-09-01,Europe,High Value,4,23.45,93.81,42.55,20.67,30.59
CUST-2116,ORD-8897,2022-09-26,Asia,Mid Value,3,340.75,1022.24,658.85,42.83,320.55
CUST-2750,ORD-8898,2023-03-22,Europe,Mid Value,1,400.33,400.33,273.06,11.86,115.4
CUST-5027,ORD-8899,2022-03-15,Africa,High Value,4,377.35,1509.4,772.3,11.17,725.93
CUST-6745,ORD-8900,2022-04-06,North America,High Value,1,29.49,29.49,14.41,12.82,2.25
CUST-6064,ORD-8901,2022-06-22,Africa,Mid Value,2,103.46,206.93,104.7,24.46,77.76
CUST-6938,ORD-8902,2023-02-10,North America,Mid Value,3,65.31,195.94,118.93,57.23,19.78
CUST-4397,ORD-8903,2022-06-04,North America,Mid Value,3,61.02,183.05,108.87,69.59,4.6
CUST-9265,ORD-8904,2022-07-02,North America,Mid Value,5,370.49,1852.44,1121.35,37.7,693.39
CUST-2359,ORD-8905,2022-11-19,Africa,Mid Value,3,223.9,671.7,303.56,46.64,321.49
CUST-5853,ORD-8906,2022-10-16,North America,High Value,1,367.91,367.91,180.0,20.48,167.44
CUST-2941,ORD-8907,2022-09-15,Europe,High Value,4,193.16,772.64,394.67,64.33,313.64
CUST-4148,ORD-8908,2023-08-10,Europe,Low Value,2,76.18,152.37,95.12,71.63,-14.38
CUST-8933,ORD-8909,2022-06-23,Asia,Low Value,4,364.86,1459.43,878.85,41.42,539.16
CUST-2285,ORD-8910,2022-11-26,Asia,Low Value,1,320.51,320.51,194.22,17.07,109.22
CUST-7474,ORD-8911,2022-08-19,Asia,High Value,2,74.23,148.46,87.99,5.38,55.09
CUST-1770,ORD-8912,2022-06-10,Europe,Low Value,5,463.69,2318.47,1474.85,45.23,798.4
CUST-2843,ORD-8913,2022-07-05,Africa,Low Value,3,168.28,504.85,346.03,42.32,116.49
CUST-1073,ORD-8914,2022-05-23,Asia,High Value,3,334.27,1002.81,620.13,74.44,308.25
CUST-2660,ORD-8915,2022-10-09,Europe,Mid Value,5,35.35,176.75,112.46,7.74,56.56
CUST-5349,ORD-8916,2023-10-02,North America,High Value,1,232.66,232.66,140.07,16.17,76.42
CUST-8102,ORD-8917,2023-11-09,Africa,High Value,5,482.89,2414.47,1567.98,19.83,826.67
CUST-9000,ORD-8918,2022-01-27,Africa,Mid Value,1,445.52,445.52,305.52,46.03,93.97
CUST-4818,ORD-8919,2022-09-03,Europe,Low Value,2,126.25,252.49,151.82,26.36,74.32
CUST-1331,ORD-8920,2023-05-02,Europe,High Value,4,441.98,1767.93,875.57,20.43,871.93
CUST-2421,ORD-8921,2023-10-09,North America,High Value,4,160.67,642.69,412.97,43.58,186.14
CUST-8512,ORD-8922,2022-07-21,North America,Mid Value,5,429.07,2145.36,1314.48,8.05,822.83
CUST-7890,ORD-8923,2022-01-21,North America,High Value,3,370.03,1110.09,758.63,78.14,273.31
CUST-5931,ORD-8924,2023-08-14,Africa,Low Value,5,188.99,944.93,489.5,69.58,385.85
CUST-7025,ORD-8925,2023-11-01,Africa,Mid Value,3,457.18,1371.54,949.8,25.4,396.34
CUST-5408,ORD-8926,2022-04-04,Asia,High Value,5,252.93,1264.67,743.57,30.21,490.89
CUST-6113,ORD-8927,2022-01-08,Asia,Low Value,5,172.49,862.47,595.96,23.44,243.06
CUST-9419,ORD-8928,2023-04-17,Asia,Low Value,4,154.25,617.0,398.59,74.63,143.78
CUST-3881,ORD-8929,2022-12-05,Africa,High Value,3,470.75,1412.26,941.25,53.99,417.01
CUST-3865,ORD-8930,2022-09-16,North America,Low Value,4,384.12,1536.48,815.81,44.09,676.58
CUST-3575,ORD-8931,2022-02-24,Asia,Mid Value,3,187.95,563.85,284.67,43.14,236.04
CUST-7185,ORD-8932,2023-07-02,North America,Low Value,2,142.0,284.0,172.11,17.44,94.45
CUST-9656,ORD-8933,2022-01-06,North America,Mid Value,2,121.58,243.15,132.17,77.2,33.78
CUST-6741,ORD-8934,2023-01-12,North America,Mid Value,2,137.36,274.71,191.33,73.59,9.79
CUST-1277,ORD-8935,2023-07-08,Asia,Mid Value,1,73.27,73.27,42.05,76.43,-45.21
CUST-1065,ORD-8936,2022-02-19,Asia,High Value,4,252.67,1010.69,482.72,26.82,501.15
CUST-5262,ORD-8937,2022-04-22,North America,Low Value,4,39.71,158.86,91.3,40.75,26.81
CUST-6704,ORD-8938,2022-05-26,Asia,High Value,2,25.53,51.05,29.8,43.92,-22.67
CUST-9594,ORD-8939,2022-08-18,Europe,High Value,5,316.67,1583.37,714.39,41.73,827.26
CUST-8989,ORD-8940,2023-12-24,Asia,Mid Value,4,62.47,249.88,127.78,6.44,115.66
CUST-7255,ORD-8941,2023-05-12,North America,High Value,3,425.7,1277.1,575.12,67.49,634.49
CUST-8441,ORD-8942,2022-11-02,North America,Low Value,4,71.23,284.92,168.17,60.99,55.75
CUST-5692,ORD-8943,2023-06-26,Africa,High Value,4,280.48,1121.92,586.8,40.61,494.51
CUST-5419,ORD-8944,2023-04-06,Africa,High Value,3,344.24,1032.73,509.45,25.06,498.22
CUST-8960,ORD-8945,2023-09-20,North America,Mid Value,2,129.99,259.99,171.5,52.62,35.87
CUST-7078,ORD-8946,2022-08-14,Europe,Mid Value,2,446.37,892.73,408.43,15.37,468.93
CUST-2437,ORD-8947,2022-02-28,Africa,High Value,3,251.07,753.2,469.19,79.8,204.21
CUST-9620,ORD-8948,2022-03-17,North America,Mid Value,4,171.35,685.41,406.62,14.4,264.39
CUST-8032,ORD-8949,2023-03-04,Africa,High Value,4,452.54,1810.17,1163.73,9.38,637.05
CUST-6731,ORD-8950,2023-12-29,Africa,Low Value,2,432.0,864.01,417.37,50.93,395.7
CUST-4378,ORD-8951,2022-05-12,North America,Low Value,1,360.62,360.62,240.86,39.76,80.01
CUST-9584,ORD-8952,2023-05-13,Asia,Mid Value,2,159.43,318.86,169.13,58.93,90.81
CUST-7347,ORD-8953,2023-08-16,Europe,Low Value,3,207.3,621.9,281.18,14.6,326.12
CUST-7401,ORD-8954,2022-11-01,Asia,Low Value,1,351.07,351.07,215.62,32.28,103.17
CUST-7629,ORD-8955,2022-03-08,North America,High Value,1,108.94,108.94,72.43,42.58,-6.07
CUST-5541,ORD-8956,2022-08-18,North America,Mid Value,3,257.65,772.96,416.18,38.52,318.26
CUST-8876,ORD-8957,2022-11-29,Europe,Low Value,5,374.11,1870.53,1088.45,48.73,733.35
CUST-9533,ORD-8958,2022-10-04,North America,Mid Value,2,335.7,671.4,371.34,12.63,287.43
CUST-9324,ORD-8959,2023-08-07,Africa,Mid Value,4,365.57,1462.27,673.55,42.78,745.95
CUST-1264,ORD-8960,2023-12-22,Europe,Mid Value,2,448.12,896.24,572.06,46.61,277.58
CUST-2434,ORD-8961,2022-05-24,Asia,Low Value,3,484.78,1454.33,996.75,71.08,386.5
CUST-6327,ORD-8962,2022-09-08,Europe,Mid Value,4,240.02,960.1,532.87,47.83,379.39
CUST-6097,ORD-8963,2023-11-22,Asia,Mid Value,5,48.79,243.96,118.59,46.05,79.32
CUST-2660,ORD-8964,2022-03-21,North America,High Value,3,420.49,1261.46,726.94,65.91,468.62
CUST-6692,ORD-8965,2022-02-26,Asia,High Value,2,76.62,153.25,103.62,9.87,39.75
CUST-3354,ORD-8966,2023-01-01,Asia,High Value,1,125.33,125.33,75.38,53.6,-3.65
CUST-9457,ORD-8967,2022-11-04,Asia,High Value,3,333.52,1000.56,503.37,65.89,431.3
CUST-7461,ORD-8968,2022-06-23,Europe,Mid Value,3,377.95,1133.86,667.05,12.09,454.71
CUST-8044,ORD-8969,2023-04-07,Africa,High Value,2,353.43,706.86,375.85,65.87,265.14
CUST-6497,ORD-8970,2023-11-09,Asia,High Value,5,230.48,1152.38,525.36,64.04,562.99
CUST-5549,ORD-8971,2023-08-19,Europe,Low Value,2,460.67,921.34,625.05,5.07,291.22
CUST-7334,ORD-8972,2023-05-08,Europe,High Value,2,419.45,838.91,544.13,23.46,271.32
CUST-7010,ORD-8973,2023-07-14,Africa,High Value,5,338.57,1692.84,1152.86,16.34,523.64
CUST-5926,ORD-8974,2023-10-01,Europe,Low Value,5,231.72,1158.58,719.13,43.35,396.1
CUST-7065,ORD-8975,2023-11-12,North America,Mid Value,3,242.64,727.91,409.4,73.55,244.96
CUST-3179,ORD-8976,2023-01-09,North America,Mid Value,1,104.46,104.46,59.89,50.2,-5.63
CUST-5967,ORD-8977,2022-12-15,North America,Low Value,2,394.26,788.52,395.17,50.14,343.21
CUST-1634,ORD-8978,2022-03-08,Africa,Low Value,1,435.66,435.66,238.12,14.21,183.33
CUST-4631,ORD-8979,2022-11-26,Europe,Mid Value,5,417.1,2085.48,1023.89,54.98,1006.61
CUST-5677,ORD-8980,2022-07-13,North America,High Value,5,282.61,1413.04,803.12,71.62,538.29
CUST-3218,ORD-8981,2022-06-04,Asia,Low Value,2,422.21,844.42,516.35,37.2,290.87
CUST-2389,ORD-8982,2022-06-09,Europe,Low Value,3,399.4,1198.19,616.05,56.13,526.01
CUST-5276,ORD-8983,2023-11-27,North America,Low Value,2,419.53,839.06,575.55,27.12,236.4
CUST-2249,ORD-8984,2022-09-23,Europe,Mid Value,3,491.33,1473.98,901.65,25.17,547.16
CUST-8640,ORD-8985,2022-06-17,North America,Mid Value,4,408.8,1635.2,825.74,18.88,790.58
CUST-6712,ORD-8986,2022-05-25,Asia,Mid Value,3,149.93,449.79,221.19,23.11,205.49
CUST-2245,ORD-8987,2022-07-05,Europe,Mid Value,2,414.01,828.03,407.8,30.71,389.52
CUST-9245,ORD-8988,2023-02-27,North America,Mid Value,2,200.3,400.61,277.81,47.5,75.3
CUST-1442,ORD-8989,2023-04-02,North America,High Value,3,267.77,803.32,409.01,63.55,330.75
CUST-7976,ORD-8990,2022-12-11,Asia,High Value,1,402.27,402.27,197.96,26.72,177.6
CUST-5675,ORD-8991,2023-07-08,Asia,Mid Value,3,172.03,516.08,253.39,17.61,245.08
CUST-8953,ORD-8992,2023-05-31,North America,Mid Value,4,32.52,130.08,69.73,38.73,21.62
CUST-5377,ORD-8993,2023-12-06,North America,Mid Value,4,364.71,1458.84,880.89,64.21,513.74
CUST-8058,ORD-8994,2022-04-14,Africa,Low Value,1,453.04,453.04,212.83,34.2,206.02
CUST-1822,ORD-8995,2022-09-04,Africa,Low Value,4,465.39,1861.55,911.89,73.5,876.16
CUST-3939,ORD-8996,2022-01-23,Europe,Mid Value,2,403.48,806.95,560.12,23.59,223.24
CUST-8096,ORD-8997,2023-06-09,Europe,Mid Value,1,468.87,468.87,283.41,61.87,123.59
CUST-6765,ORD-8998,2022-05-24,Africa,Low Value,1,413.91,413.91,200.72,40.08,173.12
CUST-2031,ORD-8999,2023-12-31,North America,Low Value,1,34.45,34.45,20.24,13.03,1.17
CUST-1562,ORD-9000,2023-11-26,Asia,Low Value,3,187.83,563.5,287.52,26.08,249.9
CUST-1340,ORD-9001,2022-07-12,Europe,Low Value,3,181.33,543.99,377.21,69.37,97.42
CUST-5567,ORD-9002,2023-04-10,North America,Low Value,1,125.2,125.2,68.51,5.44,51.25
CUST-8862,ORD-9003,2023-01-10,Asia,Mid Value,4,403.01,1612.04,782.8,61.73,767.52
CUST-3296,ORD-9004,2023-11-08,Asia,Mid Value,2,269.64,539.29,325.32,65.86,148.11
CUST-1234,ORD-9005,2023-11-23,North America,Low Value,2,421.42,842.84,408.21,13.99,420.64
CUST-6202,ORD-9006,2023-09-21,North America,Mid Value,3,308.65,925.94,536.6,77.16,312.18
CUST-2291,ORD-9007,2022-09-23,Europe,Low Value,5,303.49,1517.46,1006.17,70.42,440.87
CUST-5727,ORD-9008,2023-01-13,Africa,Low Value,1,204.39,204.39,109.64,18.39,76.36
CUST-9720,ORD-9009,2023-07-04,North America,Low Value,5,399.01,1995.05,1135.92,23.11,836.02
CUST-3939,ORD-9010,2023-07-10,Africa,Mid Value,2,347.88,695.77,331.94,66.38,297.45
CUST-6435,ORD-9011,2022-03-15,Europe,Mid Value,3,182.6,547.8,335.03,45.98,166.8
CUST-7981,ORD-9012,2023-03-14,Africa,Mid Value,3,496.92,1490.75,712.62,74.19,703.93
CUST-6392,ORD-9013,2022-08-14,Africa,Mid Value,3,242.14,726.42,386.27,78.44,261.72
CUST-8972,ORD-9014,2022-11-04,Asia,High Value,3,171.96,515.89,340.64,30.76,144.49
CUST-2233,ORD-9015,2022-12-14,Europe,Low Value,3,350.14,1050.42,512.06,12.27,526.09
CUST-3800,ORD-9016,2023-04-21,North America,Low Value,1,126.95,126.95,83.79,57.76,-14.61
CUST-3775,ORD-9017,2022-11-11,Africa,Mid Value,5,418.71,2093.55,1272.13,74.23,747.18
CUST-7044,ORD-9018,2023-06-09,Europe,Mid Value,2,346.57,693.15,336.36,17.37,339.43
CUST-4487,ORD-9019,2023-03-01,Asia,High Value,2,437.63,875.26,430.74,78.9,365.62
CUST-8383,ORD-9020,2023-06-08,Asia,Low Value,3,177.94,533.83,328.74,19.69,185.41
CUST-4850,ORD-9021,2023-07-16,Africa,Low Value,3,430.12,1290.37,815.89,11.47,463.01
CUST-5997,ORD-9022,2022-09-06,Africa,Mid Value,3,260.45,781.34,479.69,42.18,259.47
CUST-1890,ORD-9023,2023-09-23,North America,Mid Value,4,48.4,193.58,121.67,65.42,6.49
CUST-6920,ORD-9024,2023-07-23,Europe,High Value,2,113.2,226.4,122.35,31.58,72.48
CUST-2188,ORD-9025,2022-07-01,North America,Low Value,3,124.47,373.41,168.17,29.89,175.36
CUST-6644,ORD-9026,2022-04-16,North America,High Value,5,388.64,1943.18,1131.37,19.78,792.03
CUST-1740,ORD-9027,2022-07-10,Asia,Low Value,4,117.5,470.0,281.36,78.96,109.69
CUST-2369,ORD-9028,2022-05-17,Europe,Mid Value,1,289.72,289.72,180.18,30.64,78.9
CUST-3000,ORD-9029,2023-12-01,North America,High Value,4,333.22,1332.88,676.87,54.99,601.02
CUST-2471,ORD-9030,2022-04-30,Asia,Mid Value,4,391.45,1565.81,771.25,14.93,779.63
CUST-2536,ORD-9031,2022-03-13,Africa,Low Value,4,396.26,1585.05,1042.29,38.73,504.03
CUST-1318,ORD-9032,2022-05-11,North America,Low Value,5,364.45,1822.25,1203.28,64.69,554.29
CUST-6153,ORD-9033,2023-04-02,Africa,High Value,2,122.33,244.66,170.5,77.78,-3.62
CUST-2894,ORD-9034,2023-04-24,Europe,Mid Value,3,280.87,842.6,450.74,18.3,373.56
CUST-8991,ORD-9035,2022-02-21,North America,Low Value,5,159.28,796.41,370.13,12.1,414.17
CUST-9592,ORD-9036,2023-07-28,Africa,Low Value,5,392.05,1960.23,1115.32,79.06,765.86
CUST-6935,ORD-9037,2022-04-29,Africa,High Value,3,379.08,1137.25,648.16,46.56,442.53
CUST-1723,ORD-9038,2022-09-21,Europe,High Value,4,130.23,520.92,239.17,30.91,250.84
CUST-3329,ORD-9039,2022-08-27,Asia,Mid Value,1,327.84,327.84,194.66,77.02,56.16
CUST-3770,ORD-9040,2022-12-17,Asia,High Value,4,48.05,192.18,99.01,34.26,58.9
CUST-8545,ORD-9041,2022-09-12,North America,Low Value,4,388.9,1555.61,746.35,22.4,786.86
CUST-5846,ORD-9042,2023-11-16,Africa,Mid Value,2,394.5,788.99,474.36,65.26,249.37
CUST-1267,ORD-9043,2022-11-05,Asia,Mid Value,4,186.57,746.26,388.49,28.55,329.22
CUST-1569,ORD-9044,2023-08-30,North America,Mid Value,1,407.0,407.0,240.29,29.15,137.56
CUST-2973,ORD-9045,2023-05-10,Africa,Low Value,5,431.98,2159.91,980.17,38.37,1141.37
CUST-9737,ORD-9046,2022-02-26,North America,High Value,4,111.23,444.91,240.94,56.97,147.0
CUST-3822,ORD-9047,2023-02-07,Europe,Mid Value,5,188.43,942.15,627.81,68.13,246.21
CUST-5460,ORD-9048,2022-03-08,North America,Low Value,2,145.32,290.64,178.02,21.96,90.65
CUST-1270,ORD-9049,2022-02-15,Europe,High Value,1,199.69,199.69,133.17,32.19,34.34
CUST-8641,ORD-9050,2023-08-29,Africa,Mid Value,3,234.51,703.54,446.83,42.21,214.5
CUST-9930,ORD-9051,2023-10-12,Africa,High Value,3,264.78,794.35,500.39,6.92,287.05
CUST-7680,ORD-9052,2023-01-04,Africa,High Value,2,36.85,73.7,49.19,57.28,-32.78
CUST-2257,ORD-9053,2023-08-28,North America,High Value,1,46.48,46.48,21.14,47.45,-22.11
CUST-9250,ORD-9054,2022-08-20,Africa,Low Value,5,334.51,1672.56,928.27,15.02,729.27
CUST-6370,ORD-9055,2023-02-06,Africa,Mid Value,2,232.52,465.03,320.92,14.77,129.34
CUST-5858,ORD-9056,2023-07-15,Europe,Mid Value,4,63.07,252.3,124.71,72.14,55.45
CUST-9581,ORD-9057,2022-01-23,Africa,Mid Value,5,205.39,1026.95,629.96,56.25,340.74
CUST-9910,ORD-9058,2023-07-28,Africa,Low Value,4,248.24,992.95,642.98,34.1,315.86
CUST-7999,ORD-9059,2022-09-24,Africa,High Value,4,325.08,1300.33,888.65,30.36,381.33
CUST-1120,ORD-9060,2022-04-28,Asia,Low Value,5,76.8,383.99,256.49,28.76,98.74
CUST-7908,ORD-9061,2023-08-23,Africa,Mid Value,4,497.51,1990.02,1232.11,54.1,703.81
CUST-3303,ORD-9062,2023-08-24,North America,High Value,3,247.86,743.58,466.81,18.41,258.36
CUST-5861,ORD-9063,2022-02-24,Europe,Low Value,5,346.78,1733.9,928.95,79.06,725.89
CUST-3911,ORD-9064,2022-06-02,Africa,Low Value,2,455.94,911.89,461.4,56.53,393.96
CUST-9991,ORD-9065,2022-08-27,North America,Low Value,3,35.28,105.83,72.98,14.53,18.31
CUST-8236,ORD-9066,2022-09-22,Europe,Low Value,2,308.65,617.3,428.34,15.35,173.61
CUST-6565,ORD-9067,2022-09-25,Europe,High Value,1,279.37,279.37,155.37,53.62,70.38
CUST-7531,ORD-9068,2022-04-23,North America,Low Value,2,47.56,95.11,52.57,33.74,8.8
CUST-2109,ORD-9069,2022-06-15,North America,High Value,5,352.65,1763.27,992.59,54.5,716.18
CUST-7929,ORD-9070,2023-10-30,Asia,Low Value,2,125.98,251.95,142.44,59.19,50.32
CUST-2250,ORD-9071,2022-01-08,Asia,Mid Value,1,356.9,356.9,235.75,45.34,75.81
CUST-9177,ORD-9072,2023-12-15,Africa,Low Value,4,194.06,776.25,432.89,24.24,319.11
CUST-2649,ORD-9073,2022-08-05,Asia,Low Value,5,389.66,1948.3,1306.51,46.34,595.46
CUST-8351,ORD-9074,2023-03-07,North America,Mid Value,3,472.05,1416.14,883.38,36.64,496.12
CUST-6911,ORD-9075,2022-10-19,Asia,High Value,3,433.05,1299.14,898.16,71.78,329.21
CUST-3956,ORD-9076,2022-02-19,Europe,Low Value,2,251.64,503.27,311.34,60.52,131.41
CUST-6828,ORD-9077,2022-04-17,North America,Low Value,3,128.13,384.39,212.59,51.42,120.38
CUST-5994,ORD-9078,2022-01-09,Africa,Mid Value,1,496.36,496.36,337.28,7.98,151.11
CUST-7436,ORD-9079,2023-12-01,Europe,High Value,3,336.56,1009.68,512.36,79.26,418.06
CUST-9676,ORD-9080,2023-04-01,Europe,Mid Value,2,210.06,420.11,290.4,47.47,82.24
CUST-8614,ORD-9081,2022-11-19,Europe,Low Value,3,251.13,753.39,347.21,24.42,381.76
CUST-9994,ORD-9082,2022-11-05,North America,High Value,4,81.47,325.87,198.85,49.36,77.65
CUST-2715,ORD-9083,2023-09-14,North America,Low Value,4,262.54,1050.16,477.36,66.34,506.45
CUST-9150,ORD-9084,2022-05-25,Africa,Mid Value,3,103.12,309.36,154.99,45.39,108.98
CUST-4483,ORD-9085,2023-02-16,Asia,Low Value,5,195.56,977.79,553.42,63.27,361.1
CUST-8675,ORD-9086,2022-04-24,Asia,Mid Value,3,256.05,768.14,376.06,35.98,356.11
CUST-2757,ORD-9087,2023-07-29,Asia,Mid Value,4,474.94,1899.77,1324.53,49.25,525.99
CUST-2809,ORD-9088,2023-02-03,Asia,High Value,4,319.85,1279.41,822.98,36.67,419.76
CUST-6539,ORD-9089,2022-10-02,Europe,Mid Value,1,198.51,198.51,131.55,44.58,22.37
CUST-7048,ORD-9090,2022-05-04,North America,High Value,2,74.28,148.57,103.22,17.56,27.78
CUST-2151,ORD-9091,2022-03-27,Asia,High Value,1,378.65,378.65,234.27,49.9,94.48
CUST-6492,ORD-9092,2023-08-05,Europe,High Value,5,244.09,1220.45,630.54,78.42,511.48
CUST-7711,ORD-9093,2022-02-16,North America,High Value,2,52.71,105.43,67.39,62.36,-24.33
CUST-7302,ORD-9094,2023-12-12,North America,High Value,3,335.3,1005.9,599.59,29.0,377.3
CUST-5747,ORD-9095,2022-07-20,North America,Mid Value,3,188.05,564.15,291.6,69.79,202.77
CUST-9402,ORD-9096,2022-10-03,Europe,Mid Value,5,213.87,1069.34,579.39,72.18,417.77
CUST-5681,ORD-9097,2023-07-03,Asia,High Value,4,422.65,1690.6,1017.68,18.26,654.65
CUST-3507,ORD-9098,2023-12-16,North America,Mid Value,3,85.91,257.72,141.46,8.99,107.28
CUST-3963,ORD-9099,2022-05-10,Europe,High Value,1,183.38,183.38,93.3,47.94,42.14
CUST-4428,ORD-9100,2023-03-24,North America,Mid Value,4,194.56,778.24,433.86,40.69,303.7
CUST-8494,ORD-9101,2023-01-24,Africa,High Value,3,21.6,64.79,32.94,58.6,-26.75
CUST-4955,ORD-9102,2023-07-30,Africa,Low Value,4,425.76,1703.03,1138.95,26.98,537.1
CUST-4705,ORD-9103,2022-09-20,Europe,Low Value,2,420.95,841.9,524.94,33.52,283.44
CUST-5038,ORD-9104,2023-09-24,Asia,High Value,3,337.68,1013.04,551.23,24.79,437.02
CUST-1713,ORD-9105,2022-10-05,Asia,Mid Value,3,451.49,1354.47,929.66,26.91,397.91
CUST-8260,ORD-9106,2023-12-15,North America,High Value,4,150.99,603.94,330.5,5.7,267.75
CUST-8011,ORD-9107,2022-02-15,Asia,Mid Value,2,125.9,251.81,149.48,43.31,59.02
CUST-9879,ORD-9108,2022-06-17,Asia,High Value,1,52.89,52.89,30.57,40.49,-18.17
CUST-9521,ORD-9109,2023-03-21,Africa,High Value,2,304.17,608.33,292.29,31.69,284.35
CUST-2746,ORD-9110,2023-09-14,Europe,Mid Value,1,258.25,258.25,143.57,45.51,69.16
CUST-2207,ORD-9111,2022-02-15,Africa,Mid Value,5,408.99,2044.95,959.87,34.38,1050.7
CUST-1784,ORD-9112,2023-12-25,Europe,High Value,2,251.02,502.04,247.32,37.44,217.27
CUST-3696,ORD-9113,2023-06-24,North America,Low Value,1,117.55,117.55,76.04,5.15,36.36
CUST-8073,ORD-9114,2022-03-28,Africa,Low Value,4,408.61,1634.43,859.16,9.97,765.29
CUST-6036,ORD-9115,2023-01-20,Europe,Low Value,1,238.62,238.62,112.68,16.3,109.63
CUST-8127,ORD-9116,2023-10-31,Asia,Low Value,5,478.8,2393.99,1507.59,18.8,867.6
CUST-4718,ORD-9117,2022-09-22,Europe,Low Value,1,276.55,276.55,179.92,38.91,57.71
CUST-6775,ORD-9118,2022-01-22,Asia,Mid Value,2,76.03,152.07,90.41,70.62,-8.96
CUST-8910,ORD-9119,2023-12-04,North America,Low Value,1,428.49,428.49,290.9,35.45,102.13
CUST-3693,ORD-9120,2023-03-26,Asia,Mid Value,2,441.64,883.27,585.05,52.04,246.19
CUST-1625,ORD-9121,2022-08-20,Europe,Low Value,5,233.81,1169.04,687.6,6.94,474.5
CUST-4708,ORD-9122,2022-07-05,Africa,Mid Value,1,32.48,32.48,20.6,69.11,-57.24
CUST-7859,ORD-9123,2022-11-22,Europe,Low Value,1,34.27,34.27,18.24,13.49,2.54
CUST-9953,ORD-9124,2022-07-02,Africa,Low Value,5,188.55,942.76,574.21,26.32,342.23
CUST-8692,ORD-9125,2023-02-01,Europe,Mid Value,1,363.79,363.79,252.56,66.26,44.98
CUST-7398,ORD-9126,2023-04-26,Europe,Mid Value,2,178.9,357.81,232.56,24.87,100.38
CUST-8252,ORD-9127,2023-02-07,North America,High Value,3,23.71,71.13,38.67,24.35,8.11
CUST-2555,ORD-9128,2023-04-08,Asia,Low Value,3,427.31,1281.94,875.68,50.22,356.03
CUST-9867,ORD-9129,2023-02-21,Europe,Low Value,2,484.99,969.98,636.58,72.74,260.66
CUST-5187,ORD-9130,2022-07-21,Africa,Mid Value,1,186.26,186.26,85.55,21.02,79.68
CUST-8767,ORD-9131,2022-03-06,Asia,Mid Value,2,55.08,110.15,70.11,51.56,-11.52
CUST-1036,ORD-9132,2023-07-09,North America,Low Value,5,159.88,799.39,554.86,50.01,194.52
CUST-2787,ORD-9133,2022-01-17,Asia,Low Value,2,403.52,807.05,427.27,54.46,325.31
CUST-7283,ORD-9134,2022-07-02,Europe,Mid Value,3,280.28,840.85,436.26,76.01,328.58
CUST-9060,ORD-9135,2023-01-26,Africa,Mid Value,4,204.31,817.25,498.54,17.44,301.27
CUST-9065,ORD-9136,2022-02-13,Africa,Low Value,5,180.43,902.14,430.8,54.08,417.27
CUST-4880,ORD-9137,2023-12-01,Asia,Mid Value,1,75.39,75.39,46.65,18.68,10.06
CUST-6932,ORD-9138,2023-04-27,Africa,Mid Value,2,182.97,365.93,185.4,28.57,151.96
CUST-9328,ORD-9139,2022-09-20,Europe,Low Value,5,245.65,1228.26,691.37,34.25,502.65
CUST-7333,ORD-9140,2022-06-23,Africa,High Value,3,343.11,1029.32,692.73,67.65,268.94
CUST-6759,ORD-9141,2023-03-17,Africa,Mid Value,1,145.8,145.8,94.65,9.03,42.12
CUST-7485,ORD-9142,2023-07-20,Africa,High Value,2,450.74,901.48,430.01,60.02,411.45
CUST-6067,ORD-9143,2022-08-08,Europe,Mid Value,2,252.7,505.41,323.64,73.44,108.33
CUST-1661,ORD-9144,2023-07-12,North America,High Value,1,214.48,214.48,118.59,10.94,84.94
CUST-8973,ORD-9145,2023-01-29,Africa,Mid Value,4,305.1,1220.39,852.58,64.3,303.51
CUST-7386,ORD-9146,2022-07-14,North America,High Value,4,100.46,401.84,210.94,13.07,177.83
CUST-8887,ORD-9147,2023-02-13,Asia,High Value,5,71.16,355.8,201.97,77.21,76.62
CUST-1414,ORD-9148,2023-04-16,Asia,Mid Value,2,186.34,372.68,199.49,66.15,107.03
CUST-7850,ORD-9149,2022-12-13,Europe,High Value,5,39.17,195.84,116.83,57.12,21.89
CUST-9534,ORD-9150,2023-04-07,Europe,Low Value,1,201.24,201.24,103.93,46.25,51.05
CUST-3729,ORD-9151,2022-03-02,Europe,Low Value,5,342.31,1711.56,1160.72,74.06,476.79
CUST-4897,ORD-9152,2022-06-15,Europe,Low Value,2,409.82,819.64,495.26,13.93,310.44
CUST-3169,ORD-9153,2023-11-03,North America,High Value,4,298.29,1193.15,818.11,14.13,360.9
CUST-2878,ORD-9154,2022-05-31,Europe,Mid Value,4,351.84,1407.35,872.74,66.69,467.92
CUST-7454,ORD-9155,2022-04-21,North America,High Value,1,419.9,419.9,208.46,41.17,170.26
CUST-5570,ORD-9156,2023-05-03,Africa,Mid Value,3,391.1,1173.31,532.51,68.38,572.42
CUST-2515,ORD-9157,2023-07-03,Africa,High Value,5,173.59,867.96,479.02,34.3,354.64
CUST-1574,ORD-9158,2022-01-03,Asia,Mid Value,1,295.24,295.24,206.19,38.89,50.16
CUST-3867,ORD-9159,2023-04-28,Asia,High Value,4,147.13,588.52,393.86,29.91,164.76
CUST-4544,ORD-9160,2022-01-13,North America,High Value,2,296.64,593.28,392.57,76.31,124.4
CUST-5477,ORD-9161,2022-06-11,Europe,Low Value,2,224.48,448.96,265.86,39.87,143.23
CUST-1071,ORD-9162,2022-12-10,Asia,High Value,3,198.94,596.83,282.72,61.63,252.47
CUST-3980,ORD-9163,2023-03-25,North America,Low Value,3,108.11,324.33,147.18,57.19,119.96
CUST-6492,ORD-9164,2022-11-28,Asia,Mid Value,4,289.64,1158.57,764.25,22.63,371.68
CUST-5759,ORD-9165,2022-09-21,Europe,Mid Value,3,370.07,1110.22,548.83,73.55,487.83
CUST-9084,ORD-9166,2022-03-24,North America,Low Value,3,294.21,882.64,414.11,45.85,422.68
CUST-1039,ORD-9167,2022-11-30,Asia,High Value,2,53.23,106.46,66.8,69.19,-29.52
CUST-6373,ORD-9168,2023-01-15,Europe,Mid Value,5,463.68,2318.38,1043.95,67.41,1207.02
CUST-8565,ORD-9169,2022-08-07,North America,High Value,2,22.64,45.27,28.76,9.4,7.11
CUST-2900,ORD-9170,2023-10-20,North America,High Value,2,444.83,889.66,443.12,51.48,395.05
CUST-3217,ORD-9171,2023-03-30,North America,High Value,4,387.72,1550.86,822.5,64.17,664.19
CUST-5796,ORD-9172,2023-11-04,Africa,Mid Value,4,66.35,265.39,130.82,72.99,61.59
CUST-5606,ORD-9173,2022-03-30,North America,Mid Value,5,133.55,667.75,430.23,42.97,194.56
CUST-2283,ORD-9174,2022-11-29,Asia,High Value,1,187.5,187.5,107.1,61.3,19.1
CUST-9775,ORD-9175,2022-11-06,North America,Low Value,3,456.94,1370.83,673.71,77.72,619.4
CUST-9650,ORD-9176,2023-12-28,North America,Low Value,3,490.36,1471.09,676.16,67.09,727.84
CUST-1815,ORD-9177,2023-02-24,North America,Low Value,2,61.84,123.68,86.17,69.08,-31.57
CUST-3511,ORD-9178,2023-09-01,North America,High Value,2,210.53,421.05,264.67,35.55,120.84
CUST-1246,ORD-9179,2023-12-26,North America,Low Value,5,91.66,458.28,284.13,11.88,162.27
CUST-5825,ORD-9180,2022-12-20,Africa,Mid Value,3,153.65,460.95,265.37,77.45,118.13
CUST-7516,ORD-9181,2022-04-10,Europe,Low Value,2,490.91,981.83,548.59,57.19,376.05
CUST-1416,ORD-9182,2022-05-25,Africa,Low Value,2,492.52,985.05,639.29,17.84,327.92
CUST-7702,ORD-9183,2022-01-10,Asia,High Value,4,246.63,986.5,647.79,78.04,260.68
CUST-4717,ORD-9184,2022-02-13,Europe,Mid Value,1,107.91,107.91,50.21,58.68,-0.98
CUST-1107,ORD-9185,2023-01-21,Asia,Mid Value,5,282.57,1412.84,939.34,11.78,461.73
CUST-5513,ORD-9186,2023-05-10,North America,Low Value,1,173.93,173.93,111.38,17.81,44.74
CUST-2421,ORD-9187,2023-05-08,Asia,High Value,1,465.84,465.84,266.25,69.91,129.68
CUST-8283,ORD-9188,2022-06-18,Africa,High Value,5,412.74,2063.71,1174.42,76.54,812.76
CUST-1255,ORD-9189,2023-10-04,Africa,Low Value,3,168.24,504.73,332.47,32.36,139.9
CUST-8248,ORD-9190,2023-06-15,North America,Mid Value,2,28.79,57.58,37.33,35.99,-15.75
CUST-3962,ORD-9191,2022-12-02,North America,Mid Value,5,499.06,2495.32,1209.48,34.66,1251.18
CUST-3282,ORD-9192,2023-05-28,Europe,Mid Value,2,348.01,696.01,408.77,67.65,219.59
CUST-9744,ORD-9193,2022-05-10,Africa,High Value,4,224.35,897.4,621.3,38.99,237.1
CUST-9372,ORD-9194,2023-06-23,Africa,Low Value,1,158.46,158.46,100.44,33.14,24.87
CUST-2477,ORD-9195,2023-05-29,Europe,High Value,4,22.12,88.49,61.35,51.64,-24.49
CUST-9762,ORD-9196,2022-09-07,Africa,Mid Value,1,93.9,93.9,60.47,41.79,-8.36
CUST-5952,ORD-9197,2022-05-18,Europe,High Value,3,22.82,68.45,39.78,45.01,-16.34
CUST-6880,ORD-9198,2022-10-02,Africa,Mid Value,5,306.84,1534.2,922.4,35.53,576.27
CUST-6592,ORD-9199,2023-04-09,Asia,Low Value,3,338.4,1015.21,636.9,39.54,338.78
CUST-8091,ORD-9200,2022-05-21,Asia,Mid Value,1,388.06,388.06,245.34,7.7,135.03
CUST-1591,ORD-9201,2022-09-13,Europe,Low Value,4,109.76,439.04,279.62,74.43,84.99
CUST-7277,ORD-9202,2023-04-01,Europe,High Value,1,66.07,66.07,45.09,7.29,13.68
CUST-3260,ORD-9203,2023-03-10,North America,High Value,3,332.22,996.66,525.53,62.96,408.17
CUST-1347,ORD-9204,2023-08-30,Africa,High Value,3,259.95,779.85,512.65,27.37,239.83
CUST-9357,ORD-9205,2022-06-22,Asia,Mid Value,4,440.33,1761.32,1043.44,13.42,704.46
CUST-6032,ORD-9206,2023-04-18,North America,Low Value,4,275.97,1103.87,741.06,50.73,312.08
CUST-5443,ORD-9207,2023-02-27,Africa,High Value,3,233.51,700.54,425.77,58.02,216.75
CUST-9774,ORD-9208,2023-03-15,Asia,High Value,1,254.25,254.25,173.86,52.27,28.13
CUST-7869,ORD-9209,2022-02-26,Africa,Low Value,1,395.51,395.51,219.91,48.21,127.4
CUST-6696,ORD-9210,2023-05-13,Europe,Mid Value,5,28.79,143.93,68.34,45.21,30.38
CUST-4038,ORD-9211,2023-09-06,Asia,High Value,3,460.74,1382.22,844.84,45.58,491.81
CUST-3845,ORD-9212,2022-06-18,Asia,Mid Value,5,362.81,1814.05,1167.61,69.91,576.54
CUST-8864,ORD-9213,2023-08-05,North America,Mid Value,3,444.94,1334.82,831.4,11.76,491.65
CUST-7609,ORD-9214,2023-07-15,Africa,Mid Value,5,480.61,2403.04,1516.91,16.8,869.33
CUST-2265,ORD-9215,2023-03-04,Europe,High Value,2,128.48,256.96,117.49,65.95,73.53
CUST-3274,ORD-9216,2023-02-23,Europe,High Value,1,297.6,297.6,205.71,27.73,64.16
CUST-3470,ORD-9217,2022-12-13,Africa,Low Value,1,253.3,253.3,130.71,62.87,59.72
CUST-3577,ORD-9218,2023-06-01,Africa,Low Value,2,278.06,556.11,307.79,31.45,216.87
CUST-4660,ORD-9219,2023-03-31,Europe,Mid Value,4,42.7,170.8,94.72,74.41,1.67
CUST-2068,ORD-9220,2023-12-15,Africa,High Value,2,458.71,917.43,620.81,26.1,270.51
CUST-6591,ORD-9221,2022-07-21,North America,Mid Value,1,478.25,478.25,304.14,37.02,137.09
CUST-6974,ORD-9222,2022-06-28,Africa,Low Value,3,348.86,1046.58,633.23,16.91,396.43
CUST-5829,ORD-9223,2022-02-26,North America,Mid Value,5,143.97,719.87,345.53,55.0,319.33
CUST-2950,ORD-9224,2023-11-29,North America,Mid Value,1,397.86,397.86,211.21,35.22,151.44
CUST-9283,ORD-9225,2023-08-27,Africa,High Value,2,370.81,741.61,424.9,75.59,241.12
CUST-4093,ORD-9226,2023-05-16,Asia,Mid Value,3,295.8,887.41,424.83,6.18,456.4
CUST-6311,ORD-9227,2022-04-22,Asia,Mid Value,1,101.71,101.71,60.3,34.07,7.34
CUST-2387,ORD-9228,2022-05-28,North America,High Value,2,116.57,233.13,117.4,6.77,108.96
CUST-5274,ORD-9229,2023-12-16,Africa,High Value,1,302.91,302.91,198.75,29.68,74.49
CUST-3285,ORD-9230,2023-01-13,North America,Low Value,2,81.84,163.67,107.57,33.52,22.58
CUST-4206,ORD-9231,2022-12-14,Africa,High Value,2,367.49,734.97,440.79,24.36,269.82
CUST-3924,ORD-9232,2022-12-24,Africa,Mid Value,1,122.05,122.05,65.89,24.16,31.99
CUST-8045,ORD-9233,2022-02-25,Europe,Low Value,3,457.03,1371.09,632.26,24.5,714.32
CUST-9471,ORD-9234,2022-11-12,Asia,Low Value,1,451.87,451.87,274.4,24.97,152.5
CUST-2618,ORD-9235,2022-07-04,Asia,Low Value,1,160.93,160.93,103.98,26.17,30.77
CUST-9562,ORD-9236,2022-02-23,Europe,Low Value,3,60.03,180.08,116.62,68.85,-5.39
CUST-6896,ORD-9237,2022-02-06,Europe,Mid Value,1,313.48,313.48,179.03,7.93,126.52
CUST-8843,ORD-9238,2023-12-24,Europe,Mid Value,5,235.24,1176.19,570.58,79.17,526.45
CUST-8063,ORD-9239,2022-09-27,North America,Mid Value,5,88.98,444.9,207.41,26.11,211.37
CUST-9495,ORD-9240,2023-05-23,North America,Mid Value,5,275.11,1375.56,638.16,7.1,730.29
CUST-2348,ORD-9241,2022-08-16,North America,Low Value,2,496.51,993.02,508.79,18.14,466.09
CUST-6556,ORD-9242,2023-03-04,North America,Mid Value,4,53.11,212.45,103.12,75.64,33.69
CUST-6289,ORD-9243,2023-12-24,North America,Low Value,1,146.67,146.67,72.19,79.81,-5.34
CUST-3422,ORD-9244,2022-01-01,Asia,High Value,4,278.53,1114.14,696.06,23.51,394.58
CUST-4628,ORD-9245,2022-01-23,Asia,Mid Value,5,400.81,2004.07,991.77,21.91,990.39
CUST-3428,ORD-9246,2023-05-18,Africa,High Value,3,29.01,87.02,54.22,67.71,-34.91
CUST-4033,ORD-9247,2023-03-24,Asia,High Value,5,371.72,1858.62,999.76,73.57,785.3
CUST-7157,ORD-9248,2023-05-11,Europe,Mid Value,1,87.14,87.14,56.09,53.78,-22.73
CUST-9860,ORD-9249,2023-03-01,Asia,Low Value,4,418.73,1674.9,820.31,75.19,779.41
CUST-9691,ORD-9250,2023-12-01,Europe,High Value,4,352.24,1408.98,642.27,76.25,690.46
CUST-8813,ORD-9251,2022-01-18,Asia,Mid Value,2,239.13,478.25,225.88,61.98,190.39
CUST-2414,ORD-9252,2023-03-21,North America,High Value,3,414.36,1243.08,859.64,31.15,352.29
CUST-7708,ORD-9253,2023-07-15,Asia,High Value,5,371.86,1859.32,1086.75,16.21,756.36
CUST-9721,ORD-9254,2023-07-13,Africa,Mid Value,3,384.41,1153.22,693.96,43.83,415.44
CUST-7635,ORD-9255,2023-09-19,North America,High Value,1,159.24,159.24,110.15,26.72,22.36
CUST-4621,ORD-9256,2022-02-08,North America,Low Value,2,317.32,634.64,408.71,13.89,212.04
CUST-6315,ORD-9257,2023-12-30,Africa,Low Value,5,87.73,438.65,209.75,34.55,194.36
CUST-1754,ORD-9258,2022-07-29,Asia,High Value,1,414.01,414.01,229.96,40.98,143.07
CUST-3347,ORD-9259,2022-07-30,Asia,High Value,3,272.84,818.51,536.41,54.65,227.45
CUST-1726,ORD-9260,2023-07-19,Africa,Mid Value,2,415.94,831.89,512.65,21.59,297.65
CUST-5923,ORD-9261,2022-10-08,North America,Low Value,5,121.36,606.78,305.78,70.14,230.86
CUST-3649,ORD-9262,2022-05-13,Africa,High Value,3,82.56,247.69,161.35,18.91,67.43
CUST-3815,ORD-9263,2023-03-25,Europe,Low Value,5,350.71,1753.53,1034.07,79.79,639.66
CUST-4279,ORD-9264,2022-09-21,Europe,High Value,2,48.03,96.06,62.16,46.77,-12.86
CUST-3984,ORD-9265,2022-04-21,Asia,Mid Value,2,137.11,274.23,166.35,16.01,91.86
CUST-4807,ORD-9266,2023-07-09,North America,Mid Value,3,456.18,1368.55,774.21,67.58,526.76
CUST-8876,ORD-9267,2022-08-26,Europe,Low Value,5,83.72,418.62,264.62,24.03,129.97
CUST-7099,ORD-9268,2023-04-02,Africa,Low Value,4,200.27,801.07,533.84,19.12,248.1
CUST-1607,ORD-9269,2023-05-31,Asia,High Value,1,473.88,473.88,268.4,15.11,190.37
CUST-7169,ORD-9270,2022-06-22,Asia,High Value,2,29.6,59.2,27.08,46.32,-14.2
CUST-8790,ORD-9271,2022-07-12,North America,High Value,5,233.75,1168.76,699.27,70.95,398.53
CUST-6573,ORD-9272,2023-05-30,Europe,Low Value,3,397.5,1192.5,563.56,72.28,556.66
CUST-1634,ORD-9273,2023-07-22,Asia,Mid Value,3,456.31,1368.93,727.08,63.92,577.93
CUST-2074,ORD-9274,2023-02-13,Africa,Mid Value,2,373.08,746.15,438.32,48.61,259.22
CUST-2914,ORD-9275,2023-11-19,Europe,Low Value,2,446.43,892.86,478.85,44.74,369.26
CUST-1588,ORD-9276,2023-09-20,Asia,Mid Value,4,36.5,145.99,75.95,33.03,37.01
CUST-4231,ORD-9277,2022-03-25,Asia,Low Value,3,67.94,203.82,92.74,8.3,102.77
CUST-7351,ORD-9278,2023-11-02,Europe,High Value,5,374.11,1870.54,967.67,67.74,835.13
CUST-4838,ORD-9279,2022-03-21,Europe,Low Value,1,381.6,381.6,208.43,79.96,93.21
CUST-2973,ORD-9280,2023-08-01,North America,Mid Value,1,310.53,310.53,162.27,74.06,74.19
CUST-6044,ORD-9281,2022-07-28,Africa,Low Value,4,370.53,1482.13,899.81,74.98,507.34
CUST-7103,ORD-9282,2023-06-06,North America,Low Value,5,431.87,2159.33,1331.12,29.99,798.21
CUST-7683,ORD-9283,2022-07-18,North America,Low Value,1,281.83,281.83,181.77,12.45,87.61
CUST-6837,ORD-9284,2023-07-25,Africa,Low Value,1,474.72,474.72,235.69,70.37,168.66
CUST-7783,ORD-9285,2022-08-22,Africa,Mid Value,5,353.23,1766.17,1068.06,62.29,635.83
CUST-6594,ORD-9286,2022-09-01,North America,High Value,5,246.55,1232.76,687.28,34.28,511.2
CUST-4822,ORD-9287,2023-01-28,Europe,Mid Value,2,222.33,444.66,235.99,67.52,141.15
CUST-4389,ORD-9288,2023-07-20,Africa,Mid Value,1,380.08,380.08,216.91,15.41,147.77
CUST-6914,ORD-9289,2023-03-22,North America,High Value,1,322.63,322.63,184.0,53.83,84.79
CUST-2780,ORD-9290,2023-01-28,Europe,Mid Value,4,412.37,1649.49,1005.93,76.5,567.06
CUST-4688,ORD-9291,2022-01-09,Asia,High Value,2,394.87,789.75,465.8,73.28,250.67
CUST-8211,ORD-9292,2023-09-05,Europe,High Value,2,271.62,543.23,330.19,62.06,150.98
CUST-6037,ORD-9293,2023-12-16,North America,Low Value,1,473.94,473.94,329.44,24.99,119.5
CUST-7319,ORD-9294,2022-06-02,Africa,Mid Value,3,358.04,1074.13,701.0,12.69,360.44
CUST-9640,ORD-9295,2022-04-20,Europe,High Value,3,116.4,349.21,182.64,29.36,137.21
CUST-1081,ORD-9296,2022-09-23,Europe,Mid Value,5,316.87,1584.37,924.28,51.3,608.79
CUST-7278,ORD-9297,2023-01-08,Europe,Mid Value,2,116.87,233.74,118.59,28.74,86.42
CUST-7999,ORD-9298,2022-06-01,Africa,High Value,1,288.25,288.25,167.1,35.98,85.16
CUST-2406,ORD-9299,2023-08-18,Africa,Low Value,1,399.17,399.17,250.69,35.27,113.21
CUST-8410,ORD-9300,2023-02-19,Europe,High Value,1,410.0,410.0,191.24,30.19,188.57
CUST-2480,ORD-9301,2023-10-08,Europe,Low Value,4,332.4,1329.58,643.99,74.26,611.33
CUST-4598,ORD-9302,2022-11-22,North America,High Value,3,395.99,1187.96,536.75,29.0,622.21
CUST-8993,ORD-9303,2023-11-03,Africa,High Value,4,246.67,986.69,537.42,79.51,369.76
CUST-5183,ORD-9304,2023-07-05,Europe,Low Value,1,284.31,284.31,182.48,20.7,81.13
CUST-4680,ORD-9305,2022-06-25,Africa,Low Value,1,442.21,442.21,248.69,70.45,123.07
CUST-8644,ORD-9306,2023-06-09,Africa,Mid Value,2,256.68,513.36,304.26,59.93,149.17
CUST-5310,ORD-9307,2022-11-11,Africa,High Value,2,188.45,376.89,225.18,55.16,96.55
CUST-2758,ORD-9308,2022-03-08,North America,Mid Value,3,402.56,1207.67,570.49,38.4,598.78
CUST-3599,ORD-9309,2023-07-07,Asia,Mid Value,5,44.23,221.14,109.16,66.24,45.74
CUST-6616,ORD-9310,2022-07-03,Africa,Low Value,1,480.01,480.01,325.83,41.92,112.26
CUST-6813,ORD-9311,2022-02-04,Africa,Low Value,2,183.23,366.46,206.93,15.17,144.36
CUST-4853,ORD-9312,2023-05-20,Europe,Mid Value,3,322.22,966.65,536.15,26.04,404.46
CUST-3292,ORD-9313,2022-03-17,Africa,Low Value,4,349.02,1396.07,890.34,18.68,487.05
CUST-2501,ORD-9314,2023-04-17,Asia,High Value,1,85.8,85.8,39.58,47.72,-1.5
CUST-9422,ORD-9315,2023-08-05,Africa,Low Value,5,414.97,2074.86,1369.82,54.16,650.89
CUST-8550,ORD-9316,2023-06-07,North America,Low Value,3,294.61,883.84,545.87,30.2,307.78
CUST-5250,ORD-9317,2022-10-10,Europe,High Value,5,177.41,887.03,431.3,7.96,447.76
CUST-7991,ORD-9318,2023-06-20,Asia,Low Value,1,428.33,428.33,199.7,54.41,174.22
CUST-1114,ORD-9319,2022-10-01,North America,Mid Value,3,320.04,960.12,432.75,9.65,517.72
CUST-5406,ORD-9320,2023-06-23,Asia,Mid Value,2,397.17,794.35,415.87,77.43,301.05
CUST-3347,ORD-9321,2022-02-23,Europe,Mid Value,5,496.31,2481.54,1318.2,71.55,1091.8
CUST-2041,ORD-9322,2022-02-24,Africa,Low Value,4,82.53,330.13,163.15,67.32,99.66
CUST-7927,ORD-9323,2022-10-04,Europe,Low Value,4,379.81,1519.23,792.69,32.57,693.97
CUST-1011,ORD-9324,2023-03-19,Europe,Low Value,5,383.68,1918.41,1132.84,60.87,724.7
CUST-8980,ORD-9325,2023-02-22,Africa,Mid Value,1,439.85,439.85,210.34,8.44,221.07
CUST-8871,ORD-9326,2023-09-24,North America,Low Value,1,215.87,215.87,108.0,11.72,96.15
CUST-7375,ORD-9327,2022-08-13,Asia,High Value,1,437.43,437.43,258.3,42.09,137.04
CUST-8098,ORD-9328,2023-07-24,North America,Low Value,4,327.14,1308.58,819.32,49.01,440.25
CUST-4676,ORD-9329,2022-09-12,Africa,Mid Value,4,53.01,212.04,144.79,62.52,4.73
CUST-7109,ORD-9330,2022-06-25,Asia,High Value,2,35.13,70.26,40.58,27.33,2.34
CUST-6397,ORD-9331,2023-07-20,Africa,High Value,1,251.11,251.11,120.11,45.7,85.31
CUST-4065,ORD-9332,2022-05-26,North America,Mid Value,4,397.2,1588.8,949.91,9.69,629.19
CUST-3036,ORD-9333,2023-10-26,Europe,High Value,4,204.43,817.72,571.46,40.32,205.95
CUST-4046,ORD-9334,2023-01-20,Asia,High Value,1,428.88,428.88,287.68,55.34,85.86
CUST-1540,ORD-9335,2022-09-19,Africa,High Value,1,256.22,256.22,165.27,79.22,11.72
CUST-1076,ORD-9336,2023-06-15,Asia,High Value,4,32.62,130.47,82.67,62.6,-14.8
CUST-4067,ORD-9337,2023-01-06,Asia,High Value,5,487.36,2436.8,1556.84,79.66,800.29
CUST-1023,ORD-9338,2023-11-14,North America,Low Value,4,255.01,1020.05,482.16,42.34,495.55
CUST-6134,ORD-9339,2022-07-16,Europe,Mid Value,2,332.07,664.13,385.23,37.47,241.43
CUST-1675,ORD-9340,2023-08-08,Asia,Mid Value,3,115.66,346.98,215.96,67.57,63.45
CUST-7668,ORD-9341,2023-08-20,North America,Low Value,1,162.72,162.72,76.18,39.68,46.86
CUST-5267,ORD-9342,2022-10-11,Asia,Low Value,2,252.46,504.91,342.68,61.71,100.52
CUST-6988,ORD-9343,2022-10-29,Europe,Mid Value,5,430.97,2154.85,1038.47,79.59,1036.79
CUST-8652,ORD-9344,2022-05-12,Asia,Mid Value,3,68.94,206.81,97.63,59.34,49.84
CUST-9680,ORD-9345,2022-04-30,Europe,Low Value,4,394.56,1578.25,758.92,6.07,813.26
CUST-2485,ORD-9346,2023-12-29,North America,Low Value,1,298.09,298.09,165.68,18.52,113.89
CUST-4659,ORD-9347,2022-05-16,North America,High Value,4,259.84,1039.36,608.85,25.72,404.79
CUST-3419,ORD-9348,2023-09-20,Europe,Low Value,2,440.76,881.52,417.56,66.66,397.3
CUST-8740,ORD-9349,2023-07-27,Europe,Low Value,1,76.7,76.7,49.58,74.91,-47.8
CUST-8143,ORD-9350,2023-06-13,North America,High Value,4,495.56,1982.25,991.2,53.73,937.32
CUST-4495,ORD-9351,2022-02-03,Europe,High Value,1,430.22,430.22,253.88,11.6,164.74
CUST-1756,ORD-9352,2023-06-16,Europe,Mid Value,2,176.35,352.71,202.02,42.46,108.22
CUST-9448,ORD-9353,2022-07-27,Africa,Mid Value,4,236.76,947.03,640.58,69.43,237.02
CUST-2779,ORD-9354,2023-11-05,Asia,Low Value,3,32.0,96.0,64.64,32.16,-0.8
CUST-7487,ORD-9355,2022-10-26,North America,High Value,5,273.25,1366.25,696.25,9.9,660.11
CUST-1258,ORD-9356,2023-06-06,North America,High Value,4,282.91,1131.62,661.55,63.47,406.6
CUST-5075,ORD-9357,2022-04-04,Africa,Mid Value,1,464.76,464.76,323.63,54.28,86.84
CUST-9498,ORD-9358,2023-02-18,Europe,Mid Value,4,206.2,824.82,439.6,40.02,345.2
CUST-9014,ORD-9359,2023-01-06,Europe,Low Value,1,293.9,293.9,137.67,68.74,87.49
CUST-2118,ORD-9360,2023-02-13,Europe,High Value,2,375.5,750.99,472.76,68.73,209.51
CUST-8631,ORD-9361,2023-01-18,North America,Mid Value,5,312.09,1560.44,898.5,57.57,604.37
CUST-4017,ORD-9362,2023-03-17,Africa,Low Value,1,94.96,94.96,65.04,75.67,-45.75
CUST-5341,ORD-9363,2023-03-23,Asia,Low Value,4,102.47,409.89,243.39,39.05,127.45
CUST-2658,ORD-9364,2023-09-11,Africa,Low Value,2,86.4,172.81,99.86,59.67,13.28
CUST-9378,ORD-9365,2023-09-09,North America,Mid Value,3,124.51,373.53,253.52,67.3,52.71
CUST-2797,ORD-9366,2022-03-12,Asia,Mid Value,4,177.6,710.39,387.23,52.67,270.49
CUST-1784,ORD-9367,2022-03-25,Europe,Mid Value,5,375.04,1875.2,1123.92,46.48,704.79
CUST-6691,ORD-9368,2022-07-28,Africa,Mid Value,2,49.24,98.49,65.14,59.9,-26.55
CUST-4196,ORD-9369,2022-09-16,Africa,Mid Value,4,413.81,1655.25,992.15,31.59,631.51
CUST-9532,ORD-9370,2022-08-27,North America,High Value,1,145.98,145.98,76.56,32.48,36.94
CUST-1562,ORD-9371,2022-10-29,Africa,High Value,1,314.44,314.44,185.39,78.25,50.81
CUST-5746,ORD-9372,2022-08-20,Asia,High Value,1,285.33,285.33,159.22,13.91,112.2
CUST-3999,ORD-9373,2022-10-09,Africa,High Value,4,93.93,375.72,261.57,68.15,46.0
CUST-2193,ORD-9374,2023-01-29,North America,Low Value,5,157.9,789.51,365.34,64.16,360.02
CUST-1068,ORD-9375,2023-02-22,Africa,Low Value,1,162.04,162.04,104.03,9.06,48.95
CUST-6679,ORD-9376,2022-07-25,Asia,High Value,4,319.44,1277.75,582.66,57.76,637.33
CUST-3428,ORD-9377,2022-09-21,Asia,Mid Value,4,398.48,1593.92,957.91,12.04,623.97
CUST-7200,ORD-9378,2022-11-07,North America,High Value,5,498.22,2491.09,1389.37,20.79,1080.94
CUST-6396,ORD-9379,2023-11-28,Europe,High Value,2,66.03,132.06,89.49,76.87,-34.29
CUST-7993,ORD-9380,2023-09-18,North America,Low Value,2,470.56,941.12,550.4,32.16,358.56
CUST-4598,ORD-9381,2022-03-20,Europe,Mid Value,4,289.53,1158.13,760.7,9.26,388.17
CUST-1573,ORD-9382,2022-12-08,Asia,Low Value,2,191.25,382.5,236.4,44.09,102.01
CUST-5214,ORD-9383,2023-07-16,Africa,Mid Value,3,156.6,469.79,263.91,20.48,185.4
CUST-8636,ORD-9384,2022-04-05,Africa,Low Value,5,120.34,601.7,321.56,36.97,243.16
CUST-2478,ORD-9385,2022-12-17,Asia,High Value,4,287.4,1149.58,550.95,12.62,586.01
CUST-7127,ORD-9386,2022-03-03,North America,Mid Value,2,474.09,948.18,429.88,12.2,506.09
CUST-7676,ORD-9387,2022-05-22,Africa,Low Value,2,107.43,214.87,96.77,42.81,75.29
CUST-3196,ORD-9388,2022-04-21,North America,High Value,5,229.36,1146.8,580.83,30.19,535.78
CUST-9166,ORD-9389,2023-09-08,Africa,Low Value,1,117.85,117.85,69.56,16.65,31.64
CUST-9846,ORD-9390,2023-06-11,Europe,Low Value,2,104.3,208.61,144.75,48.53,15.33
CUST-7050,ORD-9391,2023-11-02,Africa,Low Value,5,436.04,2180.18,1365.46,9.66,805.05
CUST-5650,ORD-9392,2022-06-06,Europe,High Value,1,145.74,145.74,68.16,61.46,16.13
CUST-9484,ORD-9393,2023-06-23,Africa,Mid Value,4,139.03,556.11,339.95,8.85,207.31
CUST-5526,ORD-9394,2023-08-20,Africa,Low Value,1,456.7,456.7,260.95,77.78,117.98
CUST-5412,ORD-9395,2022-01-09,Africa,High Value,2,205.3,410.6,250.07,60.17,100.35
CUST-6443,ORD-9396,2022-10-03,Africa,Low Value,4,24.18,96.74,58.6,72.29,-34.16
CUST-9787,ORD-9397,2022-08-15,Africa,Mid Value,4,366.17,1464.68,711.81,38.0,714.87
CUST-3593,ORD-9398,2022-07-05,North America,Low Value,1,268.17,268.17,182.32,9.36,76.49
CUST-7852,ORD-9399,2023-08-14,Europe,High Value,4,391.58,1566.33,922.0,22.21,622.13
CUST-7629,ORD-9400,2022-08-04,Europe,Low Value,1,293.74,293.74,183.64,77.83,32.26
CUST-4869,ORD-9401,2023-03-09,Africa,Low Value,1,188.61,188.61,103.13,51.42,34.07
CUST-8971,ORD-9402,2023-07-23,North America,Mid Value,1,51.95,51.95,24.97,22.09,4.89
CUST-8822,ORD-9403,2023-10-18,North America,Mid Value,5,435.65,2178.25,1356.47,41.21,780.57
CUST-3989,ORD-9404,2022-12-22,Asia,Mid Value,2,119.4,238.8,163.73,28.81,46.27
CUST-8062,ORD-9405,2023-01-27,Asia,Low Value,4,486.25,1944.99,1157.82,41.73,745.44
CUST-6340,ORD-9406,2023-08-02,North America,High Value,3,138.0,414.0,206.86,67.75,139.39
CUST-4823,ORD-9407,2022-10-02,Asia,Low Value,2,416.98,833.95,505.22,21.69,307.04
CUST-4932,ORD-9408,2023-05-09,Europe,Low Value,3,398.6,1195.8,666.34,34.93,494.53
CUST-9554,ORD-9409,2023-09-09,North America,Low Value,1,242.12,242.12,133.11,38.46,70.55
CUST-3429,ORD-9410,2023-03-27,Asia,Low Value,4,212.82,851.27,577.48,49.03,224.76
CUST-8444,ORD-9411,2023-02-24,North America,Mid Value,2,357.56,715.13,453.59,10.83,250.71
CUST-8147,ORD-9412,2023-12-01,Asia,Mid Value,3,273.71,821.12,473.94,20.53,326.65
CUST-8631,ORD-9413,2022-06-13,North America,Mid Value,3,323.34,970.02,537.76,34.84,397.43
CUST-4598,ORD-9414,2023-07-17,Africa,Mid Value,3,245.7,737.11,376.47,65.7,294.94
CUST-5329,ORD-9415,2023-09-30,Europe,High Value,2,287.43,574.87,308.05,19.01,247.8
CUST-7718,ORD-9416,2023-08-15,Asia,Low Value,5,110.79,553.96,324.15,71.11,158.69
CUST-9218,ORD-9417,2022-07-02,Africa,Low Value,1,46.59,46.59,21.53,30.44,-5.38
CUST-1092,ORD-9418,2022-11-06,North America,Low Value,4,190.84,763.37,411.75,24.04,327.59
CUST-9500,ORD-9419,2022-01-17,Africa,High Value,3,243.61,730.84,419.15,35.7,275.98
CUST-1051,ORD-9420,2023-03-22,Europe,High Value,2,454.89,909.79,547.76,46.53,315.5
CUST-1318,ORD-9421,2022-06-19,Asia,Mid Value,3,218.69,656.07,417.11,60.05,178.91
CUST-6688,ORD-9422,2022-10-07,Asia,Low Value,2,228.28,456.56,207.03,40.77,208.76
CUST-8018,ORD-9423,2022-12-06,North America,Low Value,5,343.92,1719.6,900.55,66.35,752.69
CUST-8210,ORD-9424,2023-12-27,Europe,High Value,3,119.26,357.77,184.34,66.41,107.03
CUST-4956,ORD-9425,2023-12-11,Africa,Low Value,3,438.39,1315.16,763.21,5.13,546.82
CUST-7057,ORD-9426,2023-06-03,North America,High Value,4,225.27,901.07,510.46,64.37,326.24
CUST-7875,ORD-9427,2022-01-11,Asia,Mid Value,2,466.78,933.56,438.75,38.21,456.6
CUST-5431,ORD-9428,2023-06-08,Africa,High Value,2,150.21,300.42,192.37,77.53,30.52
CUST-2525,ORD-9429,2023-09-14,North America,Low Value,5,243.48,1217.42,757.01,66.52,393.89
CUST-8043,ORD-9430,2022-05-13,Africa,High Value,3,393.52,1180.55,773.6,33.8,373.15
CUST-2278,ORD-9431,2023-10-02,Africa,High Value,4,286.84,1147.38,548.17,52.6,546.61
CUST-9705,ORD-9432,2022-05-28,North America,Mid Value,1,337.4,337.4,194.53,19.57,123.3
CUST-7125,ORD-9433,2023-07-20,Africa,Low Value,4,154.73,618.94,371.94,26.78,220.22
CUST-8874,ORD-9434,2022-03-20,Africa,Low Value,4,177.66,710.64,328.48,20.16,362.0
CUST-7900,ORD-9435,2022-12-12,Europe,Mid Value,4,263.65,1054.62,727.53,61.34,265.75
CUST-3500,ORD-9436,2023-09-01,Europe,High Value,4,117.19,468.76,304.04,5.62,159.1
CUST-4464,ORD-9437,2022-09-06,Asia,High Value,3,80.63,241.88,123.58,35.55,82.76
CUST-3259,ORD-9438,2023-10-01,Europe,Low Value,4,425.03,1700.1,1032.28,67.82,600.0
CUST-8496,ORD-9439,2023-06-26,North America,High Value,2,391.93,783.86,380.83,58.18,344.85
CUST-3659,ORD-9440,2022-01-24,Africa,Mid Value,2,467.39,934.77,624.71,36.63,273.43
CUST-1255,ORD-9441,2023-04-16,Asia,Low Value,4,301.54,1206.18,572.44,52.48,581.27
CUST-2502,ORD-9442,2022-07-20,Europe,High Value,2,221.73,443.45,299.79,37.38,106.28
CUST-5656,ORD-9443,2022-05-11,Africa,Mid Value,3,69.45,208.35,136.88,68.3,3.17
CUST-6430,ORD-9444,2023-09-26,North America,Mid Value,1,428.22,428.22,243.9,47.95,136.38
CUST-9598,ORD-9445,2022-12-22,Africa,Low Value,4,239.0,956.02,586.18,52.45,317.39
CUST-4176,ORD-9446,2022-05-30,North America,Low Value,2,289.34,578.69,295.97,79.15,203.57
CUST-2860,ORD-9447,2023-06-10,Africa,High Value,2,170.49,340.98,186.21,62.76,92.02
CUST-7158,ORD-9448,2022-10-31,Asia,High Value,3,271.46,814.38,410.74,26.45,377.19
CUST-6806,ORD-9449,2023-06-25,Asia,High Value,3,395.24,1185.72,689.98,62.97,432.77
CUST-5354,ORD-9450,2022-02-19,Europe,Mid Value,1,361.88,361.88,191.68,74.64,95.57
CUST-1722,ORD-9451,2023-04-09,Europe,Mid Value,5,494.68,2473.41,1330.42,27.13,1115.87
CUST-8579,ORD-9452,2022-08-28,Africa,High Value,5,257.91,1289.56,723.04,66.3,500.22
CUST-1613,ORD-9453,2023-04-27,Africa,Low Value,5,274.26,1371.28,916.22,22.84,432.23
CUST-4331,ORD-9454,2023-03-31,Europe,Mid Value,1,45.31,45.31,26.6,37.55,-18.85
CUST-6790,ORD-9455,2022-10-10,Europe,Mid Value,4,206.9,827.61,539.31,56.76,231.54
CUST-4116,ORD-9456,2022-12-01,Africa,High Value,5,462.61,2313.05,1531.56,23.26,758.23
CUST-1330,ORD-9457,2022-12-18,Africa,Low Value,5,188.23,941.14,481.26,19.05,440.84
CUST-3212,ORD-9458,2023-10-30,Africa,Mid Value,2,387.73,775.47,499.73,39.69,236.05
CUST-6493,ORD-9459,2023-10-11,Asia,Low Value,2,489.25,978.5,599.0,63.74,315.75
CUST-8232,ORD-9460,2022-11-23,North America,Mid Value,4,80.89,323.55,186.64,49.69,87.22
CUST-6614,ORD-9461,2022-12-02,North America,Low Value,3,180.32,540.95,255.42,57.59,227.94
CUST-6913,ORD-9462,2023-10-28,Europe,Low Value,1,247.7,247.7,146.91,56.7,44.1
CUST-6913,ORD-9463,2022-03-22,Asia,Mid Value,5,133.94,669.7,327.38,45.84,296.48
CUST-6611,ORD-9464,2022-03-28,Africa,Low Value,1,25.97,25.97,16.99,28.67,-19.69
CUST-1319,ORD-9465,2022-09-15,Africa,Mid Value,2,244.93,489.86,334.9,36.63,118.34
CUST-9085,ORD-9466,2022-07-04,Europe,Mid Value,1,277.58,277.58,158.09,33.55,85.94
CUST-5200,ORD-9467,2023-11-23,Europe,Low Value,2,320.21,640.42,358.72,10.93,270.77
CUST-5791,ORD-9468,2023-11-29,Asia,Mid Value,1,417.06,417.06,238.64,72.38,106.04
CUST-1329,ORD-9469,2022-05-03,North America,Low Value,2,141.46,282.92,132.07,53.14,97.72
CUST-9851,ORD-9470,2022-04-06,North America,Mid Value,1,49.3,49.3,25.1,69.29,-45.1
CUST-7742,ORD-9471,2023-08-28,Africa,Low Value,5,63.12,315.6,216.24,63.2,36.16
CUST-5916,ORD-9472,2023-05-30,Europe,Mid Value,5,258.76,1293.78,693.82,10.12,589.85
CUST-2793,ORD-9473,2023-03-19,Asia,Mid Value,4,462.67,1850.69,1106.42,21.22,723.05
CUST-7457,ORD-9474,2023-05-29,Africa,High Value,1,491.46,491.46,300.91,76.31,114.24
CUST-9125,ORD-9475,2023-01-06,North America,Mid Value,3,118.42,355.27,237.78,39.64,77.85
CUST-6703,ORD-9476,2022-11-01,North America,Mid Value,4,92.94,371.78,189.44,65.9,116.44
CUST-7170,ORD-9477,2022-12-23,Asia,Low Value,1,189.67,189.67,127.56,48.16,13.95
CUST-7644,ORD-9478,2022-05-28,Africa,Low Value,3,242.67,728.0,398.88,66.77,262.35
CUST-8420,ORD-9479,2022-10-12,Asia,Low Value,5,407.87,2039.36,1387.67,60.1,591.59
CUST-5155,ORD-9480,2023-10-19,Africa,Low Value,5,391.81,1959.06,1083.02,25.98,850.05
CUST-9411,ORD-9481,2022-09-19,North America,High Value,5,462.88,2314.4,1101.63,79.34,1133.43
CUST-3611,ORD-9482,2023-07-28,Europe,High Value,3,431.89,1295.67,599.93,41.79,653.94
CUST-6691,ORD-9483,2023-05-06,Europe,Low Value,2,230.62,461.24,319.1,48.87,93.27
CUST-3593,ORD-9484,2022-01-31,North America,Low Value,1,29.13,29.13,13.99,45.53,-30.39
CUST-1095,ORD-9485,2023-12-03,Europe,Low Value,4,133.56,534.25,312.7,71.39,150.17
CUST-7041,ORD-9486,2022-09-25,Europe,Low Value,4,312.83,1251.3,727.94,25.99,497.37
CUST-6063,ORD-9487,2022-01-12,Africa,Mid Value,5,260.72,1303.59,717.41,9.63,576.54
CUST-9437,ORD-9488,2022-07-10,Asia,Low Value,2,135.28,270.55,150.02,37.11,83.42
CUST-4349,ORD-9489,2023-02-04,Africa,Mid Value,1,83.17,83.17,47.32,73.87,-38.02
CUST-8644,ORD-9490,2023-06-21,Asia,Low Value,1,123.69,123.69,58.74,37.95,27.0
CUST-7560,ORD-9491,2022-04-01,Asia,High Value,4,144.68,578.71,374.85,25.82,178.05
CUST-6247,ORD-9492,2023-08-23,Europe,High Value,4,436.3,1745.2,949.85,51.39,743.96
CUST-6356,ORD-9493,2023-05-16,Asia,Low Value,4,360.93,1443.7,737.93,60.32,645.46
CUST-5077,ORD-9494,2022-10-28,Asia,High Value,1,285.12,285.12,150.99,39.71,94.42
CUST-5898,ORD-9495,2022-04-21,North America,High Value,4,30.05,120.21,72.48,33.5,14.22
CUST-2417,ORD-9496,2022-03-21,Asia,High Value,1,414.17,414.17,266.64,32.34,115.2
CUST-9846,ORD-9497,2023-10-14,North America,High Value,5,285.18,1425.91,696.35,36.6,692.96
CUST-1110,ORD-9498,2023-03-09,Africa,Mid Value,2,321.12,642.25,384.15,68.2,189.89
CUST-9281,ORD-9499,2023-02-21,Europe,Mid Value,4,51.51,206.04,114.48,41.19,50.37
CUST-9954,ORD-9500,2022-08-02,Asia,Mid Value,1,411.13,411.13,273.6,28.58,108.95
CUST-8391,ORD-9501,2023-03-23,North America,Mid Value,5,419.37,2096.87,1441.23,18.67,636.96
CUST-6132,ORD-9502,2022-01-18,Africa,Low Value,3,444.0,1332.01,825.36,26.2,480.45
CUST-3504,ORD-9503,2022-02-23,Africa,High Value,5,273.48,1367.41,816.96,39.7,510.75
CUST-9289,ORD-9504,2023-09-01,Africa,High Value,2,209.14,418.28,269.83,46.09,102.37
CUST-6239,ORD-9505,2022-08-28,North America,Low Value,5,55.06,275.31,158.02,51.61,65.68
CUST-1292,ORD-9506,2023-02-22,North America,Low Value,4,113.06,452.26,209.78,10.35,232.13
CUST-2734,ORD-9507,2023-05-01,Europe,Mid Value,4,128.27,513.09,320.82,50.99,141.28
CUST-6120,ORD-9508,2023-03-20,Asia,Mid Value,3,50.09,150.27,89.43,31.4,29.45
CUST-7393,ORD-9509,2023-07-20,Africa,High Value,1,94.1,94.1,45.91,24.27,23.92
CUST-3196,ORD-9510,2023-08-22,Europe,Low Value,5,445.67,2228.33,1121.39,29.83,1077.11
CUST-4466,ORD-9511,2022-05-03,North America,High Value,3,281.79,845.38,429.17,63.83,352.37
CUST-2906,ORD-9512,2023-02-24,Europe,Low Value,4,386.96,1547.82,979.93,65.25,502.65
CUST-2721,ORD-9513,2023-07-20,Africa,Mid Value,1,152.01,152.01,88.1,12.78,51.12
CUST-2816,ORD-9514,2022-08-04,Africa,High Value,1,84.61,84.61,39.09,42.1,3.42
CUST-9444,ORD-9515,2023-02-24,Europe,High Value,2,199.16,398.32,262.69,44.71,90.92
CUST-5227,ORD-9516,2023-12-10,Africa,Low Value,4,400.63,1602.53,979.53,7.27,615.73
CUST-6775,ORD-9517,2023-07-05,North America,High Value,1,162.72,162.72,103.05,58.78,0.89
CUST-4849,ORD-9518,2022-08-16,Africa,Mid Value,2,118.18,236.35,161.75,32.51,42.09
CUST-6228,ORD-9519,2022-08-25,Asia,High Value,2,30.75,61.5,31.68,36.35,-6.52
CUST-7849,ORD-9520,2023-10-06,Asia,Low Value,4,319.53,1278.1,763.54,50.74,463.82
CUST-2058,ORD-9521,2022-11-26,Africa,High Value,1,229.19,229.19,146.69,40.17,42.33
CUST-3322,ORD-9522,2023-04-14,Europe,Mid Value,1,144.2,144.2,83.38,61.1,-0.27
CUST-9378,ORD-9523,2023-11-11,Africa,Low Value,5,269.48,1347.41,770.07,49.69,527.65
CUST-1948,ORD-9524,2023-05-02,Asia,Low Value,1,356.3,356.3,243.06,21.95,91.29
CUST-9179,ORD-9525,2023-07-03,North America,Mid Value,2,138.78,277.57,141.81,70.29,65.47
CUST-5359,ORD-9526,2023-08-02,Asia,Low Value,3,312.21,936.63,574.36,21.18,341.08
CUST-6660,ORD-9527,2023-09-15,Africa,Low Value,4,144.87,579.49,401.34,58.51,119.64
CUST-8254,ORD-9528,2023-02-19,Africa,High Value,3,493.6,1480.79,747.8,64.42,668.58
CUST-9401,ORD-9529,2022-08-07,Europe,Low Value,1,371.55,371.55,210.15,56.62,104.78
CUST-3093,ORD-9530,2023-12-22,Africa,High Value,2,309.28,618.55,429.19,36.64,152.73
CUST-2563,ORD-9531,2023-01-16,Africa,Mid Value,3,102.72,308.16,141.43,70.85,95.88
CUST-9217,ORD-9532,2022-03-28,North America,Mid Value,4,301.47,1205.88,732.53,29.58,443.77
CUST-1174,ORD-9533,2023-04-06,North America,Mid Value,5,404.22,2021.09,1113.9,56.53,850.67
CUST-2334,ORD-9534,2023-02-15,North America,Mid Value,3,373.81,1121.43,720.83,70.82,329.78
CUST-1321,ORD-9535,2023-11-22,Europe,Low Value,5,393.45,1967.26,1044.24,16.66,906.36
CUST-6698,ORD-9536,2023-06-09,Europe,Low Value,1,172.54,172.54,93.73,53.95,24.87
CUST-6604,ORD-9537,2023-03-23,Asia,High Value,1,177.57,177.57,102.79,72.57,2.2
CUST-7742,ORD-9538,2022-10-27,Europe,High Value,4,278.66,1114.66,597.98,12.73,503.95
CUST-8436,ORD-9539,2023-02-12,North America,High Value,5,153.76,768.78,395.84,15.93,357.01
CUST-9524,ORD-9540,2023-09-29,Europe,Low Value,5,74.25,371.23,200.03,33.37,137.83
CUST-6674,ORD-9541,2023-01-10,Africa,High Value,4,241.34,965.35,653.53,79.57,232.25
CUST-6002,ORD-9542,2022-08-21,Europe,Low Value,3,20.92,62.77,33.62,21.8,7.35
CUST-1910,ORD-9543,2023-09-30,Africa,Mid Value,4,385.16,1540.66,1039.72,29.35,471.58
CUST-1949,ORD-9544,2023-10-12,Asia,Low Value,1,379.85,379.85,190.4,67.63,121.82
CUST-6425,ORD-9545,2022-02-18,Africa,Mid Value,5,284.92,1424.6,880.47,14.81,529.33
CUST-3514,ORD-9546,2022-07-05,North America,High Value,2,378.86,757.71,482.09,79.72,195.91
CUST-8701,ORD-9547,2022-07-24,Asia,Low Value,2,319.77,639.55,305.6,60.41,273.53
CUST-1100,ORD-9548,2022-03-19,Asia,High Value,1,354.78,354.78,207.9,76.94,69.94
CUST-5646,ORD-9549,2023-04-26,Asia,High Value,5,51.03,255.17,115.66,15.83,123.68
CUST-7945,ORD-9550,2023-01-21,North America,Mid Value,5,443.01,2215.04,1510.78,22.43,681.82
CUST-3400,ORD-9551,2022-07-13,Africa,High Value,4,329.09,1316.35,764.88,32.81,518.66
CUST-6801,ORD-9552,2022-04-13,Asia,Low Value,3,313.1,939.31,431.32,8.83,499.16
CUST-3343,ORD-9553,2023-09-09,North America,High Value,4,205.88,823.5,511.24,9.55,302.72
CUST-1352,ORD-9554,2023-01-11,Asia,Mid Value,2,33.5,67.01,44.99,72.79,-50.77
CUST-3955,ORD-9555,2022-10-14,Asia,Mid Value,5,452.7,2263.51,1435.92,8.21,819.38
CUST-2018,ORD-9556,2023-04-27,North America,High Value,3,493.12,1479.36,715.17,61.25,702.94
CUST-2179,ORD-9557,2023-12-24,Europe,Mid Value,4,407.74,1630.95,954.06,58.82,618.07
CUST-6193,ORD-9558,2022-09-07,Asia,High Value,3,459.22,1377.66,872.43,10.46,494.76
CUST-4536,ORD-9559,2022-07-20,Europe,Mid Value,2,78.06,156.12,101.5,19.07,35.55
CUST-3502,ORD-9560,2023-06-20,Asia,High Value,3,81.76,245.29,111.36,39.11,94.82
CUST-4819,ORD-9561,2023-04-06,Europe,High Value,5,442.21,2211.05,1151.82,53.12,1006.12
CUST-7855,ORD-9562,2022-10-27,Africa,Low Value,3,47.6,142.81,95.85,72.19,-25.23
CUST-1979,ORD-9563,2023-04-23,Europe,Low Value,3,64.74,194.21,99.94,44.51,49.76
CUST-1976,ORD-9564,2022-03-24,Europe,High Value,4,412.09,1648.35,936.48,75.23,636.64
CUST-3280,ORD-9565,2023-04-03,Europe,Low Value,3,287.35,862.04,538.06,19.27,304.72
CUST-6897,ORD-9566,2023-11-22,Europe,Low Value,3,208.03,624.09,434.61,51.71,137.76
CUST-1107,ORD-9567,2022-10-25,Africa,Mid Value,2,285.66,571.31,317.91,68.35,185.05
CUST-2626,ORD-9568,2022-12-30,North America,Low Value,3,441.8,1325.4,763.32,22.5,539.58
CUST-9895,ORD-9569,2023-12-19,Europe,Mid Value,4,383.42,1533.69,904.35,64.14,565.2
CUST-7229,ORD-9570,2022-02-09,North America,Low Value,4,351.97,1407.89,715.97,35.02,656.9
CUST-7877,ORD-9571,2023-09-17,Asia,Low Value,5,488.91,2444.53,1325.35,79.97,1039.21
CUST-1874,ORD-9572,2022-12-06,North America,High Value,2,270.23,540.45,301.91,11.87,226.68
CUST-6543,ORD-9573,2023-05-31,Europe,Low Value,1,23.04,23.04,10.48,46.5,-33.94
CUST-4809,ORD-9574,2022-04-18,North America,High Value,5,225.94,1129.68,510.51,63.73,555.45
CUST-3107,ORD-9575,2022-11-12,Africa,High Value,3,66.35,199.06,100.74,55.71,42.61
CUST-1559,ORD-9576,2022-04-24,Africa,High Value,2,75.9,151.8,87.75,42.92,21.13
CUST-9308,ORD-9577,2022-06-16,Europe,High Value,5,142.35,711.76,490.35,43.48,177.93
CUST-5969,ORD-9578,2022-09-18,North America,Low Value,4,203.06,812.23,562.99,35.41,213.82
CUST-4046,ORD-9579,2023-09-10,Asia,High Value,2,251.17,502.34,307.33,30.67,164.34
CUST-1043,ORD-9580,2022-08-12,Africa,Low Value,2,101.51,203.03,133.34,49.52,20.16
CUST-1508,ORD-9581,2022-09-19,Europe,Low Value,3,169.63,508.88,343.58,61.13,104.17
CUST-7107,ORD-9582,2022-09-08,Africa,Mid Value,2,152.74,305.48,201.55,25.95,77.98
CUST-4439,ORD-9583,2023-06-10,Europe,Mid Value,2,195.32,390.64,228.89,76.0,85.76
CUST-4928,ORD-9584,2023-12-11,North America,Mid Value,1,71.84,71.84,44.97,32.36,-5.5
CUST-6411,ORD-9585,2022-05-06,North America,High Value,3,210.72,632.17,285.05,37.55,309.57
CUST-1916,ORD-9586,2022-07-25,North America,Low Value,2,286.09,572.18,350.18,35.84,186.16
CUST-1798,ORD-9587,2022-05-20,North America,Low Value,2,66.54,133.07,74.05,13.35,45.67
CUST-5971,ORD-9588,2022-03-03,North America,High Value,1,269.97,269.97,165.0,13.69,91.28
CUST-2760,ORD-9589,2022-10-10,Europe,Mid Value,1,382.84,382.84,238.74,64.65,79.45
CUST-4275,ORD-9590,2022-02-23,Africa,Mid Value,4,23.96,95.82,45.46,33.6,16.76
CUST-1818,ORD-9591,2022-12-12,Asia,Low Value,3,42.81,128.44,85.88,21.2,21.36
CUST-6040,ORD-9592,2023-06-08,Africa,Low Value,1,243.91,243.91,120.47,58.08,65.36
CUST-4065,ORD-9593,2022-05-16,North America,Low Value,2,438.93,877.87,397.34,76.98,403.55
CUST-4259,ORD-9594,2022-11-26,Africa,Mid Value,1,498.94,498.94,278.12,75.26,145.56
CUST-1906,ORD-9595,2022-05-24,Africa,Low Value,5,64.83,324.15,153.13,59.26,111.76
CUST-1602,ORD-9596,2023-03-12,Europe,Mid Value,4,28.8,115.22,79.38,19.37,16.46
CUST-5295,ORD-9597,2022-10-09,Asia,Mid Value,4,129.81,519.24,270.5,16.56,232.18
CUST-4527,ORD-9598,2022-05-16,Asia,Mid Value,3,244.39,733.16,370.9,70.33,291.93
CUST-5543,ORD-9599,2023-05-04,North America,High Value,4,294.46,1177.85,607.18,77.21,493.46
CUST-2811,ORD-9600,2023-12-22,Europe,High Value,3,487.27,1461.82,761.37,51.67,648.77
CUST-8963,ORD-9601,2023-02-05,Europe,Low Value,5,446.46,2232.31,1039.46,72.59,1120.26
CUST-6249,ORD-9602,2023-03-25,Europe,Mid Value,2,289.81,579.61,339.08,66.12,174.42
CUST-5615,ORD-9603,2023-09-27,Europe,Low Value,5,193.62,968.11,440.01,16.55,511.55
CUST-9916,ORD-9604,2023-09-20,Europe,Mid Value,3,174.22,522.67,332.78,21.72,168.17
CUST-7766,ORD-9605,2023-10-31,Asia,Low Value,3,294.86,884.58,567.84,10.08,306.66
CUST-1802,ORD-9606,2022-09-27,Asia,Low Value,3,366.25,1098.75,604.23,40.55,453.97
CUST-3582,ORD-9607,2022-01-17,Africa,High Value,2,251.2,502.4,348.01,29.3,125.09
CUST-7445,ORD-9608,2022-09-26,Asia,High Value,3,166.11,498.33,321.65,36.95,139.73
CUST-4837,ORD-9609,2023-04-27,Europe,High Value,5,314.32,1571.6,755.57,5.65,810.38
CUST-9718,ORD-9610,2022-08-07,Africa,High Value,2,287.81,575.62,400.04,59.09,116.49
CUST-2665,ORD-9611,2022-11-15,Asia,Mid Value,5,225.14,1125.68,744.39,20.04,361.25
CUST-9651,ORD-9612,2022-08-26,Africa,Low Value,2,379.21,758.42,474.77,32.62,251.03
CUST-7975,ORD-9613,2023-06-29,Asia,Low Value,3,155.47,466.4,286.07,35.18,145.15
CUST-3552,ORD-9614,2022-10-12,North America,Mid Value,2,252.76,505.53,303.92,9.97,191.64
CUST-8475,ORD-9615,2022-02-06,Asia,Mid Value,1,471.36,471.36,328.8,32.41,110.15
CUST-3808,ORD-9616,2022-04-13,Africa,Low Value,5,366.96,1834.79,1045.14,72.49,717.16
CUST-6633,ORD-9617,2023-12-24,North America,High Value,1,206.23,206.23,101.35,71.99,32.88
CUST-7096,ORD-9618,2023-03-06,Europe,High Value,1,282.17,282.17,147.75,6.84,127.58
CUST-9823,ORD-9619,2023-10-16,Africa,High Value,3,214.63,643.89,350.15,7.23,286.51
CUST-3456,ORD-9620,2022-08-27,Europe,Mid Value,3,74.02,222.07,117.5,49.55,55.02
CUST-6423,ORD-9621,2023-10-07,Europe,Low Value,1,180.77,180.77,82.72,20.36,77.69
CUST-5317,ORD-9622,2022-05-05,Africa,Mid Value,2,433.01,866.03,405.67,72.39,387.96
CUST-2556,ORD-9623,2023-07-19,Europe,Low Value,3,241.38,724.13,326.75,41.21,356.17
CUST-3205,ORD-9624,2023-08-23,Africa,High Value,5,300.63,1503.13,931.61,29.43,542.09
CUST-4955,ORD-9625,2023-09-02,Africa,High Value,1,107.09,107.09,65.98,76.5,-35.39
CUST-7805,ORD-9626,2023-08-30,Asia,High Value,5,190.99,954.96,445.99,28.84,480.12
CUST-1404,ORD-9627,2022-07-07,North America,Low Value,5,466.02,2330.09,1232.14,29.06,1068.89
CUST-2620,ORD-9628,2022-09-13,Europe,High Value,5,170.84,854.19,444.82,14.98,394.39
CUST-3952,ORD-9629,2023-08-08,Europe,Low Value,1,140.27,140.27,79.03,21.67,39.57
CUST-9080,ORD-9630,2023-06-14,North America,Mid Value,4,46.83,187.33,101.1,62.04,24.19
CUST-4118,ORD-9631,2023-11-07,North America,High Value,3,66.67,200.01,131.03,61.98,7.0
CUST-8380,ORD-9632,2023-01-27,North America,Mid Value,5,300.7,1503.49,1008.35,33.99,461.15
CUST-7630,ORD-9633,2023-10-20,North America,Mid Value,1,336.82,336.82,168.92,31.2,136.7
CUST-1565,ORD-9634,2023-04-13,North America,Low Value,4,327.96,1311.83,630.01,36.38,645.45
CUST-5799,ORD-9635,2022-09-10,Asia,Mid Value,1,279.12,279.12,184.17,27.56,67.39
CUST-8670,ORD-9636,2023-11-03,Africa,Low Value,3,255.67,767.0,441.31,50.58,275.1
CUST-3868,ORD-9637,2023-07-15,North America,Low Value,1,54.63,54.63,29.01,67.74,-42.13
CUST-9776,ORD-9638,2022-06-25,Asia,Mid Value,2,423.53,847.07,392.06,5.7,449.3
CUST-5327,ORD-9639,2023-04-11,North America,Low Value,2,266.28,532.56,320.35,75.2,137.01
CUST-7413,ORD-9640,2023-07-31,North America,Low Value,5,83.32,416.6,209.1,13.85,193.65
CUST-8614,ORD-9641,2022-10-16,Europe,Low Value,1,85.21,85.21,39.15,72.48,-26.42
CUST-2245,ORD-9642,2022-02-19,Europe,Mid Value,1,266.22,266.22,149.4,22.52,94.3
CUST-9243,ORD-9643,2022-01-04,Europe,Low Value,5,137.4,686.98,411.7,73.78,201.51
CUST-1537,ORD-9644,2023-09-23,Europe,High Value,5,462.54,2312.72,1139.81,64.05,1108.86
CUST-1540,ORD-9645,2023-05-15,Africa,Mid Value,4,259.5,1037.98,636.14,25.19,376.65
CUST-1814,ORD-9646,2023-11-07,Africa,Mid Value,1,489.64,489.64,243.46,7.12,239.06
CUST-2415,ORD-9647,2022-08-11,Europe,Low Value,3,372.4,1117.19,508.53,58.69,549.97
CUST-2652,ORD-9648,2023-10-30,Europe,Mid Value,3,409.14,1227.41,598.03,66.63,562.74
CUST-5062,ORD-9649,2022-09-19,North America,High Value,3,206.66,619.99,369.98,55.98,194.03
CUST-3356,ORD-9650,2023-11-16,North America,Mid Value,5,84.33,421.65,256.71,33.62,131.31
CUST-4810,ORD-9651,2023-06-19,Europe,Mid Value,5,351.05,1755.27,1169.36,14.55,571.36
CUST-1185,ORD-9652,2023-01-11,Europe,Mid Value,5,215.39,1076.97,501.44,31.03,544.51
CUST-2551,ORD-9653,2022-03-02,Europe,Low Value,3,475.46,1426.39,981.7,25.14,419.55
CUST-8013,ORD-9654,2022-12-22,North America,High Value,4,112.94,451.77,262.25,59.23,130.3
CUST-1761,ORD-9655,2023-10-08,Europe,High Value,2,320.72,641.44,328.03,16.95,296.46
CUST-7163,ORD-9656,2022-01-24,Europe,High Value,1,435.71,435.71,235.87,66.47,133.37
CUST-8635,ORD-9657,2022-10-20,Africa,Mid Value,2,213.36,426.72,197.96,50.9,177.86
CUST-4281,ORD-9658,2023-07-11,Africa,High Value,1,477.76,477.76,228.14,41.19,208.43
CUST-2536,ORD-9659,2023-11-22,North America,Low Value,5,56.78,283.88,190.37,32.02,61.49
CUST-7201,ORD-9660,2022-12-22,Africa,Mid Value,3,301.72,905.17,431.29,43.06,430.82
CUST-4164,ORD-9661,2023-07-29,North America,Low Value,2,393.15,786.29,364.81,45.51,375.97
CUST-3770,ORD-9662,2022-01-29,Asia,Mid Value,5,116.87,584.34,350.35,22.77,211.21
CUST-8399,ORD-9663,2022-12-23,Europe,Low Value,1,47.77,47.77,26.07,79.16,-57.45
CUST-4845,ORD-9664,2022-12-31,North America,Mid Value,2,58.35,116.7,64.36,73.22,-20.87
CUST-4435,ORD-9665,2023-08-31,Africa,Low Value,2,173.23,346.46,166.32,34.31,145.83
CUST-5710,ORD-9666,2023-02-13,Asia,High Value,2,127.12,254.24,117.22,24.05,112.98
CUST-1561,ORD-9667,2022-09-23,Africa,Mid Value,2,127.47,254.93,169.9,28.03,57.01
CUST-5717,ORD-9668,2022-10-18,North America,Mid Value,2,240.09,480.18,262.84,78.51,138.82
CUST-8623,ORD-9669,2023-07-21,Asia,Low Value,5,60.77,303.84,145.09,35.53,123.22
CUST-8187,ORD-9670,2022-06-02,Africa,Low Value,1,497.84,497.84,248.95,73.39,175.49
CUST-3180,ORD-9671,2022-08-07,Asia,Low Value,1,353.99,353.99,168.4,9.43,176.16
CUST-2960,ORD-9672,2022-06-22,Europe,Mid Value,4,34.54,138.16,78.69,63.26,-3.78
CUST-4879,ORD-9673,2023-08-31,Europe,Low Value,3,352.11,1056.34,687.55,62.16,306.63
CUST-6153,ORD-9674,2023-09-27,Asia,High Value,2,400.08,800.15,438.78,53.82,307.55
CUST-8035,ORD-9675,2022-01-12,Africa,Low Value,1,111.57,111.57,67.49,14.08,29.99
CUST-4270,ORD-9676,2023-05-31,Africa,Low Value,3,423.33,1270.0,785.95,78.6,405.44
CUST-5687,ORD-9677,2022-12-28,Africa,Low Value,3,313.65,940.94,590.93,20.96,329.05
CUST-1582,ORD-9678,2023-08-02,Europe,High Value,5,414.01,2070.05,1244.89,58.23,766.93
CUST-1288,ORD-9679,2023-10-19,North America,Low Value,2,364.01,728.03,428.46,61.36,238.21
CUST-6664,ORD-9680,2023-04-22,North America,Low Value,4,358.22,1432.89,816.17,61.99,554.73
CUST-8979,ORD-9681,2023-07-31,Asia,Mid Value,3,95.96,287.87,163.62,66.95,57.29
CUST-4859,ORD-9682,2022-03-23,Africa,Mid Value,5,171.58,857.91,457.47,79.18,321.26
CUST-4060,ORD-9683,2023-09-09,Asia,Low Value,2,271.16,542.32,312.45,12.2,217.67
CUST-2183,ORD-9684,2023-11-24,North America,Mid Value,1,74.02,74.02,42.18,40.41,-8.57
CUST-5335,ORD-9685,2022-12-06,North America,Low Value,4,249.68,998.71,529.17,78.11,391.42
CUST-2446,ORD-9686,2023-03-17,Africa,Low Value,2,233.75,467.51,245.58,71.16,150.78
CUST-7679,ORD-9687,2023-09-09,Asia,High Value,5,131.32,656.62,368.7,79.3,208.62
CUST-7213,ORD-9688,2022-08-14,Africa,Low Value,5,115.86,579.32,377.0,48.68,153.64
CUST-2903,ORD-9689,2023-01-06,North America,Mid Value,5,138.74,693.7,355.12,55.46,283.11
CUST-8894,ORD-9690,2022-01-28,North America,Mid Value,5,310.45,1552.26,1026.58,24.79,500.89
CUST-3377,ORD-9691,2022-01-16,Africa,Mid Value,5,219.18,1095.89,691.49,39.37,365.02
CUST-1847,ORD-9692,2022-10-04,Asia,Mid Value,4,218.7,874.8,450.94,6.57,417.29
CUST-8370,ORD-9693,2022-11-29,Europe,Low Value,3,107.23,321.7,145.88,58.98,116.84
CUST-7341,ORD-9694,2023-04-28,Africa,High Value,3,397.94,1193.81,560.14,74.44,559.23
CUST-2239,ORD-9695,2023-07-20,North America,High Value,1,356.18,356.18,238.9,13.41,103.87
CUST-6600,ORD-9696,2022-10-15,Europe,Low Value,3,225.96,677.87,441.79,39.08,197.0
CUST-5791,ORD-9697,2022-04-24,Africa,Mid Value,5,88.26,441.28,240.45,51.74,149.09
CUST-3365,ORD-9698,2022-02-07,Europe,High Value,3,363.06,1089.17,506.93,52.41,529.83
CUST-6055,ORD-9699,2023-03-30,Africa,High Value,3,451.45,1354.34,884.09,27.99,442.26
CUST-6622,ORD-9700,2022-06-15,North America,Low Value,5,105.57,527.83,271.2,6.48,250.14
CUST-1372,ORD-9701,2023-11-25,Africa,Mid Value,4,309.28,1237.11,851.48,71.59,314.05
CUST-8783,ORD-9702,2022-07-24,Europe,High Value,5,223.67,1118.34,649.45,11.88,457.01
CUST-2949,ORD-9703,2022-09-02,Asia,Low Value,3,62.07,186.22,117.09,18.33,50.8
CUST-1244,ORD-9704,2022-11-29,North America,High Value,3,368.4,1105.19,624.94,77.21,403.05
CUST-8795,ORD-9705,2023-01-31,North America,High Value,1,54.15,54.15,24.74,42.53,-13.12
CUST-6772,ORD-9706,2023-05-22,Europe,Mid Value,5,357.07,1785.36,831.61,70.55,883.2
CUST-1124,ORD-9707,2022-05-01,Africa,Mid Value,1,154.95,154.95,107.54,72.27,-24.85
CUST-2919,ORD-9708,2022-09-16,Africa,High Value,1,291.52,291.52,161.23,79.21,51.08
CUST-1530,ORD-9709,2023-12-23,Africa,Mid Value,2,97.02,194.04,96.2,8.05,89.78
CUST-8849,ORD-9710,2023-02-14,North America,High Value,1,198.03,198.03,124.77,8.98,64.28
CUST-7929,ORD-9711,2022-11-06,North America,High Value,3,69.96,209.89,140.74,19.3,49.84
CUST-5349,ORD-9712,2023-12-07,Europe,High Value,3,244.31,732.92,378.73,54.23,299.96
CUST-5756,ORD-9713,2022-03-09,Africa,Low Value,2,122.38,244.76,145.09,24.65,75.02
CUST-2801,ORD-9714,2022-04-24,Africa,Mid Value,2,110.21,220.41,112.71,42.17,65.53
CUST-6156,ORD-9715,2022-08-08,Europe,Mid Value,5,71.43,357.17,234.17,63.98,59.02
CUST-8856,ORD-9716,2022-08-08,North America,High Value,2,387.41,774.82,365.48,18.93,390.4
CUST-6461,ORD-9717,2023-04-18,North America,Mid Value,4,326.97,1307.88,710.35,26.44,571.09
CUST-6302,ORD-9718,2023-12-31,Asia,High Value,3,95.31,285.94,155.83,59.56,70.55
CUST-8432,ORD-9719,2023-01-21,Asia,Mid Value,3,246.77,740.3,451.01,5.58,283.71
CUST-7189,ORD-9720,2022-10-25,Africa,Mid Value,2,337.22,674.45,333.55,61.8,279.1
CUST-2142,ORD-9721,2023-08-29,North America,High Value,2,441.47,882.95,502.18,55.72,325.05
CUST-8076,ORD-9722,2022-09-10,Africa,Mid Value,3,48.59,145.78,85.72,14.72,45.34
CUST-8614,ORD-9723,2023-02-09,North America,High Value,2,193.93,387.86,260.92,23.29,103.65
CUST-5840,ORD-9724,2023-05-07,Asia,Low Value,5,315.66,1578.29,918.03,6.16,654.1
CUST-2629,ORD-9725,2022-12-23,Europe,High Value,2,27.5,54.99,26.56,48.61,-20.17
CUST-6062,ORD-9726,2023-03-04,North America,Mid Value,2,136.89,273.79,130.14,34.78,108.86
CUST-1762,ORD-9727,2022-08-03,Asia,Low Value,5,377.55,1887.76,1285.63,36.76,565.37
CUST-7905,ORD-9728,2023-01-15,Asia,Low Value,5,190.75,953.77,662.79,12.74,278.24
CUST-5889,ORD-9729,2022-08-02,North America,High Value,5,60.56,302.79,148.9,31.42,122.47
CUST-5839,ORD-9730,2022-04-08,Africa,Low Value,3,320.77,962.3,613.79,73.92,274.58
CUST-4957,ORD-9731,2023-06-12,North America,High Value,2,140.03,280.05,143.58,9.86,126.62
CUST-1557,ORD-9732,2023-10-28,Asia,Mid Value,5,356.79,1783.97,1174.26,78.12,531.59
CUST-5621,ORD-9733,2023-06-12,North America,High Value,5,452.08,2260.42,1071.78,68.6,1120.04
CUST-1839,ORD-9734,2023-12-11,Europe,Low Value,3,273.37,820.12,458.68,20.22,341.22
CUST-9194,ORD-9735,2023-09-12,Africa,High Value,4,307.59,1230.36,737.01,57.91,435.44
CUST-9348,ORD-9736,2023-06-19,North America,High Value,2,266.91,533.83,354.0,11.82,168.01
CUST-7998,ORD-9737,2023-07-08,Asia,Mid Value,4,412.37,1649.49,1095.56,16.97,536.95
CUST-1510,ORD-9738,2023-07-03,Asia,High Value,4,136.02,544.09,269.91,41.6,232.59
CUST-2137,ORD-9739,2022-11-24,Africa,Mid Value,5,212.74,1063.71,735.85,35.03,292.82
CUST-6606,ORD-9740,2022-06-14,North America,Low Value,3,449.62,1348.85,822.31,66.13,460.41
CUST-5666,ORD-9741,2022-04-26,Asia,Low Value,2,367.35,734.7,451.62,75.44,207.64
CUST-9906,ORD-9742,2022-05-30,Africa,High Value,2,173.64,347.28,233.46,75.71,38.11
CUST-6434,ORD-9743,2023-06-02,Europe,High Value,2,419.66,839.33,444.91,16.03,378.4
CUST-7446,ORD-9744,2022-02-01,Africa,Low Value,4,134.64,538.54,298.25,56.47,183.83
CUST-3654,ORD-9745,2023-10-19,North America,Low Value,1,324.41,324.41,225.87,47.81,50.73
CUST-1990,ORD-9746,2022-10-20,North America,Low Value,3,479.1,1437.3,652.73,32.77,751.8
CUST-8820,ORD-9747,2023-11-20,Asia,High Value,1,295.86,295.86,197.28,79.61,18.97
CUST-3160,ORD-9748,2022-06-26,Europe,Low Value,4,403.74,1614.98,1066.9,39.2,508.88
CUST-6740,ORD-9749,2022-03-02,North America,High Value,5,373.01,1865.03,961.62,54.9,848.52
CUST-5457,ORD-9750,2023-08-12,Asia,Low Value,1,435.55,435.55,285.47,42.71,107.37
CUST-3063,ORD-9751,2023-02-20,Africa,Low Value,1,485.01,485.01,258.3,12.72,213.99
CUST-2977,ORD-9752,2023-01-18,Africa,High Value,3,30.71,92.14,55.95,15.58,20.6
CUST-9567,ORD-9753,2023-08-21,North America,Mid Value,4,33.38,133.51,75.0,61.26,-2.75
CUST-9933,ORD-9754,2023-12-04,Europe,High Value,3,305.32,915.97,435.39,65.13,415.45
CUST-3667,ORD-9755,2022-01-07,Asia,Mid Value,5,478.04,2390.19,1610.6,32.29,747.3
CUST-5919,ORD-9756,2022-03-26,North America,High Value,2,253.13,506.26,296.83,10.02,199.41
CUST-9609,ORD-9757,2023-02-02,Asia,Mid Value,4,423.09,1692.38,965.42,76.78,650.18
CUST-8642,ORD-9758,2023-01-28,Africa,Mid Value,5,388.6,1942.98,1301.55,42.28,599.15
CUST-9798,ORD-9759,2022-02-16,Asia,Mid Value,5,259.16,1295.81,689.38,15.06,591.37
CUST-9759,ORD-9760,2022-12-07,Africa,High Value,1,266.32,266.32,157.82,19.88,88.62
CUST-1543,ORD-9761,2023-05-13,Europe,High Value,3,229.3,687.89,461.28,8.4,218.21
CUST-1883,ORD-9762,2023-08-29,Europe,High Value,1,141.06,141.06,75.57,58.24,7.25
CUST-5798,ORD-9763,2023-04-23,Africa,Mid Value,1,432.18,432.18,280.22,57.81,94.16
CUST-9040,ORD-9764,2023-03-02,North America,Mid Value,2,120.59,241.19,139.55,50.19,51.45
CUST-6718,ORD-9765,2023-03-02,Africa,High Value,3,455.32,1365.97,668.56,45.97,651.43
CUST-3068,ORD-9766,2023-05-30,Asia,High Value,2,192.67,385.34,177.31,33.61,174.41
CUST-8478,ORD-9767,2022-05-09,Asia,Low Value,5,32.72,163.59,103.34,76.3,-16.04
CUST-9120,ORD-9768,2022-09-06,Asia,Low Value,2,100.82,201.64,103.94,65.04,32.66
CUST-8820,ORD-9769,2022-05-11,North America,Low Value,5,446.16,2230.78,1458.78,73.07,698.93
CUST-2786,ORD-9770,2023-11-20,Europe,Low Value,1,81.65,81.65,40.6,28.37,12.68
CUST-6715,ORD-9771,2022-11-19,Europe,Low Value,2,374.61,749.22,443.51,78.37,227.34
CUST-9269,ORD-9772,2023-06-27,Asia,High Value,3,107.75,323.25,153.02,17.4,152.83
CUST-2308,ORD-9773,2022-03-07,North America,Mid Value,2,259.49,518.98,329.0,9.22,180.75
CUST-9839,ORD-9774,2023-12-19,Asia,Mid Value,5,118.5,592.5,380.04,28.99,183.47
CUST-9744,ORD-9775,2022-04-11,Europe,High Value,4,179.92,719.68,488.76,20.1,210.82
CUST-9473,ORD-9776,2022-01-31,Africa,High Value,3,79.91,239.74,141.53,43.81,54.4
CUST-5861,ORD-9777,2022-07-10,Asia,High Value,5,286.88,1434.41,683.65,31.26,719.49
CUST-3776,ORD-9778,2023-08-01,Asia,Low Value,4,195.6,782.38,513.98,17.88,250.52
CUST-2596,ORD-9779,2023-02-19,Asia,Low Value,3,195.43,586.3,309.84,68.32,208.14
CUST-1479,ORD-9780,2023-12-15,Europe,Low Value,4,38.52,154.06,103.98,43.1,6.99
CUST-4312,ORD-9781,2023-05-15,North America,High Value,1,85.34,85.34,59.27,13.21,12.86
CUST-7156,ORD-9782,2023-08-18,Africa,High Value,1,359.61,359.61,173.74,10.65,175.23
CUST-8919,ORD-9783,2022-02-15,Africa,Mid Value,2,160.31,320.63,150.93,33.74,135.96
CUST-7744,ORD-9784,2022-03-30,Africa,High Value,2,232.19,464.39,313.18,73.1,78.11
CUST-4898,ORD-9785,2023-11-29,Asia,Low Value,2,386.27,772.55,521.25,43.1,208.19
CUST-3072,ORD-9786,2023-01-10,Europe,Mid Value,2,233.48,466.97,278.45,15.44,173.08
CUST-6624,ORD-9787,2023-12-02,Africa,High Value,4,128.29,513.17,344.87,23.5,144.81
CUST-1938,ORD-9788,2022-09-03,Asia,Mid Value,3,283.92,851.75,581.43,8.71,261.61
CUST-9176,ORD-9789,2023-07-12,North America,Mid Value,3,404.58,1213.74,714.71,67.39,431.64
CUST-1761,ORD-9790,2022-09-14,Asia,High Value,2,307.83,615.66,382.71,75.95,156.99
CUST-8254,ORD-9791,2022-12-18,Africa,Low Value,1,221.69,221.69,133.76,10.84,77.09
CUST-2669,ORD-9792,2023-07-27,Africa,Low Value,5,80.3,401.5,198.2,17.97,185.33
CUST-8128,ORD-9793,2022-04-15,North America,Mid Value,2,139.38,278.76,155.85,17.83,105.09
CUST-4862,ORD-9794,2022-12-03,Europe,High Value,2,474.14,948.27,588.26,65.28,294.74
CUST-3685,ORD-9795,2023-06-10,North America,High Value,1,390.47,390.47,235.28,67.95,87.24
CUST-7634,ORD-9796,2022-10-28,North America,Low Value,5,62.03,310.17,156.26,36.45,117.47
CUST-2931,ORD-9797,2022-03-18,Africa,High Value,4,22.65,90.59,61.37,77.7,-48.48
CUST-8308,ORD-9798,2023-05-26,Africa,High Value,4,104.2,416.81,269.26,24.46,123.08
CUST-4939,ORD-9799,2022-08-18,Europe,Mid Value,5,473.07,2365.34,1104.88,44.38,1216.07
CUST-2126,ORD-9800,2023-11-10,Africa,High Value,5,298.42,1492.09,799.79,79.72,612.58
CUST-7021,ORD-9801,2023-08-01,North America,High Value,4,422.56,1690.23,1181.27,67.03,441.92
CUST-7437,ORD-9802,2022-02-01,North America,High Value,2,243.31,486.62,266.4,41.54,178.68
CUST-8039,ORD-9803,2023-08-31,Europe,Low Value,2,416.79,833.57,513.36,13.14,307.07
CUST-6373,ORD-9804,2022-02-27,Africa,Low Value,1,36.28,36.28,17.24,72.83,-53.79
CUST-2203,ORD-9805,2022-04-14,Africa,Mid Value,5,224.87,1124.37,593.36,45.66,485.34
CUST-5135,ORD-9806,2022-11-08,North America,Low Value,2,201.25,402.49,269.88,28.13,104.49
CUST-9711,ORD-9807,2023-10-08,North America,Low Value,2,491.14,982.28,567.4,38.84,376.04
CUST-8904,ORD-9808,2023-12-30,Africa,Low Value,1,164.23,164.23,107.78,28.32,28.13
CUST-3283,ORD-9809,2022-03-08,Asia,Low Value,5,220.12,1100.6,497.38,46.33,556.89
CUST-5558,ORD-9810,2023-11-21,North America,Mid Value,1,384.22,384.22,236.89,25.47,121.87
CUST-6347,ORD-9811,2023-01-09,North America,High Value,1,442.74,442.74,232.43,38.45,171.86
CUST-8867,ORD-9812,2022-08-23,North America,High Value,4,441.63,1766.51,1175.07,36.97,554.47
CUST-6944,ORD-9813,2023-10-05,Europe,High Value,1,209.37,209.37,143.63,51.21,14.53
CUST-9674,ORD-9814,2022-04-22,Africa,Mid Value,5,475.31,2376.53,1477.98,6.06,892.49
CUST-3477,ORD-9815,2023-01-24,Africa,Low Value,2,333.68,667.37,324.69,49.91,292.77
CUST-4093,ORD-9816,2023-02-12,Africa,Mid Value,2,428.55,857.09,485.99,49.48,321.61
CUST-9534,ORD-9817,2022-02-23,North America,Mid Value,4,464.61,1858.45,1052.11,34.42,771.92
CUST-8207,ORD-9818,2022-08-27,Africa,Mid Value,5,132.13,660.64,434.42,23.52,202.7
CUST-7227,ORD-9819,2022-10-22,Africa,High Value,2,259.62,519.23,293.45,67.94,157.84
CUST-4535,ORD-9820,2022-04-22,Africa,Low Value,1,302.14,302.14,161.09,30.86,110.19
CUST-8004,ORD-9821,2022-03-29,Europe,High Value,3,405.17,1215.51,732.76,28.38,454.37
CUST-3913,ORD-9822,2023-04-21,Europe,Mid Value,3,212.56,637.68,390.11,39.74,207.83
CUST-3340,ORD-9823,2022-10-31,North America,Mid Value,3,121.02,363.05,236.88,25.85,100.31
CUST-6289,ORD-9824,2022-11-01,Africa,High Value,3,376.75,1130.26,763.05,67.31,299.9
CUST-1597,ORD-9825,2022-10-17,North America,High Value,1,304.32,304.32,204.65,47.37,52.3
CUST-9836,ORD-9826,2022-07-27,North America,High Value,2,451.18,902.37,547.45,61.58,293.34
CUST-8145,ORD-9827,2023-08-05,North America,Low Value,4,334.41,1337.66,777.27,60.9,499.48
CUST-3902,ORD-9828,2023-01-05,North America,High Value,1,28.08,28.08,18.26,64.12,-54.3
CUST-7645,ORD-9829,2022-08-08,North America,Low Value,2,483.99,967.99,509.84,70.19,387.96
CUST-9955,ORD-9830,2022-08-19,North America,Low Value,5,304.69,1523.47,974.23,73.96,475.28
CUST-8694,ORD-9831,2022-12-15,Europe,High Value,2,306.02,612.04,352.86,33.77,225.41
CUST-5830,ORD-9832,2022-09-12,Asia,Mid Value,2,456.45,912.89,439.02,38.28,435.59
CUST-8546,ORD-9833,2023-03-28,Europe,Mid Value,2,338.63,677.26,432.24,8.75,236.27
CUST-8368,ORD-9834,2022-05-22,North America,Low Value,1,250.07,250.07,153.07,74.43,22.57
CUST-3160,ORD-9835,2022-03-10,Asia,Low Value,2,71.5,142.99,67.29,49.04,26.66
CUST-6878,ORD-9836,2022-03-30,Asia,Low Value,2,481.86,963.71,542.18,58.42,363.11
CUST-8663,ORD-9837,2022-05-16,Africa,Mid Value,5,57.67,288.37,164.84,37.7,85.83
CUST-4749,ORD-9838,2023-10-17,North America,Low Value,5,101.74,508.72,312.04,40.54,156.14
CUST-3922,ORD-9839,2023-11-30,North America,Low Value,3,413.38,1240.13,768.41,45.74,425.98
CUST-7486,ORD-9840,2023-06-07,Europe,Mid Value,1,255.39,255.39,127.09,64.65,63.65
CUST-9112,ORD-9841,2023-10-22,Asia,High Value,2,105.57,211.14,96.79,50.97,63.37
CUST-9771,ORD-9842,2023-03-18,Asia,Mid Value,3,157.36,472.07,306.15,65.84,100.08
CUST-4804,ORD-9843,2022-02-07,North America,High Value,3,497.13,1491.38,1037.1,21.25,433.03
CUST-5878,ORD-9844,2022-07-27,Africa,High Value,1,300.33,300.33,205.78,20.44,74.11
CUST-3368,ORD-9845,2022-07-29,North America,Low Value,3,212.77,638.32,367.16,20.51,250.65
CUST-9093,ORD-9846,2023-05-28,Asia,Low Value,3,440.58,1321.75,769.57,5.36,546.82
CUST-4932,ORD-9847,2022-12-26,Africa,High Value,1,250.25,250.25,170.83,18.43,60.99
CUST-6608,ORD-9848,2023-07-31,Africa,Low Value,4,167.81,671.24,393.37,13.91,263.96
CUST-7635,ORD-9849,2022-01-01,Asia,High Value,3,98.83,296.48,154.0,39.03,103.45
CUST-7395,ORD-9850,2023-01-16,North America,Low Value,5,377.35,1886.73,1168.63,14.54,703.55
CUST-7101,ORD-9851,2023-06-21,North America,Mid Value,3,306.19,918.56,522.94,36.19,359.44
CUST-6531,ORD-9852,2023-01-29,North America,High Value,1,64.33,64.33,41.57,79.96,-57.21
CUST-5970,ORD-9853,2022-02-19,Europe,High Value,1,303.99,303.99,196.32,42.75,64.91
CUST-7344,ORD-9854,2023-01-31,Europe,Low Value,4,96.54,386.15,264.12,74.35,47.68
CUST-9408,ORD-9855,2022-02-01,Africa,Mid Value,4,491.23,1964.9,951.91,57.64,955.35
CUST-1375,ORD-9856,2023-06-29,North America,Low Value,5,144.66,723.3,419.76,72.07,231.47
CUST-8887,ORD-9857,2023-12-13,Europe,Mid Value,5,354.09,1770.44,1144.53,51.92,573.99
CUST-2609,ORD-9858,2022-08-22,Africa,Low Value,3,334.9,1004.7,561.34,65.76,377.61
CUST-3939,ORD-9859,2022-01-26,Asia,High Value,4,351.85,1407.39,853.9,27.71,525.79
CUST-5062,ORD-9860,2023-07-08,Asia,Mid Value,5,226.4,1131.99,740.61,32.89,358.48
CUST-2613,ORD-9861,2023-03-10,North America,Mid Value,3,55.68,167.04,94.93,77.02,-4.92
CUST-7578,ORD-9862,2022-03-02,Asia,Low Value,2,490.4,980.81,541.47,25.07,414.27
CUST-8851,ORD-9863,2023-07-07,Asia,Mid Value,3,111.93,335.8,166.27,36.6,132.93
CUST-4679,ORD-9864,2023-03-17,Asia,Low Value,5,389.47,1947.33,1277.72,53.84,615.78
CUST-8540,ORD-9865,2022-05-10,Africa,Mid Value,3,86.04,258.11,167.5,34.43,56.18
CUST-8074,ORD-9866,2022-12-20,Asia,Low Value,2,154.97,309.95,197.06,6.57,106.32
CUST-4996,ORD-9867,2022-07-17,Asia,Low Value,5,288.75,1443.73,791.64,64.42,587.67
CUST-5786,ORD-9868,2023-10-25,Africa,Low Value,3,218.47,655.4,390.48,30.17,234.74
CUST-6695,ORD-9869,2023-12-17,Europe,High Value,5,479.97,2399.84,1154.31,22.07,1223.45
CUST-7998,ORD-9870,2023-11-25,Africa,Mid Value,3,426.89,1280.67,678.6,42.92,559.15
CUST-3366,ORD-9871,2023-01-06,Europe,High Value,1,462.46,462.46,258.46,5.63,198.37
CUST-7764,ORD-9872,2023-12-20,Africa,High Value,5,327.53,1637.67,754.78,69.79,813.1
CUST-9976,ORD-9873,2022-05-27,North America,High Value,5,125.08,625.4,297.62,24.6,303.17
CUST-2614,ORD-9874,2023-12-17,Asia,High Value,5,268.88,1344.4,883.85,74.21,386.34
CUST-5555,ORD-9875,2023-05-13,Europe,Mid Value,5,387.46,1937.28,1342.15,55.83,539.3
CUST-3416,ORD-9876,2022-02-17,Africa,Mid Value,3,51.06,153.19,81.27,46.15,25.78
CUST-8288,ORD-9877,2023-10-13,Europe,High Value,4,434.3,1737.18,828.09,65.47,843.63
CUST-7862,ORD-9878,2022-06-21,Europe,Mid Value,3,323.05,969.15,662.75,79.49,226.9
CUST-4653,ORD-9879,2023-09-05,Asia,Mid Value,2,367.31,734.63,498.5,23.84,212.29
CUST-7639,ORD-9880,2023-11-30,Europe,Low Value,1,353.26,353.26,216.78,31.63,104.85
CUST-1496,ORD-9881,2022-11-11,Africa,Mid Value,3,426.93,1280.78,684.76,41.33,554.68
CUST-1504,ORD-9882,2023-01-11,North America,High Value,3,62.01,186.03,88.95,45.46,51.62
CUST-8699,ORD-9883,2023-06-17,North America,Mid Value,5,200.98,1004.91,688.23,46.47,270.2
CUST-6733,ORD-9884,2023-02-24,Asia,High Value,2,261.26,522.51,355.36,46.17,120.98
CUST-9055,ORD-9885,2023-01-31,Africa,Mid Value,5,282.37,1411.83,897.64,67.12,447.07
CUST-4216,ORD-9886,2023-06-06,Africa,High Value,5,472.43,2362.13,1614.45,35.35,712.34
CUST-6688,ORD-9887,2022-07-06,North America,Mid Value,4,40.38,161.53,78.33,5.82,77.38
CUST-5364,ORD-9888,2023-10-07,Africa,Mid Value,1,435.87,435.87,208.05,70.68,157.15
CUST-7042,ORD-9889,2022-02-02,Europe,Mid Value,4,284.91,1139.65,567.56,54.67,517.42
CUST-2477,ORD-9890,2022-03-10,Asia,High Value,5,286.22,1431.11,721.1,19.21,690.8
CUST-5960,ORD-9891,2023-08-15,North America,Low Value,1,173.76,173.76,114.12,7.22,52.42
CUST-3397,ORD-9892,2022-07-10,Asia,High Value,3,328.94,986.81,671.46,28.68,286.67
CUST-9301,ORD-9893,2022-04-11,Europe,Mid Value,2,330.28,660.56,332.85,14.33,313.37
CUST-9841,ORD-9894,2023-04-30,North America,High Value,4,110.86,443.44,250.84,72.26,120.34
CUST-7194,ORD-9895,2022-10-12,Africa,Mid Value,2,344.96,689.93,388.86,25.84,275.23
CUST-8570,ORD-9896,2023-01-25,Africa,Mid Value,5,148.02,740.1,365.95,57.92,316.22
CUST-8730,ORD-9897,2023-07-19,Europe,Low Value,1,350.62,350.62,232.58,54.35,63.69
CUST-2499,ORD-9898,2022-06-09,North America,Mid Value,3,313.73,941.2,546.48,58.55,336.17
CUST-8235,ORD-9899,2023-07-08,Asia,Mid Value,1,363.66,363.66,215.12,44.75,103.78
CUST-1595,ORD-9900,2022-02-16,North America,Mid Value,2,29.46,58.91,30.32,59.73,-31.13
CUST-1978,ORD-9901,2022-06-08,Africa,Low Value,2,80.18,160.35,94.57,43.43,22.35
CUST-1730,ORD-9902,2023-03-22,North America,High Value,3,423.3,1269.89,823.06,33.32,413.51
CUST-1056,ORD-9903,2023-11-27,North America,Low Value,3,202.75,608.24,320.08,69.38,218.78
CUST-3243,ORD-9904,2023-06-07,Africa,High Value,1,421.62,421.62,201.67,39.4,180.55
CUST-6879,ORD-9905,2023-10-28,Africa,Mid Value,4,50.08,200.33,119.4,47.6,33.33
CUST-2701,ORD-9906,2022-06-04,Asia,High Value,1,389.3,389.3,237.07,39.88,112.36
CUST-8229,ORD-9907,2022-12-05,North America,High Value,2,60.21,120.42,60.27,63.16,-3.02
CUST-2286,ORD-9908,2022-12-31,Africa,High Value,1,244.8,244.8,125.35,45.48,73.96
CUST-9303,ORD-9909,2023-11-30,Europe,High Value,5,470.04,2350.18,1147.51,40.31,1162.35
CUST-1947,ORD-9910,2023-07-28,Africa,Mid Value,1,57.29,57.29,38.97,24.34,-6.03
CUST-5121,ORD-9911,2022-05-28,Asia,Low Value,1,188.32,188.32,94.77,73.37,20.18
CUST-7553,ORD-9912,2022-05-24,Asia,High Value,5,268.81,1344.04,608.39,69.74,665.91
CUST-1757,ORD-9913,2022-04-13,Europe,Mid Value,2,451.74,903.48,596.33,37.36,269.79
CUST-6651,ORD-9914,2022-04-03,Asia,Mid Value,3,179.65,538.95,350.76,54.48,133.72
CUST-8273,ORD-9915,2022-10-13,North America,Mid Value,1,407.38,407.38,229.82,43.11,134.45
CUST-4535,ORD-9916,2023-02-28,Asia,Mid Value,4,364.72,1458.89,947.24,18.21,493.43
CUST-3293,ORD-9917,2022-04-29,Europe,High Value,3,167.39,502.18,282.43,33.2,186.55
CUST-2104,ORD-9918,2022-01-29,Asia,Low Value,4,183.59,734.36,371.68,68.99,293.69
CUST-9853,ORD-9919,2023-05-26,Europe,Mid Value,1,111.69,111.69,62.15,64.81,-15.28
CUST-1908,ORD-9920,2022-01-30,Asia,Low Value,4,352.62,1410.49,806.4,12.69,591.4
CUST-7539,ORD-9921,2023-01-01,Africa,Low Value,3,290.29,870.87,393.85,10.65,466.37
CUST-5617,ORD-9922,2022-05-18,Europe,Low Value,4,94.38,377.51,180.57,69.01,127.92
CUST-8069,ORD-9923,2023-04-20,Asia,Mid Value,4,317.63,1270.53,849.6,72.45,348.49
CUST-3311,ORD-9924,2023-07-17,North America,Mid Value,3,259.35,778.06,426.46,27.07,324.53
CUST-1789,ORD-9925,2023-01-27,Europe,Mid Value,3,64.44,193.33,103.02,31.2,59.11
CUST-1171,ORD-9926,2023-03-11,Europe,Low Value,3,477.78,1433.33,963.33,30.19,439.82
CUST-8989,ORD-9927,2022-08-22,Asia,Mid Value,3,420.68,1262.05,616.69,14.52,630.84
CUST-2885,ORD-9928,2022-02-24,Africa,Mid Value,5,54.09,270.46,136.38,60.88,73.2
CUST-9667,ORD-9929,2022-10-19,Africa,Low Value,1,467.01,467.01,306.82,32.76,127.43
CUST-2049,ORD-9930,2022-11-08,Asia,Mid Value,3,460.01,1380.02,717.49,67.72,594.81
CUST-5129,ORD-9931,2023-07-02,Asia,High Value,2,40.25,80.5,48.97,70.89,-39.36
CUST-2161,ORD-9932,2022-03-30,North America,High Value,4,116.71,466.84,296.39,73.46,96.99
CUST-1815,ORD-9933,2022-07-31,Asia,High Value,3,357.16,1071.47,541.82,66.35,463.3
CUST-4766,ORD-9934,2022-11-14,Europe,High Value,3,468.6,1405.79,721.66,64.17,619.95
CUST-9945,ORD-9935,2023-04-10,Asia,Low Value,1,415.1,415.1,240.37,38.71,136.01
CUST-5661,ORD-9936,2022-03-28,North America,Mid Value,3,155.31,465.93,301.95,7.02,156.96
CUST-9653,ORD-9937,2023-02-13,Asia,High Value,5,36.05,180.25,106.1,13.4,60.75
CUST-4239,ORD-9938,2022-08-28,Asia,High Value,2,246.99,493.97,230.6,44.82,218.55
CUST-9272,ORD-9939,2023-12-01,Europe,Mid Value,2,64.14,128.28,68.98,32.0,27.3
CUST-3804,ORD-9940,2022-02-26,Africa,Low Value,3,137.74,413.23,220.11,67.18,125.94
CUST-9031,ORD-9941,2022-04-23,Asia,High Value,1,327.25,327.25,213.33,47.24,66.68
CUST-1869,ORD-9942,2022-03-11,North America,Mid Value,3,257.61,772.83,403.74,12.41,356.68
CUST-6526,ORD-9943,2023-11-23,Asia,Mid Value,4,200.83,803.3,542.47,40.89,219.94
CUST-8741,ORD-9944,2022-07-03,Asia,High Value,2,466.38,932.76,497.86,66.65,368.26
CUST-5694,ORD-9945,2023-12-04,Europe,High Value,4,112.62,450.5,224.58,69.73,156.18
CUST-9998,ORD-9946,2022-10-03,Africa,Mid Value,5,253.99,1269.95,742.9,17.45,509.59
CUST-2934,ORD-9947,2022-08-21,Africa,Mid Value,2,295.28,590.56,322.8,12.52,255.24
CUST-6172,ORD-9948,2022-02-23,Africa,High Value,2,174.53,349.06,213.59,34.02,101.45
CUST-1703,ORD-9949,2022-09-14,Asia,High Value,5,358.54,1792.71,1217.12,9.91,565.68
CUST-3523,ORD-9950,2022-03-31,Europe,High Value,4,436.29,1745.18,1195.78,59.48,489.91
CUST-3639,ORD-9951,2023-10-25,Europe,High Value,3,279.91,839.73,425.61,38.56,375.56
CUST-7159,ORD-9952,2023-03-11,Asia,Low Value,1,395.04,395.04,193.79,19.87,181.38
CUST-4909,ORD-9953,2023-09-17,Europe,Mid Value,4,49.26,197.05,134.97,12.69,49.39
CUST-2164,ORD-9954,2023-02-12,Africa,High Value,5,93.82,469.08,306.36,74.55,88.17
CUST-1619,ORD-9955,2022-09-26,Europe,Mid Value,5,241.77,1208.86,623.07,8.23,577.56
CUST-8982,ORD-9956,2023-10-31,Asia,High Value,5,462.09,2310.45,1504.65,12.34,793.45
CUST-4066,ORD-9957,2023-01-01,Asia,Low Value,2,275.16,550.33,349.6,22.57,178.16
CUST-5872,ORD-9958,2022-12-17,North America,Mid Value,3,227.51,682.52,350.4,12.1,320.02
CUST-9638,ORD-9959,2022-10-26,North America,Low Value,2,308.05,616.1,416.76,53.32,146.02
CUST-3337,ORD-9960,2022-06-08,Europe,Mid Value,2,79.74,159.49,84.6,21.37,53.52
CUST-9400,ORD-9961,2023-05-02,Europe,Low Value,2,333.77,667.53,380.52,40.99,246.01
CUST-6594,ORD-9962,2023-06-10,Asia,High Value,5,65.13,325.65,196.14,69.52,59.99
CUST-3460,ORD-9963,2022-12-21,North America,High Value,4,296.86,1187.44,591.13,66.86,529.46
CUST-7820,ORD-9964,2023-09-13,North America,Low Value,1,362.91,362.91,218.77,15.97,128.17
CUST-6546,ORD-9965,2023-02-05,Africa,High Value,1,217.52,217.52,136.29,11.65,69.58
CUST-4442,ORD-9966,2023-02-09,Africa,Low Value,3,457.23,1371.7,652.09,54.82,664.79
CUST-3711,ORD-9967,2022-04-06,Asia,Low Value,3,92.98,278.93,151.97,20.77,106.18
CUST-2291,ORD-9968,2023-12-08,Asia,Mid Value,5,102.06,510.3,307.72,63.61,138.97
CUST-6374,ORD-9969,2023-07-24,Asia,Low Value,1,268.12,268.12,182.74,37.59,47.79
CUST-3655,ORD-9970,2023-01-27,Asia,Mid Value,4,467.19,1868.78,1257.21,16.59,594.98
CUST-7513,ORD-9971,2022-12-18,North America,Low Value,5,207.54,1037.68,510.97,78.07,448.64
CUST-8394,ORD-9972,2023-10-28,Asia,Mid Value,3,464.67,1394.02,840.07,9.17,544.77
CUST-1704,ORD-9973,2023-07-30,Asia,Mid Value,5,352.87,1764.34,837.19,14.32,912.83
CUST-1825,ORD-9974,2023-11-01,North America,High Value,3,395.63,1186.88,621.3,65.9,499.68
CUST-1376,ORD-9975,2023-09-25,Africa,Mid Value,1,470.18,470.18,281.79,38.95,149.44
CUST-1972,ORD-9976,2022-10-15,Asia,Mid Value,5,294.72,1473.59,693.09,75.35,705.14
CUST-5213,ORD-9977,2023-06-07,Africa,Low Value,2,327.99,655.99,440.96,13.47,201.55
CUST-1443,ORD-9978,2023-12-27,North America,Mid Value,3,297.92,893.75,587.41,16.77,289.56
CUST-8519,ORD-9979,2022-06-11,Africa,High Value,2,396.73,793.46,450.96,5.14,337.36
CUST-1754,ORD-9980,2023-09-09,North America,Low Value,3,151.24,453.71,259.95,21.28,172.48
CUST-5735,ORD-9981,2023-10-21,Asia,Mid Value,2,398.26,796.53,533.94,54.29,208.29
CUST-6396,ORD-9982,2022-07-01,Africa,Low Value,1,362.5,362.5,167.7,59.25,135.56
CUST-4465,ORD-9983,2023-07-03,Asia,Low Value,1,308.99,308.99,150.16,37.25,121.59
CUST-3711,ORD-9984,2022-03-23,Europe,Low Value,4,38.62,154.48,81.41,24.3,48.77
CUST-3407,ORD-9985,2023-06-08,Europe,Low Value,4,391.78,1567.12,847.96,58.72,660.43
CUST-9814,ORD-9986,2022-01-04,Africa,Low Value,4,83.56,334.26,232.93,17.95,83.38
CUST-6588,ORD-9987,2023-05-10,North America,Mid Value,5,481.75,2408.73,1172.73,62.53,1173.47
CUST-7104,ORD-9988,2023-07-09,Africa,Low Value,3,59.12,177.35,93.25,63.99,20.11
CUST-6747,ORD-9989,2022-02-20,North America,Low Value,5,365.73,1828.66,1201.41,38.08,589.17
CUST-2723,ORD-9990,2022-09-18,Europe,High Value,4,193.0,772.02,498.79,19.52,253.71
CUST-8224,ORD-9991,2022-05-14,North America,High Value,3,373.13,1119.39,686.98,52.24,380.18
CUST-2919,ORD-9992,2023-08-22,Europe,Low Value,5,269.1,1345.49,715.98,69.01,560.49
CUST-1918,ORD-9993,2022-12-28,Africa,Mid Value,1,322.16,322.16,154.46,44.71,122.99
CUST-5215,ORD-9994,2023-07-22,Asia,High Value,3,56.21,168.63,117.35,39.58,11.7
CUST-1581,ORD-9995,2022-08-05,Asia,High Value,4,483.91,1935.64,992.71,78.44,864.49
CUST-4881,ORD-9996,2022-03-09,Asia,Low Value,1,21.85,21.85,14.44,45.31,-37.9
CUST-4909,ORD-9997,2023-07-10,North America,Mid Value,3,471.76,1415.27,953.54,7.57,454.16
CUST-2999,ORD-9998,2022-05-23,Asia,Mid Value,5,292.76,1463.8,820.06,42.65,601.09
CUST-1400,ORD-9999,2022-12-12,North America,High Value,4,143.97,575.88,381.64,38.4,155.84
